transaction_id,date,time_of_day,customer_age,customer_gender,occasion,product_name,category,quantity,unit_price,total_item_price,total_spent
1,2024-06-22,afternoon,38,male,holiday,Paint,General,1,181.31,181.31,150.31
1,2024-06-22,evening,41,female,weekend,Nails,General,2,24.33,48.66,150.31
2,2024-06-09,morning,78,male,holiday,Drill Bit,General,5,925.38,4626.9,150.02
2,2024-06-09,evening,71,male,holiday,Sandpaper,General,2,564.46,1128.92,150.02
2,2024-06-09,evening,72,male,weekend,Tape,General,4,479.76,1919.04,150.02
2,2024-06-09,evening,78,male,daily_needs,Drill Bit,General,5,306.64,1533.2,150.02
3,2024-05-11,evening,64,female,holiday,Wood,General,4,214.45,857.8,412.09
3,2024-05-11,morning,18,female,daily_needs,Screws,General,1,67.09,67.09,412.09
4,2024-04-19,morning,30,female,holiday,Saw,General,4,232.27,929.08,371.12
4,2024-04-19,morning,40,female,holiday,Nut,General,4,985.75,3943.0,371.12
4,2024-04-19,morning,66,female,daily_needs,Nut,General,5,590.91,2954.55,371.12
5,2024-05-31,afternoon,41,female,weekend,Tape,General,4,414.58,1658.32,282.1
6,2024-05-08,evening,57,female,holiday,Ruler,General,2,210.88,421.76,411.59
7,2024-04-03,evening,63,female,daily_needs,Screws,General,3,946.08,2838.24,494.57
8,2024-05-19,morning,67,female,holiday,Drill,General,2,144.64,289.28,135.3
8,2024-05-19,morning,66,female,daily_needs,Bolt,General,1,469.48,469.48,135.3
8,2024-05-19,afternoon,62,female,weekend,Nut,General,2,432.91,865.82,135.3
9,2024-04-15,afternoon,68,male,daily_needs,Drill Bit,General,3,56.4,169.2,380.84
9,2024-04-15,morning,22,female,holiday,Ruler,General,2,430.68,861.36,380.84
9,2024-04-15,morning,50,male,daily_needs,Brush,General,3,569.31,1707.93,380.84
10,2024-04-27,afternoon,76,female,holiday,Sandpaper,General,5,920.14,4600.7,181.32
10,2024-04-27,afternoon,36,male,weekend,Sandpaper,General,1,608.12,608.12,181.32
10,2024-04-27,morning,36,female,weekend,Bolt,General,1,821.84,821.84,181.32
11,2024-05-20,evening,50,female,holiday,Brush,General,3,685.2,2055.6,196.03
11,2024-05-20,morning,19,male,daily_needs,Sandpaper,General,2,820.94,1641.88,196.03
12,2024-05-23,afternoon,27,male,weekend,Brush,General,5,346.41,1732.05,443.32
12,2024-05-23,evening,75,male,holiday,Sandpaper,General,2,304.3,608.6,443.32
12,2024-05-23,morning,69,male,holiday,Drill Bit,General,2,40.38,80.76,443.32
12,2024-05-23,afternoon,60,male,daily_needs,Saw,General,4,794.11,3176.44,443.32
13,2024-05-11,evening,19,female,weekend,Drill,General,2,505.6,1011.2,145.82
14,2024-06-23,evening,21,male,daily_needs,Paint,General,4,848.12,3392.48,463.83
14,2024-06-23,afternoon,56,male,daily_needs,Nails,General,1,75.73,75.73,463.83
15,2024-04-05,evening,70,male,daily_needs,Wood,General,4,530.62,2122.48,390.85
16,2024-05-10,morning,51,male,weekend,Wrench,General,3,83.18,249.54,317.5
17,2024-06-16,evening,61,male,holiday,Wrench,General,2,68.38,136.76,205.0
17,2024-06-16,morning,58,female,weekend,Brush,General,1,257.59,257.59,205.0
18,2024-05-24,morning,52,male,holiday,Tape,General,1,157.52,157.52,154.84
18,2024-05-24,evening,45,male,weekend,Ruler,General,5,317.04,1585.2,154.84
18,2024-05-24,afternoon,75,female,weekend,Ruler,General,1,874.38,874.38,154.84
18,2024-05-24,evening,32,male,daily_needs,Hammer,General,3,687.26,2061.78,154.84
19,2024-04-28,morning,73,female,weekend,Drill Bit,General,2,612.57,1225.14,347.49
19,2024-04-28,afternoon,80,male,daily_needs,Wood,General,5,987.69,4938.45,347.49
20,2024-05-10,evening,45,male,weekend,Brush,General,3,654.69,1964.07,402.99
20,2024-05-10,morning,43,female,weekend,Sandpaper,General,1,518.91,518.91,402.99
21,2024-06-01,morning,60,male,weekend,Drill Bit,General,2,443.79,887.58,310.39
21,2024-06-01,evening,60,female,daily_needs,Nails,General,4,881.52,3526.08,310.39
21,2024-06-01,evening,28,female,weekend,Screws,General,5,175.74,878.7,310.39
21,2024-06-01,afternoon,45,female,weekend,Wood,General,5,30.97,154.85,310.39
22,2024-06-29,afternoon,59,female,daily_needs,Brush,General,3,185.63,556.89,320.12
22,2024-06-29,evening,56,male,weekend,Saw,General,5,592.06,2960.3,320.12
23,2024-05-11,morning,38,female,holiday,Sandpaper,General,4,475.56,1902.24,273.53
24,2024-06-17,afternoon,36,male,holiday,Ruler,General,2,913.89,1827.78,247.74
24,2024-06-17,evening,52,male,weekend,Hammer,General,1,920.09,920.09,247.74
24,2024-06-17,afternoon,25,female,daily_needs,Drill Bit,General,4,343.07,1372.28,247.74
24,2024-06-17,evening,55,male,holiday,Nails,General,2,598.43,1196.86,247.74
25,2024-05-16,afternoon,69,male,holiday,Wood,General,4,98.67,394.68,145.66
25,2024-05-16,afternoon,51,female,daily_needs,Hammer,General,3,778.39,2335.17,145.66
25,2024-05-16,morning,63,male,weekend,Saw,General,5,709.93,3549.65,145.66
25,2024-05-16,morning,51,female,holiday,Ruler,General,4,362.59,1450.36,145.66
26,2024-05-30,evening,32,male,daily_needs,Bolt,General,2,37.66,75.32,140.67
27,2024-04-20,evening,18,male,holiday,Wood,General,4,838.9,3355.6,114.45
27,2024-04-20,afternoon,28,male,weekend,Nut,General,5,357.74,1788.7,114.45
27,2024-04-20,morning,28,male,daily_needs,Brush,General,5,226.6,1133.0,114.45
28,2024-04-16,afternoon,28,male,daily_needs,Tape,General,4,646.16,2584.64,107.93
29,2024-04-18,morning,75,female,holiday,Wrench,General,4,156.11,624.44,380.7
29,2024-04-18,evening,46,female,daily_needs,Sandpaper,General,3,994.26,2982.78,380.7
29,2024-04-18,evening,69,female,weekend,Drill Bit,General,1,810.62,810.62,380.7
30,2024-05-06,afternoon,78,female,weekend,Nut,General,4,270.6,1082.4,388.14
30,2024-05-06,evening,75,female,daily_needs,Paint,General,3,268.09,804.27,388.14
30,2024-05-06,afternoon,32,female,weekend,Wrench,General,1,295.07,295.07,388.14
31,2024-06-23,evening,80,female,weekend,Drill Bit,General,5,214.65,1073.25,399.02
31,2024-06-23,afternoon,50,male,weekend,Wood,General,2,668.12,1336.24,399.02
31,2024-06-23,afternoon,59,female,holiday,Screws,General,4,835.48,3341.92,399.02
31,2024-06-23,morning,45,female,weekend,Wood,General,3,255.53,766.59,399.02
32,2024-04-04,afternoon,41,female,daily_needs,Drill Bit,General,5,903.07,4515.35,216.29
32,2024-04-04,morning,67,female,holiday,Wood,General,2,663.75,1327.5,216.29
32,2024-04-04,evening,34,female,daily_needs,Ruler,General,4,996.88,3987.52,216.29
32,2024-04-04,evening,39,male,weekend,Hammer,General,3,332.74,998.22,216.29
33,2024-04-08,evening,20,male,holiday,Saw,General,4,474.21,1896.84,393.13
33,2024-04-08,morning,21,female,daily_needs,Saw,General,2,919.41,1838.82,393.13
33,2024-04-08,evening,66,male,holiday,Hammer,General,4,457.9,1831.6,393.13
34,2024-06-02,evening,38,female,holiday,Tape,General,3,673.62,2020.86,487.8
34,2024-06-02,morning,33,male,daily_needs,Brush,General,2,348.38,696.76,487.8
35,2024-05-15,afternoon,20,male,holiday,Wrench,General,1,313.9,313.9,237.4
36,2024-06-24,evening,24,female,daily_needs,Paint,General,2,887.02,1774.04,155.71
36,2024-06-24,afternoon,56,female,holiday,Nut,General,2,827.88,1655.76,155.71
37,2024-06-02,morning,23,male,daily_needs,Screws,General,2,663.68,1327.36,330.44
37,2024-06-02,afternoon,73,male,weekend,Paint,General,2,887.22,1774.44,330.44
37,2024-06-02,afternoon,27,female,holiday,Brush,General,2,810.0,1620.0,330.44
38,2024-05-15,evening,21,female,weekend,Drill,General,5,208.59,1042.95,385.96
39,2024-05-15,afternoon,39,male,weekend,Nut,General,4,977.26,3909.04,419.27
39,2024-05-15,evening,23,male,weekend,Nails,General,1,487.1,487.1,419.27
39,2024-05-15,afternoon,40,female,weekend,Tape,General,2,694.87,1389.74,419.27
40,2024-06-29,afternoon,26,female,daily_needs,Wood,General,1,427.42,427.42,179.92
41,2024-05-27,afternoon,24,male,daily_needs,Nut,General,3,833.85,2501.55,249.82
41,2024-05-27,afternoon,64,male,weekend,Saw,General,1,190.32,190.32,249.82
41,2024-05-27,afternoon,19,female,holiday,Nails,General,5,976.19,4880.95,249.82
42,2024-06-23,afternoon,28,male,holiday,Bolt,General,1,435.42,435.42,193.62
42,2024-06-23,evening,71,female,daily_needs,Hammer,General,2,924.49,1848.98,193.62
42,2024-06-23,evening,39,male,weekend,Wrench,General,4,942.2,3768.8,193.62
42,2024-06-23,afternoon,39,male,holiday,Paint,General,5,825.08,4125.4,193.62
43,2024-06-09,morning,76,female,weekend,Drill,General,1,948.69,948.69,480.91
43,2024-06-09,morning,35,male,holiday,Drill Bit,General,5,539.98,2699.9,480.91
44,2024-04-05,evening,40,male,holiday,Saw,General,2,76.04,152.08,247.72
44,2024-04-05,morning,43,female,weekend,Hammer,General,2,561.92,1123.84,247.72
44,2024-04-05,evening,33,male,daily_needs,Saw,General,2,481.95,963.9,247.72
45,2024-05-18,afternoon,47,male,holiday,Bolt,General,1,128.0,128.0,232.49
45,2024-05-18,evening,19,female,holiday,Saw,General,2,897.39,1794.78,232.49
45,2024-05-18,evening,72,male,holiday,Saw,General,2,447.16,894.32,232.49
45,2024-05-18,evening,41,male,daily_needs,Drill Bit,General,1,691.96,691.96,232.49
46,2024-04-21,afternoon,25,male,weekend,Hammer,General,4,164.14,656.56,333.82
46,2024-04-21,evening,77,female,holiday,Screws,General,4,905.18,3620.72,333.82
46,2024-04-21,afternoon,69,male,weekend,Drill,General,2,519.05,1038.1,333.82
46,2024-04-21,afternoon,27,male,holiday,Hammer,General,5,499.39,2496.95,333.82
47,2024-06-19,morning,24,male,weekend,Bolt,General,1,791.11,791.11,277.06
47,2024-06-19,evening,47,female,weekend,Nails,General,1,371.81,371.81,277.06
48,2024-06-12,afternoon,18,female,holiday,Saw,General,3,853.43,2560.29,396.19
48,2024-06-12,evening,23,female,daily_needs,Hammer,General,3,288.68,866.04,396.19
48,2024-06-12,morning,18,male,daily_needs,Screws,General,4,747.55,2990.2,396.19
48,2024-06-12,evening,33,female,holiday,Bolt,General,1,889.31,889.31,396.19
49,2024-05-10,morning,28,female,holiday,Brush,General,4,766.01,3064.04,118.89
49,2024-05-10,evening,67,male,weekend,Hammer,General,5,785.25,3926.25,118.89
49,2024-05-10,morning,35,female,holiday,Wrench,General,4,685.83,2743.32,118.89
50,2024-05-09,evening,63,male,daily_needs,Tape,General,4,550.87,2203.48,138.5
51,2024-04-10,evening,60,male,weekend,Screws,General,1,67.5,67.5,400.14
51,2024-04-10,morning,33,male,weekend,Brush,General,1,118.54,118.54,400.14
52,2024-05-10,morning,18,male,daily_needs,Wood,General,5,185.68,928.4,418.44
52,2024-05-10,morning,20,male,holiday,Wrench,General,1,883.85,883.85,418.44
53,2024-06-26,evening,25,female,daily_needs,Brush,General,1,252.81,252.81,326.14
53,2024-06-26,evening,61,male,holiday,Wrench,General,4,990.55,3962.2,326.14
53,2024-06-26,evening,42,male,weekend,Wrench,General,5,600.66,3003.3,326.14
53,2024-06-26,afternoon,59,female,weekend,Sandpaper,General,2,65.25,130.5,326.14
54,2024-04-03,morning,23,female,holiday,Wrench,General,1,784.93,784.93,486.61
54,2024-04-03,morning,47,male,weekend,Drill,General,3,569.42,1708.26,486.61
54,2024-04-03,morning,68,female,daily_needs,Screws,General,2,469.6,939.2,486.61
55,2024-06-07,morning,66,male,holiday,Tape,General,1,629.77,629.77,419.42
55,2024-06-07,afternoon,41,female,weekend,Brush,General,5,483.16,2415.8,419.42
55,2024-06-07,evening,43,female,weekend,Brush,General,1,608.04,608.04,419.42
56,2024-05-29,afternoon,23,male,weekend,Sandpaper,General,1,694.34,694.34,370.29
56,2024-05-29,evening,44,male,weekend,Drill,General,5,367.29,1836.45,370.29
56,2024-05-29,morning,26,female,weekend,Drill Bit,General,4,553.02,2212.08,370.29
56,2024-05-29,morning,41,female,weekend,Drill,General,4,116.48,465.92,370.29
57,2024-06-09,evening,36,male,daily_needs,Wrench,General,2,233.07,466.14,362.11
57,2024-06-09,evening,66,female,holiday,Brush,General,1,315.89,315.89,362.11
57,2024-06-09,afternoon,74,female,daily_needs,Sandpaper,General,4,220.7,882.8,362.11
57,2024-06-09,morning,18,female,holiday,Nails,General,1,809.43,809.43,362.11
58,2024-05-24,evening,37,male,holiday,Nut,General,1,387.1,387.1,218.21
59,2024-04-30,evening,43,female,daily_needs,Drill Bit,General,4,276.69,1106.76,110.89
60,2024-05-03,afternoon,42,female,holiday,Wood,General,4,928.43,3713.72,186.58
60,2024-05-03,evening,53,male,daily_needs,Hammer,General,3,550.46,1651.38,186.58
60,2024-05-03,afternoon,61,male,weekend,Wrench,General,2,696.29,1392.58,186.58
60,2024-05-03,morning,66,female,holiday,Screws,General,2,783.88,1567.76,186.58
61,2024-06-16,evening,59,male,weekend,Drill Bit,General,1,395.64,395.64,339.32
62,2024-05-06,morning,76,female,daily_needs,Brush,General,2,587.43,1174.86,132.78
63,2024-05-28,morning,50,male,weekend,Sandpaper,General,1,528.22,528.22,108.17
63,2024-05-28,evening,25,female,holiday,Bolt,General,4,658.96,2635.84,108.17
64,2024-06-01,evening,46,female,holiday,Sandpaper,General,3,590.0,1770.0,279.52
64,2024-06-01,evening,21,female,daily_needs,Drill Bit,General,2,124.33,248.66,279.52
64,2024-06-01,morning,25,female,holiday,Ruler,General,4,794.72,3178.88,279.52
65,2024-05-24,evening,65,male,holiday,Bolt,General,5,669.65,3348.25,497.96
65,2024-05-24,morning,45,male,weekend,Drill,General,3,418.25,1254.75,497.96
65,2024-05-24,morning,24,female,daily_needs,Ruler,General,1,184.8,184.8,497.96
66,2024-05-30,afternoon,46,male,holiday,Ruler,General,4,121.29,485.16,338.67
66,2024-05-30,evening,44,male,weekend,Drill Bit,General,5,516.97,2584.85,338.67
66,2024-05-30,morning,54,male,holiday,Ruler,General,5,655.3,3276.5,338.67
67,2024-06-14,afternoon,51,male,holiday,Hammer,General,1,768.34,768.34,357.2
68,2024-04-02,morning,45,female,weekend,Drill,General,2,132.62,265.24,188.72
68,2024-04-02,evening,30,female,daily_needs,Tape,General,2,95.34,190.68,188.72
68,2024-04-02,evening,73,female,weekend,Bolt,General,1,759.23,759.23,188.72
68,2024-04-02,morning,37,male,daily_needs,Sandpaper,General,2,609.35,1218.7,188.72
69,2024-05-08,evening,67,female,holiday,Drill,General,3,700.95,2102.85,461.52
69,2024-05-08,morning,61,male,daily_needs,Sandpaper,General,3,999.21,2997.63,461.52
69,2024-05-08,morning,56,male,daily_needs,Drill Bit,General,3,781.65,2344.95,461.52
70,2024-05-14,afternoon,69,female,daily_needs,Ruler,General,5,706.55,3532.75,173.7
71,2024-06-11,evening,65,female,weekend,Ruler,General,4,900.07,3600.28,461.84
72,2024-04-14,evening,30,female,daily_needs,Nails,General,5,407.26,2036.3,328.58
72,2024-04-14,afternoon,40,female,daily_needs,Ruler,General,2,728.86,1457.72,328.58
73,2024-06-11,afternoon,32,male,weekend,Brush,General,2,780.46,1560.92,341.24
73,2024-06-11,morning,75,female,holiday,Brush,General,5,668.25,3341.25,341.24
73,2024-06-11,afternoon,67,male,holiday,Bolt,General,4,701.85,2807.4,341.24
74,2024-05-10,evening,52,female,daily_needs,Nut,General,3,916.37,2749.11,112.84
74,2024-05-10,evening,57,male,holiday,Nails,General,4,493.79,1975.16,112.84
74,2024-05-10,morning,39,male,weekend,Brush,General,5,83.08,415.4,112.84
75,2024-04-27,evening,48,male,weekend,Sandpaper,General,1,488.65,488.65,154.43
75,2024-04-27,afternoon,60,male,holiday,Saw,General,1,712.22,712.22,154.43
76,2024-04-24,morning,59,male,holiday,Screws,General,3,112.18,336.54,346.69
76,2024-04-24,evening,32,male,weekend,Nut,General,2,201.13,402.26,346.69
76,2024-04-24,morning,45,female,weekend,Drill Bit,General,1,112.26,112.26,346.69
77,2024-06-09,evening,68,female,weekend,Saw,General,2,310.6,621.2,488.81
78,2024-05-05,evening,60,male,daily_needs,Wrench,General,3,259.76,779.28,434.71
78,2024-05-05,afternoon,18,female,weekend,Brush,General,3,707.52,2122.56,434.71
79,2024-04-12,evening,65,female,holiday,Nails,General,3,428.2,1284.6,209.59
80,2024-06-18,morning,37,female,weekend,Drill,General,5,548.37,2741.85,382.67
80,2024-06-18,morning,47,male,weekend,Saw,General,2,314.08,628.16,382.67
80,2024-06-18,afternoon,23,male,holiday,Drill Bit,General,2,397.83,795.66,382.67
81,2024-04-10,morning,59,male,weekend,Brush,General,3,624.17,1872.51,172.5
82,2024-06-13,morning,58,male,daily_needs,Sandpaper,General,4,716.9,2867.6,273.11
82,2024-06-13,evening,77,female,holiday,Screws,General,2,578.45,1156.9,273.11
83,2024-04-30,evening,42,male,holiday,Saw,General,1,838.07,838.07,350.05
83,2024-04-30,evening,68,male,holiday,Nut,General,1,839.06,839.06,350.05
84,2024-04-30,morning,35,male,weekend,Hammer,General,4,436.15,1744.6,171.07
84,2024-04-30,evening,30,female,weekend,Drill,General,2,809.83,1619.66,171.07
84,2024-04-30,evening,51,male,daily_needs,Saw,General,2,483.19,966.38,171.07
85,2024-04-14,afternoon,75,female,holiday,Hammer,General,5,445.96,2229.8,423.35
85,2024-04-14,afternoon,29,female,daily_needs,Wrench,General,5,193.06,965.3,423.35
85,2024-04-14,evening,78,male,holiday,Paint,General,3,40.41,121.23,423.35
85,2024-04-14,afternoon,31,female,daily_needs,Bolt,General,3,179.83,539.49,423.35
86,2024-06-11,evening,35,female,holiday,Ruler,General,1,263.76,263.76,270.77
86,2024-06-11,evening,73,female,weekend,Paint,General,2,336.26,672.52,270.77
86,2024-06-11,morning,71,female,weekend,Paint,General,1,273.44,273.44,270.77
87,2024-04-16,morning,20,female,weekend,Screws,General,5,518.49,2592.45,282.13
87,2024-04-16,afternoon,36,female,holiday,Brush,General,5,963.61,4818.05,282.13
88,2024-05-26,evening,52,female,weekend,Hammer,General,4,706.78,2827.12,283.03
88,2024-05-26,evening,19,female,holiday,Hammer,General,1,849.35,849.35,283.03
88,2024-05-26,evening,46,male,daily_needs,Hammer,General,2,802.45,1604.9,283.03
88,2024-05-26,afternoon,68,female,daily_needs,Paint,General,4,490.83,1963.32,283.03
89,2024-05-16,afternoon,64,female,daily_needs,Nut,General,3,95.04,285.12,391.19
89,2024-05-16,afternoon,78,male,holiday,Nails,General,4,501.57,2006.28,391.19
89,2024-05-16,afternoon,34,male,daily_needs,Saw,General,2,970.26,1940.52,391.19
89,2024-05-16,afternoon,57,female,holiday,Wood,General,3,38.27,114.81,391.19
90,2024-05-06,morning,59,female,weekend,Brush,General,5,795.17,3975.85,191.73
90,2024-05-06,afternoon,37,male,daily_needs,Ruler,General,3,903.22,2709.66,191.73
90,2024-05-06,evening,45,male,weekend,Ruler,General,5,596.07,2980.35,191.73
91,2024-05-13,morning,37,male,daily_needs,Paint,General,1,980.73,980.73,373.0
91,2024-05-13,morning,52,female,holiday,Sandpaper,General,4,749.68,2998.72,373.0
91,2024-05-13,afternoon,73,female,holiday,Tape,General,1,636.6,636.6,373.0
91,2024-05-13,morning,51,female,holiday,Drill,General,4,862.26,3449.04,373.0
92,2024-04-07,morning,38,female,daily_needs,Hammer,General,1,41.3,41.3,131.79
92,2024-04-07,morning,46,female,holiday,Paint,General,1,967.5,967.5,131.79
92,2024-04-07,evening,59,male,daily_needs,Tape,General,3,649.85,1949.55,131.79
92,2024-04-07,evening,73,female,daily_needs,Drill Bit,General,4,470.47,1881.88,131.79
93,2024-06-07,afternoon,21,male,weekend,Paint,General,4,163.75,655.0,478.14
93,2024-06-07,evening,45,male,weekend,Saw,General,3,227.06,681.18,478.14
93,2024-06-07,evening,34,female,holiday,Tape,General,5,389.97,1949.85,478.14
93,2024-06-07,evening,63,male,daily_needs,Nails,General,5,90.5,452.5,478.14
94,2024-04-20,morning,41,female,holiday,Brush,General,1,487.24,487.24,436.88
94,2024-04-20,morning,46,male,daily_needs,Drill Bit,General,4,315.42,1261.68,436.88
95,2024-05-16,afternoon,74,female,daily_needs,Nut,General,4,892.39,3569.56,255.25
95,2024-05-16,afternoon,46,female,holiday,Hammer,General,5,621.97,3109.85,255.25
95,2024-05-16,evening,76,female,weekend,Saw,General,4,966.86,3867.44,255.25
95,2024-05-16,afternoon,57,female,holiday,Saw,General,2,942.13,1884.26,255.25
96,2024-06-04,morning,55,female,daily_needs,Sandpaper,General,4,791.47,3165.88,451.27
96,2024-06-04,morning,79,male,weekend,Brush,General,4,431.49,1725.96,451.27
96,2024-06-04,afternoon,36,male,weekend,Ruler,General,2,42.08,84.16,451.27
97,2024-06-01,afternoon,40,male,weekend,Bolt,General,4,363.72,1454.88,219.22
97,2024-06-01,morning,38,female,daily_needs,Nut,General,2,78.21,156.42,219.22
97,2024-06-01,evening,21,male,holiday,Wrench,General,1,579.56,579.56,219.22
97,2024-06-01,afternoon,65,male,weekend,Paint,General,4,369.93,1479.72,219.22
98,2024-06-04,morning,65,female,holiday,Saw,General,3,259.28,777.84,493.28
98,2024-06-04,afternoon,59,female,weekend,Drill,General,3,954.75,2864.25,493.28
99,2024-04-26,afternoon,45,male,holiday,Nut,General,1,864.47,864.47,114.73
99,2024-04-26,afternoon,19,male,daily_needs,Hammer,General,2,818.63,1637.26,114.73
100,2024-06-14,afternoon,22,male,holiday,Wrench,General,5,511.83,2559.15,336.63
100,2024-06-14,afternoon,71,female,daily_needs,Nails,General,5,119.77,598.85,336.63
100,2024-06-14,afternoon,50,male,holiday,Sandpaper,General,3,413.76,1241.28,336.63
101,2024-04-10,evening,37,female,weekend,Brush,General,1,520.51,520.51,405.65
101,2024-04-10,afternoon,50,female,holiday,Hammer,General,3,726.14,2178.42,405.65
101,2024-04-10,evening,55,female,weekend,Nut,General,4,556.61,2226.44,405.65
102,2024-04-19,evening,41,male,weekend,Brush,General,3,978.39,2935.17,334.47
103,2024-04-03,afternoon,63,male,holiday,Drill,General,2,23.54,47.08,172.19
104,2024-04-24,afternoon,76,female,daily_needs,Paint,General,3,841.41,2524.23,372.16
104,2024-04-24,evening,52,female,daily_needs,Drill Bit,General,2,85.74,171.48,372.16
104,2024-04-24,morning,40,male,daily_needs,Drill Bit,General,1,541.3,541.3,372.16
104,2024-04-24,afternoon,20,female,weekend,Saw,General,4,870.26,3481.04,372.16
105,2024-04-28,afternoon,47,female,daily_needs,Saw,General,4,313.25,1253.0,220.98
106,2024-04-17,morning,38,female,weekend,Nails,General,1,931.42,931.42,398.52
107,2024-06-26,evening,32,female,holiday,Drill,General,3,992.27,2976.81,314.91
107,2024-06-26,evening,61,female,weekend,Saw,General,4,489.48,1957.92,314.91
108,2024-04-13,morning,80,male,weekend,Nails,General,5,680.83,3404.15,103.47
108,2024-04-13,afternoon,50,female,daily_needs,Saw,General,4,777.0,3108.0,103.47
109,2024-06-08,afternoon,31,female,holiday,Screws,General,1,499.18,499.18,340.93
110,2024-05-14,evening,51,female,holiday,Drill Bit,General,1,918.34,918.34,488.45
111,2024-06-10,afternoon,41,male,weekend,Sandpaper,General,3,762.74,2288.22,171.13
111,2024-06-10,evening,31,male,holiday,Drill,General,3,541.84,1625.52,171.13
111,2024-06-10,evening,23,male,holiday,Hammer,General,2,961.31,1922.62,171.13
111,2024-06-10,morning,70,female,weekend,Drill,General,3,144.59,433.77,171.13
112,2024-06-17,afternoon,76,male,daily_needs,Wrench,General,5,878.78,4393.9,329.69
112,2024-06-17,evening,71,male,daily_needs,Ruler,General,5,740.8,3704.0,329.69
113,2024-04-14,morning,50,female,daily_needs,Sandpaper,General,2,309.29,618.58,496.06
113,2024-04-14,afternoon,64,female,daily_needs,Drill,General,2,102.17,204.34,496.06
114,2024-06-22,afternoon,30,male,daily_needs,Paint,General,2,58.21,116.42,123.55
114,2024-06-22,afternoon,36,male,weekend,Sandpaper,General,5,106.19,530.95,123.55
114,2024-06-22,evening,24,male,holiday,Drill Bit,General,4,373.35,1493.4,123.55
115,2024-06-10,evening,67,female,weekend,Sandpaper,General,4,746.59,2986.36,383.17
115,2024-06-10,morning,65,female,weekend,Drill Bit,General,3,137.29,411.87,383.17
115,2024-06-10,evening,65,male,holiday,Bolt,General,1,158.53,158.53,383.17
116,2024-06-18,afternoon,27,male,weekend,Saw,General,1,936.24,936.24,466.94
116,2024-06-18,morning,19,female,daily_needs,Drill Bit,General,4,982.56,3930.24,466.94
116,2024-06-18,afternoon,62,male,daily_needs,Hammer,General,5,643.72,3218.6,466.94
117,2024-04-21,morning,69,male,weekend,Wood,General,2,429.06,858.12,301.38
117,2024-04-21,morning,27,male,holiday,Tape,General,4,368.72,1474.88,301.38
117,2024-04-21,evening,43,male,holiday,Tape,General,4,838.94,3355.76,301.38
118,2024-06-12,morning,19,male,holiday,Saw,General,4,581.48,2325.92,472.96
118,2024-06-12,morning,65,male,daily_needs,Paint,General,5,245.79,1228.95,472.96
118,2024-06-12,evening,69,female,weekend,Screws,General,2,560.24,1120.48,472.96
118,2024-06-12,afternoon,21,male,daily_needs,Screws,General,1,65.69,65.69,472.96
119,2024-06-22,afternoon,53,female,holiday,Sandpaper,General,2,269.01,538.02,176.55
119,2024-06-22,afternoon,78,male,daily_needs,Bolt,General,3,106.6,319.8,176.55
119,2024-06-22,afternoon,29,male,weekend,Nut,General,5,886.89,4434.45,176.55
119,2024-06-22,evening,19,male,holiday,Wood,General,4,35.62,142.48,176.55
120,2024-05-19,afternoon,53,male,daily_needs,Tape,General,2,276.9,553.8,267.4
121,2024-05-16,afternoon,34,female,weekend,Wrench,General,5,966.72,4833.6,116.66
121,2024-05-16,evening,19,female,daily_needs,Nut,General,5,972.61,4863.05,116.66
121,2024-05-16,evening,50,female,weekend,Brush,General,3,220.15,660.45,116.66
122,2024-04-13,afternoon,58,female,weekend,Tape,General,2,236.15,472.3,323.55
122,2024-04-13,evening,50,female,holiday,Drill Bit,General,4,360.64,1442.56,323.55
122,2024-04-13,evening,80,male,daily_needs,Drill,General,4,665.82,2663.28,323.55
122,2024-04-13,morning,44,male,daily_needs,Ruler,General,5,42.57,212.85,323.55
123,2024-04-12,evening,73,male,holiday,Brush,General,1,923.66,923.66,292.8
124,2024-06-15,evening,66,female,daily_needs,Tape,General,5,623.09,3115.45,185.73
124,2024-06-15,morning,31,female,daily_needs,Tape,General,3,859.7,2579.1,185.73
124,2024-06-15,evening,55,female,holiday,Drill,General,5,185.12,925.6,185.73
125,2024-06-12,afternoon,22,male,weekend,Sandpaper,General,5,736.46,3682.3,482.81
125,2024-06-12,morning,37,female,daily_needs,Wood,General,2,596.75,1193.5,482.81
125,2024-06-12,morning,79,female,weekend,Drill,General,1,823.67,823.67,482.81
126,2024-05-13,morning,60,female,weekend,Hammer,General,5,270.73,1353.65,304.21
126,2024-05-13,evening,43,female,weekend,Brush,General,2,601.14,1202.28,304.21
127,2024-04-22,evening,78,male,daily_needs,Wood,General,2,722.57,1445.14,460.43
127,2024-04-22,morning,51,male,daily_needs,Drill,General,3,225.48,676.44,460.43
127,2024-04-22,afternoon,75,female,weekend,Wood,General,3,687.88,2063.64,460.43
128,2024-05-25,afternoon,58,female,holiday,Hammer,General,5,950.11,4750.55,211.42
128,2024-05-25,evening,32,female,weekend,Wrench,General,3,583.04,1749.12,211.42
128,2024-05-25,evening,48,female,daily_needs,Nails,General,2,370.27,740.54,211.42
128,2024-05-25,morning,23,female,weekend,Drill Bit,General,3,690.01,2070.03,211.42
129,2024-05-13,evening,62,female,weekend,Wood,General,4,966.06,3864.24,134.79
129,2024-05-13,evening,22,female,holiday,Brush,General,2,439.97,879.94,134.79
130,2024-05-12,evening,59,male,holiday,Bolt,General,4,435.91,1743.64,233.86
131,2024-05-05,afternoon,68,female,daily_needs,Tape,General,3,783.08,2349.24,274.33
131,2024-05-05,morning,57,female,weekend,Wood,General,5,438.23,2191.15,274.33
131,2024-05-05,evening,18,male,holiday,Drill,General,3,741.67,2225.01,274.33
131,2024-05-05,morning,21,male,weekend,Tape,General,2,840.38,1680.76,274.33
132,2024-04-11,evening,48,male,daily_needs,Drill Bit,General,3,161.69,485.07,309.73
132,2024-04-11,evening,68,male,weekend,Tape,General,5,184.05,920.25,309.73
132,2024-04-11,afternoon,44,male,holiday,Nut,General,5,770.97,3854.85,309.73
133,2024-05-26,morning,69,male,weekend,Hammer,General,2,212.6,425.2,220.0
134,2024-04-01,afternoon,73,male,weekend,Wrench,General,2,387.23,774.46,452.46
135,2024-05-22,evening,49,male,weekend,Paint,General,3,287.11,861.33,452.3
135,2024-05-22,afternoon,33,male,weekend,Hammer,General,5,892.72,4463.6,452.3
135,2024-05-22,afternoon,72,female,holiday,Ruler,General,4,640.33,2561.32,452.3
135,2024-05-22,morning,49,male,daily_needs,Nut,General,3,754.4,2263.2,452.3
136,2024-05-21,evening,54,male,daily_needs,Bolt,General,2,716.39,1432.78,428.4
136,2024-05-21,afternoon,44,female,holiday,Nut,General,2,806.96,1613.92,428.4
136,2024-05-21,afternoon,65,male,daily_needs,Nails,General,3,970.45,2911.35,428.4
137,2024-06-23,evening,33,male,holiday,Sandpaper,General,4,353.38,1413.52,228.01
137,2024-06-23,morning,23,male,weekend,Screws,General,4,274.63,1098.52,228.01
138,2024-06-17,afternoon,48,female,weekend,Wrench,General,4,22.48,89.92,324.47
138,2024-06-17,morning,71,female,weekend,Nails,General,5,703.03,3515.15,324.47
138,2024-06-17,morning,56,male,weekend,Sandpaper,General,3,382.92,1148.76,324.47
139,2024-04-20,afternoon,24,female,holiday,Tape,General,2,352.27,704.54,368.87
139,2024-04-20,afternoon,76,female,holiday,Wood,General,2,529.61,1059.22,368.87
139,2024-04-20,evening,66,male,holiday,Tape,General,3,669.7,2009.1,368.87
140,2024-05-31,afternoon,46,female,weekend,Brush,General,3,590.7,1772.1,114.68
140,2024-05-31,morning,41,female,weekend,Wrench,General,5,278.06,1390.3,114.68
140,2024-05-31,evening,31,female,daily_needs,Tape,General,4,546.3,2185.2,114.68
141,2024-06-24,morning,39,female,holiday,Screws,General,2,731.41,1462.82,432.03
141,2024-06-24,afternoon,67,male,weekend,Brush,General,2,312.49,624.98,432.03
141,2024-06-24,morning,40,male,weekend,Bolt,General,4,477.29,1909.16,432.03
141,2024-06-24,morning,60,male,daily_needs,Nails,General,3,650.58,1951.74,432.03
142,2024-05-30,morning,67,female,holiday,Saw,General,2,669.95,1339.9,427.46
142,2024-05-30,evening,34,female,daily_needs,Screws,General,3,943.73,2831.19,427.46
142,2024-05-30,afternoon,79,female,weekend,Saw,General,1,238.79,238.79,427.46
142,2024-05-30,afternoon,59,female,weekend,Nails,General,4,543.29,2173.16,427.46
143,2024-06-23,afternoon,31,female,daily_needs,Drill,General,2,545.68,1091.36,486.7
143,2024-06-23,afternoon,53,male,holiday,Wrench,General,5,790.04,3950.2,486.7
143,2024-06-23,afternoon,49,female,weekend,Paint,General,5,115.77,578.85,486.7
144,2024-05-23,morning,27,female,holiday,Nut,General,1,781.16,781.16,264.22
144,2024-05-23,morning,31,female,weekend,Hammer,General,3,37.88,113.64,264.22
144,2024-05-23,morning,34,female,holiday,Sandpaper,General,1,269.4,269.4,264.22
144,2024-05-23,afternoon,60,female,holiday,Tape,General,2,974.71,1949.42,264.22
145,2024-04-16,evening,38,female,daily_needs,Wood,General,2,509.33,1018.66,213.36
145,2024-04-16,evening,67,female,daily_needs,Nails,General,4,44.89,179.56,213.36
145,2024-04-16,evening,70,female,daily_needs,Hammer,General,1,470.91,470.91,213.36
146,2024-06-18,evening,72,male,daily_needs,Sandpaper,General,1,941.31,941.31,284.0
147,2024-06-22,evening,20,female,holiday,Brush,General,5,194.54,972.7,311.6
147,2024-06-22,afternoon,61,male,weekend,Drill Bit,General,2,127.65,255.3,311.6
147,2024-06-22,afternoon,55,male,holiday,Wood,General,5,435.74,2178.7,311.6
148,2024-05-22,afternoon,30,female,weekend,Drill,General,3,881.61,2644.83,418.23
148,2024-05-22,evening,51,female,daily_needs,Sandpaper,General,1,465.37,465.37,418.23
149,2024-04-18,afternoon,67,male,daily_needs,Drill,General,3,823.87,2471.61,401.31
149,2024-04-18,evening,18,male,weekend,Drill,General,1,611.53,611.53,401.31
150,2024-05-10,afternoon,58,female,holiday,Drill,General,4,417.08,1668.32,368.95
150,2024-05-10,morning,38,female,holiday,Tape,General,5,425.77,2128.85,368.95
151,2024-04-09,evening,79,male,daily_needs,Wrench,General,1,670.91,670.91,465.67
151,2024-04-09,evening,64,male,weekend,Tape,General,4,846.61,3386.44,465.67
151,2024-04-09,evening,70,male,weekend,Ruler,General,1,523.39,523.39,465.67
152,2024-05-14,evening,44,male,holiday,Sandpaper,General,5,947.06,4735.3,383.02
152,2024-05-14,morning,27,female,weekend,Bolt,General,1,106.69,106.69,383.02
153,2024-04-17,morning,68,male,daily_needs,Saw,General,2,335.83,671.66,163.63
153,2024-04-17,afternoon,23,male,holiday,Sandpaper,General,5,576.26,2881.3,163.63
154,2024-04-19,evening,73,female,weekend,Tape,General,3,462.47,1387.41,205.64
154,2024-04-19,evening,35,female,weekend,Wrench,General,2,197.25,394.5,205.64
154,2024-04-19,evening,70,female,weekend,Saw,General,1,127.19,127.19,205.64
155,2024-04-13,morning,31,female,weekend,Drill,General,5,967.04,4835.2,374.86
155,2024-04-13,morning,21,male,holiday,Ruler,General,5,118.26,591.3,374.86
155,2024-04-13,evening,31,female,holiday,Brush,General,5,314.89,1574.45,374.86
156,2024-04-13,afternoon,78,male,weekend,Brush,General,2,182.5,365.0,478.45
156,2024-04-13,afternoon,60,male,daily_needs,Drill,General,3,281.62,844.86,478.45
156,2024-04-13,morning,75,male,daily_needs,Screws,General,4,185.6,742.4,478.45
157,2024-04-27,morning,30,male,holiday,Sandpaper,General,4,921.73,3686.92,287.49
157,2024-04-27,afternoon,20,male,weekend,Nut,General,4,446.78,1787.12,287.49
157,2024-04-27,evening,33,female,weekend,Screws,General,5,385.71,1928.55,287.49
157,2024-04-27,afternoon,44,female,holiday,Ruler,General,1,643.78,643.78,287.49
158,2024-04-24,afternoon,27,male,weekend,Wood,General,5,848.64,4243.2,257.9
159,2024-04-07,morning,50,female,holiday,Drill,General,1,241.66,241.66,430.84
159,2024-04-07,morning,42,female,holiday,Paint,General,4,271.57,1086.28,430.84
159,2024-04-07,afternoon,47,female,daily_needs,Bolt,General,5,101.65,508.25,430.84
160,2024-04-05,evening,75,male,holiday,Nut,General,1,399.17,399.17,464.69
160,2024-04-05,evening,20,female,holiday,Hammer,General,2,312.4,624.8,464.69
160,2024-04-05,afternoon,70,male,holiday,Bolt,General,4,689.02,2756.08,464.69
161,2024-04-16,evening,73,female,holiday,Bolt,General,1,204.07,204.07,497.39
162,2024-04-19,afternoon,79,male,weekend,Saw,General,2,135.51,271.02,232.85
162,2024-04-19,morning,22,male,holiday,Drill Bit,General,4,734.05,2936.2,232.85
162,2024-04-19,afternoon,78,male,weekend,Tape,General,1,157.78,157.78,232.85
162,2024-04-19,morning,45,male,holiday,Wrench,General,5,466.39,2331.95,232.85
163,2024-05-06,morning,73,male,daily_needs,Tape,General,3,554.33,1662.99,402.4
164,2024-05-09,evening,71,male,daily_needs,Brush,General,3,459.66,1378.98,454.16
164,2024-05-09,afternoon,72,male,weekend,Saw,General,3,919.91,2759.73,454.16
165,2024-05-19,evening,63,female,daily_needs,Hammer,General,2,739.72,1479.44,221.7
165,2024-05-19,morning,27,male,daily_needs,Nails,General,5,343.81,1719.05,221.7
166,2024-06-05,evening,55,male,daily_needs,Paint,General,5,464.72,2323.6,297.11
166,2024-06-05,afternoon,23,female,holiday,Hammer,General,2,52.01,104.02,297.11
166,2024-06-05,afternoon,50,female,daily_needs,Drill Bit,General,5,317.4,1587.0,297.11
166,2024-06-05,morning,34,female,daily_needs,Paint,General,1,963.91,963.91,297.11
167,2024-05-03,evening,58,female,daily_needs,Drill,General,4,397.48,1589.92,203.55
167,2024-05-03,evening,47,female,weekend,Sandpaper,General,4,860.55,3442.2,203.55
168,2024-04-02,afternoon,32,female,weekend,Nut,General,5,803.06,4015.3,282.02
168,2024-04-02,evening,60,male,daily_needs,Nut,General,4,765.1,3060.4,282.02
168,2024-04-02,morning,32,male,daily_needs,Saw,General,5,795.42,3977.1,282.02
168,2024-04-02,evening,71,female,weekend,Drill Bit,General,4,898.21,3592.84,282.02
169,2024-05-04,morning,67,male,weekend,Wood,General,3,898.97,2696.91,443.51
169,2024-05-04,evening,37,female,holiday,Tape,General,2,846.82,1693.64,443.51
169,2024-05-04,evening,23,female,weekend,Hammer,General,3,848.22,2544.66,443.51
170,2024-04-21,morning,47,female,holiday,Wrench,General,3,806.69,2420.07,265.42
170,2024-04-21,morning,24,male,daily_needs,Sandpaper,General,5,483.2,2416.0,265.42
170,2024-04-21,afternoon,74,female,weekend,Saw,General,3,429.96,1289.88,265.42
170,2024-04-21,afternoon,27,female,daily_needs,Screws,General,4,689.46,2757.84,265.42
171,2024-04-27,evening,39,female,holiday,Hammer,General,2,588.37,1176.74,343.54
171,2024-04-27,afternoon,79,female,holiday,Ruler,General,3,746.81,2240.43,343.54
171,2024-04-27,morning,71,female,weekend,Wrench,General,5,734.34,3671.7,343.54
172,2024-04-24,morning,31,male,weekend,Tape,General,5,486.83,2434.15,349.92
172,2024-04-24,afternoon,74,female,weekend,Sandpaper,General,5,387.09,1935.45,349.92
172,2024-04-24,morning,66,male,holiday,Bolt,General,4,161.43,645.72,349.92
172,2024-04-24,morning,49,female,holiday,Screws,General,4,88.36,353.44,349.92
173,2024-04-11,afternoon,66,male,weekend,Nails,General,2,562.82,1125.64,267.78
174,2024-04-24,afternoon,52,male,weekend,Drill,General,2,247.19,494.38,373.76
175,2024-05-01,morning,31,male,weekend,Saw,General,4,42.11,168.44,260.45
176,2024-04-04,evening,80,female,holiday,Drill,General,1,410.85,410.85,237.52
176,2024-04-04,morning,30,female,weekend,Wood,General,4,336.66,1346.64,237.52
176,2024-04-04,morning,56,female,daily_needs,Screws,General,5,356.76,1783.8,237.52
176,2024-04-04,afternoon,63,male,daily_needs,Tape,General,4,864.26,3457.04,237.52
177,2024-05-04,evening,74,female,weekend,Wood,General,4,784.27,3137.08,236.26
177,2024-05-04,morning,25,male,weekend,Screws,General,3,363.06,1089.18,236.26
177,2024-05-04,afternoon,75,male,holiday,Tape,General,1,337.5,337.5,236.26
178,2024-05-27,afternoon,80,male,weekend,Paint,General,1,490.08,490.08,443.86
178,2024-05-27,afternoon,53,female,holiday,Brush,General,1,685.16,685.16,443.86
178,2024-05-27,morning,32,male,daily_needs,Nails,General,2,889.96,1779.92,443.86
178,2024-05-27,afternoon,20,male,holiday,Wrench,General,3,568.98,1706.94,443.86
179,2024-05-24,evening,67,male,holiday,Tape,General,4,574.54,2298.16,410.69
179,2024-05-24,morning,76,female,daily_needs,Ruler,General,1,266.57,266.57,410.69
180,2024-04-21,evening,41,female,daily_needs,Bolt,General,1,484.41,484.41,366.61
180,2024-04-21,afternoon,37,female,daily_needs,Brush,General,1,249.77,249.77,366.61
180,2024-04-21,morning,52,male,weekend,Hammer,General,1,337.7,337.7,366.61
181,2024-06-29,morning,51,female,weekend,Paint,General,1,167.06,167.06,108.48
182,2024-06-27,evening,63,male,daily_needs,Wrench,General,4,373.64,1494.56,246.63
182,2024-06-27,afternoon,22,female,weekend,Wood,General,4,627.12,2508.48,246.63
183,2024-06-24,morning,73,female,weekend,Brush,General,2,876.96,1753.92,227.82
184,2024-04-03,afternoon,28,female,holiday,Nut,General,5,458.37,2291.85,210.31
185,2024-04-07,evening,43,male,weekend,Wood,General,3,306.51,919.53,317.14
185,2024-04-07,morning,30,male,holiday,Paint,General,5,953.3,4766.5,317.14
186,2024-04-19,evening,53,male,weekend,Wood,General,1,437.72,437.72,418.25
186,2024-04-19,afternoon,39,female,holiday,Screws,General,2,151.89,303.78,418.25
187,2024-06-02,afternoon,65,female,holiday,Wrench,General,1,628.54,628.54,284.12
188,2024-04-13,morning,64,male,holiday,Brush,General,4,617.12,2468.48,438.81
188,2024-04-13,afternoon,60,male,daily_needs,Bolt,General,2,363.39,726.78,438.81
188,2024-04-13,evening,26,male,daily_needs,Ruler,General,5,171.64,858.2,438.81
189,2024-05-16,morning,32,male,holiday,Sandpaper,General,1,834.71,834.71,330.14
189,2024-05-16,morning,66,female,holiday,Paint,General,5,178.29,891.45,330.14
190,2024-04-14,evening,79,female,weekend,Tape,General,1,95.78,95.78,436.93
190,2024-04-14,evening,59,female,daily_needs,Saw,General,5,181.58,907.9,436.93
190,2024-04-14,morning,75,female,weekend,Ruler,General,4,316.65,1266.6,436.93
191,2024-04-15,morning,37,female,daily_needs,Bolt,General,4,175.28,701.12,152.11
191,2024-04-15,evening,23,male,holiday,Nails,General,2,314.37,628.74,152.11
191,2024-04-15,evening,78,female,holiday,Sandpaper,General,2,764.53,1529.06,152.11
192,2024-06-22,evening,68,female,weekend,Screws,General,3,311.13,933.39,354.14
192,2024-06-22,morning,58,female,weekend,Bolt,General,4,528.51,2114.04,354.14
192,2024-06-22,morning,56,female,weekend,Sandpaper,General,1,350.81,350.81,354.14
192,2024-06-22,afternoon,66,female,daily_needs,Drill Bit,General,5,869.22,4346.1,354.14
193,2024-06-22,morning,57,male,daily_needs,Saw,General,5,654.33,3271.65,356.28
194,2024-04-17,afternoon,55,female,daily_needs,Nut,General,1,726.58,726.58,327.05
194,2024-04-17,morning,56,male,weekend,Wrench,General,3,493.27,1479.81,327.05
194,2024-04-17,afternoon,44,male,weekend,Drill Bit,General,2,417.41,834.82,327.05
195,2024-06-28,morning,41,female,holiday,Screws,General,1,236.41,236.41,412.76
195,2024-06-28,morning,21,male,holiday,Saw,General,1,914.12,914.12,412.76
196,2024-06-26,morning,47,male,daily_needs,Wrench,General,1,757.1,757.1,173.74
196,2024-06-26,morning,43,female,daily_needs,Saw,General,4,960.8,3843.2,173.74
196,2024-06-26,afternoon,44,male,daily_needs,Nut,General,1,531.27,531.27,173.74
197,2024-04-17,morning,80,female,holiday,Wood,General,3,459.41,1378.23,222.47
197,2024-04-17,morning,54,male,holiday,Tape,General,3,624.13,1872.39,222.47
198,2024-06-27,evening,48,female,daily_needs,Paint,General,2,865.78,1731.56,107.95
198,2024-06-27,morning,28,female,daily_needs,Wrench,General,3,475.67,1427.01,107.95
198,2024-06-27,morning,43,female,daily_needs,Hammer,General,2,160.38,320.76,107.95
198,2024-06-27,evening,19,male,holiday,Nut,General,1,443.68,443.68,107.95
199,2024-05-29,morning,73,female,weekend,Screws,General,4,513.17,2052.68,199.77
199,2024-05-29,evening,63,female,weekend,Saw,General,1,720.11,720.11,199.77
199,2024-05-29,afternoon,29,male,daily_needs,Brush,General,5,502.86,2514.3,199.77
199,2024-05-29,morning,64,male,holiday,Brush,General,4,951.36,3805.44,199.77
200,2024-05-05,evening,30,female,daily_needs,Nut,General,5,412.24,2061.2,107.69
200,2024-05-05,afternoon,72,male,holiday,Tape,General,5,867.82,4339.1,107.69
201,2024-06-28,morning,50,female,holiday,Wrench,General,2,347.69,695.38,179.25
201,2024-06-28,evening,24,male,daily_needs,Hammer,General,4,247.79,991.16,179.25
201,2024-06-28,afternoon,33,male,daily_needs,Screws,General,2,434.64,869.28,179.25
202,2024-04-13,morning,36,female,weekend,Hammer,General,5,547.96,2739.8,176.35
202,2024-04-13,afternoon,28,male,daily_needs,Drill,General,3,63.93,191.79,176.35
203,2024-04-10,morning,26,male,daily_needs,Paint,General,1,822.48,822.48,294.99
203,2024-04-10,morning,41,female,weekend,Wood,General,4,73.06,292.24,294.99
203,2024-04-10,evening,79,female,holiday,Wrench,General,1,287.92,287.92,294.99
203,2024-04-10,morning,75,female,weekend,Brush,General,3,89.78,269.34,294.99
204,2024-06-15,afternoon,70,female,daily_needs,Screws,General,3,247.92,743.76,420.31
204,2024-06-15,morning,78,female,holiday,Nails,General,5,109.31,546.55,420.31
205,2024-05-02,morning,40,male,holiday,Wrench,General,3,619.02,1857.06,201.57
205,2024-05-02,morning,57,female,daily_needs,Paint,General,4,861.16,3444.64,201.57
205,2024-05-02,afternoon,40,female,daily_needs,Drill Bit,General,4,443.6,1774.4,201.57
206,2024-04-30,evening,58,male,weekend,Brush,General,2,37.1,74.2,413.53
206,2024-04-30,morning,65,female,daily_needs,Ruler,General,1,677.92,677.92,413.53
207,2024-06-08,evening,45,male,weekend,Screws,General,1,876.52,876.52,100.31
207,2024-06-08,afternoon,78,male,weekend,Hammer,General,3,170.77,512.31,100.31
207,2024-06-08,afternoon,56,female,holiday,Tape,General,3,674.29,2022.87,100.31
208,2024-05-24,afternoon,74,male,weekend,Drill,General,2,698.88,1397.76,268.98
208,2024-05-24,evening,20,male,daily_needs,Hammer,General,1,918.13,918.13,268.98
208,2024-05-24,afternoon,64,male,daily_needs,Wrench,General,2,607.9,1215.8,268.98
208,2024-05-24,afternoon,71,male,holiday,Bolt,General,2,57.5,115.0,268.98
209,2024-05-21,afternoon,78,male,holiday,Wood,General,1,419.48,419.48,303.3
210,2024-06-08,morning,51,female,weekend,Drill Bit,General,5,64.83,324.15,240.21
210,2024-06-08,morning,60,female,weekend,Brush,General,5,545.58,2727.9,240.21
210,2024-06-08,morning,42,female,daily_needs,Wood,General,1,31.79,31.79,240.21
211,2024-04-20,morning,70,male,holiday,Nut,General,5,130.01,650.05,367.51
211,2024-04-20,afternoon,46,male,holiday,Drill,General,4,226.56,906.24,367.51
211,2024-04-20,afternoon,36,male,weekend,Wood,General,2,732.61,1465.22,367.51
211,2024-04-20,evening,67,male,holiday,Drill,General,1,773.27,773.27,367.51
212,2024-06-17,evening,66,female,daily_needs,Nut,General,3,359.75,1079.25,213.62
212,2024-06-17,evening,31,female,weekend,Drill Bit,General,1,275.01,275.01,213.62
212,2024-06-17,afternoon,34,male,weekend,Brush,General,5,524.8,2624.0,213.62
212,2024-06-17,afternoon,46,female,daily_needs,Ruler,General,5,350.87,1754.35,213.62
213,2024-06-02,morning,45,female,weekend,Brush,General,1,364.07,364.07,343.05
214,2024-05-17,morning,37,male,daily_needs,Wood,General,1,917.78,917.78,362.33
214,2024-05-17,morning,55,male,daily_needs,Wrench,General,1,152.01,152.01,362.33
214,2024-05-17,evening,71,female,weekend,Paint,General,2,255.42,510.84,362.33
214,2024-05-17,afternoon,63,female,weekend,Tape,General,2,38.06,76.12,362.33
215,2024-04-26,afternoon,49,female,daily_needs,Bolt,General,2,842.86,1685.72,143.09
216,2024-05-07,evening,27,male,daily_needs,Screws,General,3,671.49,2014.47,155.4
216,2024-05-07,afternoon,79,female,weekend,Paint,General,1,665.02,665.02,155.4
216,2024-05-07,afternoon,36,male,holiday,Wrench,General,1,672.49,672.49,155.4
216,2024-05-07,evening,76,male,holiday,Ruler,General,4,413.43,1653.72,155.4
217,2024-05-29,evening,50,female,daily_needs,Saw,General,4,115.45,461.8,185.82
217,2024-05-29,morning,69,female,daily_needs,Wood,General,2,777.0,1554.0,185.82
218,2024-04-08,morning,55,male,weekend,Drill,General,3,174.24,522.72,222.89
219,2024-04-29,afternoon,62,female,daily_needs,Sandpaper,General,5,575.07,2875.35,357.53
220,2024-05-11,afternoon,66,female,daily_needs,Wood,General,5,506.6,2533.0,177.86
220,2024-05-11,morning,51,female,daily_needs,Screws,General,3,172.1,516.3,177.86
220,2024-05-11,afternoon,58,female,daily_needs,Hammer,General,2,144.85,289.7,177.86
221,2024-04-05,morning,75,female,daily_needs,Paint,General,4,748.69,2994.76,280.64
221,2024-04-05,morning,29,female,daily_needs,Nut,General,3,528.28,1584.84,280.64
222,2024-04-06,morning,77,male,holiday,Drill Bit,General,1,350.08,350.08,265.13
222,2024-04-06,afternoon,20,male,daily_needs,Drill,General,5,144.55,722.75,265.13
222,2024-04-06,evening,53,female,weekend,Sandpaper,General,5,52.97,264.85,265.13
223,2024-06-11,morning,44,male,weekend,Screws,General,4,403.09,1612.36,229.18
223,2024-06-11,evening,69,female,weekend,Saw,General,2,34.52,69.04,229.18
223,2024-06-11,morning,69,female,holiday,Wood,General,2,266.04,532.08,229.18
223,2024-06-11,evening,71,female,daily_needs,Wrench,General,1,259.43,259.43,229.18
224,2024-05-30,afternoon,22,female,weekend,Hammer,General,2,944.16,1888.32,435.04
224,2024-05-30,morning,76,male,holiday,Screws,General,4,685.46,2741.84,435.04
225,2024-06-20,afternoon,68,male,holiday,Tape,General,2,676.15,1352.3,263.51
226,2024-05-20,morning,34,female,daily_needs,Ruler,General,5,576.5,2882.5,397.74
227,2024-04-14,evening,38,female,holiday,Nut,General,5,160.15,800.75,221.51
227,2024-04-14,afternoon,44,male,weekend,Nails,General,1,236.04,236.04,221.51
228,2024-04-11,morning,30,male,holiday,Nails,General,1,944.99,944.99,499.77
228,2024-04-11,evening,58,male,weekend,Hammer,General,3,923.2,2769.6,499.77
228,2024-04-11,evening,63,male,daily_needs,Paint,General,1,456.04,456.04,499.77
229,2024-06-15,afternoon,37,female,daily_needs,Wood,General,3,425.79,1277.37,329.01
230,2024-05-06,afternoon,47,male,weekend,Nut,General,5,469.6,2348.0,185.07
231,2024-04-03,morning,34,female,weekend,Saw,General,3,484.33,1452.99,478.55
231,2024-04-03,morning,47,female,holiday,Sandpaper,General,5,283.42,1417.1,478.55
232,2024-04-07,evening,35,male,daily_needs,Drill,General,4,280.21,1120.84,347.29
232,2024-04-07,evening,57,female,daily_needs,Bolt,General,2,261.99,523.98,347.29
232,2024-04-07,morning,63,male,weekend,Wrench,General,5,303.15,1515.75,347.29
232,2024-04-07,morning,70,female,weekend,Nails,General,1,836.79,836.79,347.29
233,2024-04-03,morning,45,female,weekend,Drill,General,1,708.77,708.77,322.61
233,2024-04-03,afternoon,49,female,daily_needs,Nails,General,1,99.59,99.59,322.61
234,2024-06-08,evening,39,female,weekend,Tape,General,1,182.43,182.43,190.34
234,2024-06-08,morning,42,female,daily_needs,Hammer,General,3,452.0,1356.0,190.34
234,2024-06-08,evening,43,female,holiday,Saw,General,5,391.0,1955.0,190.34
234,2024-06-08,evening,58,female,holiday,Saw,General,5,87.95,439.75,190.34
235,2024-04-02,afternoon,69,male,daily_needs,Hammer,General,4,801.97,3207.88,101.57
235,2024-04-02,morning,46,female,daily_needs,Nut,General,4,326.93,1307.72,101.57
236,2024-05-10,morning,70,male,weekend,Wood,General,1,128.44,128.44,453.99
236,2024-05-10,afternoon,24,female,daily_needs,Hammer,General,3,623.77,1871.31,453.99
237,2024-04-22,afternoon,36,female,daily_needs,Tape,General,3,347.5,1042.5,336.77
238,2024-05-28,morning,32,male,holiday,Nut,General,5,316.98,1584.9,325.86
238,2024-05-28,afternoon,62,female,weekend,Screws,General,2,576.2,1152.4,325.86
238,2024-05-28,morning,48,male,daily_needs,Wrench,General,2,372.99,745.98,325.86
239,2024-04-01,afternoon,57,male,weekend,Nut,General,4,980.35,3921.4,185.78
240,2024-05-20,evening,57,female,holiday,Ruler,General,4,250.65,1002.6,497.78
241,2024-04-28,afternoon,62,male,weekend,Wood,General,4,723.3,2893.2,160.89
241,2024-04-28,morning,68,female,holiday,Brush,General,3,970.35,2911.05,160.89
241,2024-04-28,morning,71,male,weekend,Nut,General,4,562.34,2249.36,160.89
242,2024-06-24,afternoon,62,male,daily_needs,Saw,General,5,216.74,1083.7,149.75
243,2024-06-01,afternoon,77,male,weekend,Hammer,General,3,376.56,1129.68,356.43
243,2024-06-01,afternoon,73,male,weekend,Sandpaper,General,5,142.79,713.95,356.43
243,2024-06-01,evening,25,female,daily_needs,Paint,General,1,405.34,405.34,356.43
243,2024-06-01,evening,53,male,weekend,Tape,General,3,405.28,1215.84,356.43
244,2024-05-22,evening,52,female,daily_needs,Nails,General,3,669.37,2008.11,351.36
244,2024-05-22,afternoon,41,female,daily_needs,Ruler,General,2,607.31,1214.62,351.36
245,2024-05-01,evening,26,female,holiday,Ruler,General,1,729.81,729.81,494.23
245,2024-05-01,afternoon,79,male,weekend,Paint,General,2,612.25,1224.5,494.23
245,2024-05-01,evening,21,female,daily_needs,Bolt,General,2,401.64,803.28,494.23
246,2024-04-07,morning,60,male,daily_needs,Nut,General,1,101.5,101.5,230.68
247,2024-04-10,morning,72,female,daily_needs,Wood,General,3,792.03,2376.09,487.18
247,2024-04-10,evening,57,male,daily_needs,Nails,General,2,21.18,42.36,487.18
247,2024-04-10,evening,65,male,holiday,Tape,General,2,540.24,1080.48,487.18
247,2024-04-10,afternoon,60,female,holiday,Bolt,General,1,768.88,768.88,487.18
248,2024-06-27,afternoon,26,male,holiday,Drill Bit,General,2,92.1,184.2,205.48
248,2024-06-27,afternoon,51,male,weekend,Nut,General,4,949.71,3798.84,205.48
248,2024-06-27,morning,58,female,weekend,Paint,General,4,88.8,355.2,205.48
248,2024-06-27,morning,26,male,holiday,Wood,General,2,881.21,1762.42,205.48
249,2024-04-03,morning,66,male,holiday,Wrench,General,4,825.51,3302.04,148.63
249,2024-04-03,afternoon,22,male,daily_needs,Screws,General,2,425.19,850.38,148.63
249,2024-04-03,morning,62,female,holiday,Drill,General,4,516.61,2066.44,148.63
249,2024-04-03,afternoon,76,male,weekend,Ruler,General,4,445.85,1783.4,148.63
250,2024-04-02,morning,32,male,holiday,Bolt,General,2,665.42,1330.84,491.0
250,2024-04-02,morning,68,male,holiday,Tape,General,4,808.94,3235.76,491.0
251,2024-04-14,afternoon,74,male,weekend,Bolt,General,3,612.91,1838.73,349.85
251,2024-04-14,afternoon,72,male,daily_needs,Paint,General,2,908.86,1817.72,349.85
252,2024-05-24,afternoon,37,female,daily_needs,Tape,General,4,771.41,3085.64,391.86
252,2024-05-24,afternoon,50,male,daily_needs,Nails,General,3,787.49,2362.47,391.86
252,2024-05-24,morning,32,male,weekend,Saw,General,1,612.9,612.9,391.86
253,2024-06-06,afternoon,53,female,weekend,Nails,General,3,330.92,992.76,239.09
254,2024-06-26,evening,76,female,holiday,Drill Bit,General,2,784.4,1568.8,312.26
255,2024-06-18,morning,77,female,holiday,Nails,General,2,35.5,71.0,391.89
256,2024-05-20,afternoon,28,male,weekend,Screws,General,4,407.36,1629.44,108.99
256,2024-05-20,morning,30,female,holiday,Saw,General,1,544.48,544.48,108.99
257,2024-04-01,evening,38,female,holiday,Bolt,General,5,576.42,2882.1,295.88
257,2024-04-01,morning,64,female,holiday,Drill,General,5,833.97,4169.85,295.88
258,2024-06-02,afternoon,22,male,weekend,Wrench,General,4,284.04,1136.16,134.14
258,2024-06-02,morning,48,male,weekend,Drill Bit,General,4,31.61,126.44,134.14
258,2024-06-02,evening,51,female,daily_needs,Paint,General,4,958.68,3834.72,134.14
259,2024-05-30,morning,24,male,weekend,Wood,General,3,735.68,2207.04,164.15
259,2024-05-30,morning,19,male,holiday,Hammer,General,3,409.96,1229.88,164.15
259,2024-05-30,morning,20,male,holiday,Screws,General,3,994.34,2983.02,164.15
259,2024-05-30,evening,26,female,daily_needs,Drill Bit,General,2,803.38,1606.76,164.15
260,2024-04-06,evening,63,male,daily_needs,Screws,General,4,244.94,979.76,270.7
260,2024-04-06,afternoon,66,female,holiday,Paint,General,2,200.21,400.42,270.7
260,2024-04-06,afternoon,26,male,daily_needs,Bolt,General,4,848.05,3392.2,270.7
260,2024-04-06,evening,36,male,holiday,Sandpaper,General,3,833.01,2499.03,270.7
261,2024-04-09,evening,63,male,weekend,Bolt,General,4,766.79,3067.16,183.74
261,2024-04-09,afternoon,38,male,daily_needs,Bolt,General,3,366.41,1099.23,183.74
261,2024-04-09,morning,61,male,daily_needs,Paint,General,1,51.71,51.71,183.74
261,2024-04-09,morning,57,female,holiday,Wood,General,3,715.81,2147.43,183.74
262,2024-04-17,morning,31,male,daily_needs,Drill,General,4,30.52,122.08,280.72
262,2024-04-17,morning,33,female,daily_needs,Screws,General,5,246.3,1231.5,280.72
262,2024-04-17,evening,75,male,holiday,Saw,General,2,879.61,1759.22,280.72
262,2024-04-17,evening,35,male,weekend,Paint,General,2,582.83,1165.66,280.72
263,2024-05-26,evening,19,male,weekend,Wrench,General,4,236.69,946.76,268.81
263,2024-05-26,afternoon,57,female,holiday,Sandpaper,General,3,29.06,87.18,268.81
264,2024-04-27,afternoon,41,female,weekend,Nails,General,1,401.74,401.74,274.36
265,2024-05-04,morning,19,female,weekend,Tape,General,3,561.27,1683.81,139.94
265,2024-05-04,evening,59,male,weekend,Brush,General,3,159.85,479.55,139.94
265,2024-05-04,afternoon,71,male,holiday,Hammer,General,5,147.0,735.0,139.94
265,2024-05-04,morning,25,female,daily_needs,Paint,General,1,661.11,661.11,139.94
266,2024-05-23,morning,64,male,daily_needs,Paint,General,2,714.18,1428.36,248.99
266,2024-05-23,evening,33,male,daily_needs,Nut,General,5,936.74,4683.7,248.99
266,2024-05-23,afternoon,50,male,weekend,Nut,General,4,643.24,2572.96,248.99
266,2024-05-23,morning,40,female,holiday,Hammer,General,3,507.01,1521.03,248.99
267,2024-05-22,afternoon,65,male,holiday,Paint,General,1,776.16,776.16,134.78
267,2024-05-22,afternoon,67,male,weekend,Paint,General,5,692.11,3460.55,134.78
268,2024-04-24,afternoon,63,male,weekend,Hammer,General,2,100.81,201.62,278.06
268,2024-04-24,evening,55,male,daily_needs,Hammer,General,3,910.31,2730.93,278.06
268,2024-04-24,afternoon,69,male,holiday,Tape,General,5,481.47,2407.35,278.06
268,2024-04-24,evening,45,male,weekend,Ruler,General,2,194.53,389.06,278.06
269,2024-04-29,evening,39,female,holiday,Wrench,General,3,604.33,1812.99,172.42
269,2024-04-29,afternoon,65,female,holiday,Brush,General,4,334.75,1339.0,172.42
269,2024-04-29,afternoon,56,male,daily_needs,Nut,General,2,789.55,1579.1,172.42
270,2024-06-15,morning,63,female,weekend,Sandpaper,General,4,972.13,3888.52,276.86
270,2024-06-15,afternoon,38,male,daily_needs,Brush,General,1,558.5,558.5,276.86
271,2024-05-16,morning,69,male,weekend,Nut,General,2,197.9,395.8,410.64
271,2024-05-16,morning,42,female,daily_needs,Hammer,General,5,211.84,1059.2,410.64
271,2024-05-16,afternoon,45,male,daily_needs,Nut,General,5,642.91,3214.55,410.64
271,2024-05-16,evening,55,male,daily_needs,Nut,General,4,295.15,1180.6,410.64
272,2024-04-14,evening,33,female,holiday,Drill Bit,General,5,144.11,720.55,142.05
273,2024-05-13,morning,76,male,daily_needs,Wood,General,4,753.2,3012.8,452.77
273,2024-05-13,evening,40,male,holiday,Paint,General,5,863.56,4317.8,452.77
273,2024-05-13,evening,43,male,holiday,Tape,General,3,780.42,2341.26,452.77
273,2024-05-13,evening,47,female,holiday,Drill,General,1,717.53,717.53,452.77
274,2024-06-12,evening,18,female,daily_needs,Sandpaper,General,5,298.88,1494.4,332.96
275,2024-06-18,afternoon,38,female,holiday,Drill Bit,General,3,872.16,2616.48,223.88
275,2024-06-18,morning,72,male,weekend,Brush,General,5,907.51,4537.55,223.88
275,2024-06-18,morning,65,female,daily_needs,Brush,General,3,299.11,897.33,223.88
276,2024-04-30,afternoon,71,female,holiday,Nails,General,4,50.37,201.48,420.13
276,2024-04-30,afternoon,33,female,holiday,Nut,General,5,225.11,1125.55,420.13
276,2024-04-30,evening,51,female,holiday,Nut,General,5,745.96,3729.8,420.13
277,2024-05-30,afternoon,50,female,weekend,Wood,General,2,923.49,1846.98,298.75
277,2024-05-30,afternoon,60,male,weekend,Sandpaper,General,5,323.24,1616.2,298.75
277,2024-05-30,morning,37,male,weekend,Ruler,General,2,75.65,151.3,298.75
277,2024-05-30,afternoon,59,male,holiday,Ruler,General,4,476.38,1905.52,298.75
278,2024-05-20,evening,58,male,weekend,Nut,General,1,649.08,649.08,101.05
279,2024-06-05,afternoon,55,male,daily_needs,Drill,General,2,721.19,1442.38,300.42
279,2024-06-05,afternoon,18,male,daily_needs,Brush,General,5,596.11,2980.55,300.42
280,2024-05-14,evening,39,male,holiday,Screws,General,2,105.26,210.52,499.87
280,2024-05-14,morning,77,female,weekend,Drill,General,2,469.43,938.86,499.87
281,2024-05-11,morning,36,female,daily_needs,Saw,General,5,696.17,3480.85,175.35
281,2024-05-11,morning,33,female,weekend,Sandpaper,General,1,306.18,306.18,175.35
281,2024-05-11,evening,39,male,holiday,Drill,General,3,327.68,983.04,175.35
282,2024-05-15,morning,76,male,daily_needs,Hammer,General,4,131.28,525.12,200.59
282,2024-05-15,morning,44,female,weekend,Drill Bit,General,3,572.33,1716.99,200.59
282,2024-05-15,afternoon,69,female,daily_needs,Tape,General,2,125.62,251.24,200.59
282,2024-05-15,evening,33,male,holiday,Screws,General,4,683.46,2733.84,200.59
283,2024-04-02,afternoon,19,female,holiday,Brush,General,1,908.0,908.0,167.54
283,2024-04-02,morning,76,male,holiday,Wrench,General,1,377.38,377.38,167.54
283,2024-04-02,afternoon,36,female,holiday,Wrench,General,3,263.37,790.11,167.54
283,2024-04-02,morning,77,female,weekend,Paint,General,3,815.05,2445.15,167.54
284,2024-05-14,morning,26,female,daily_needs,Wrench,General,3,440.13,1320.39,299.89
284,2024-05-14,afternoon,67,female,daily_needs,Drill,General,2,498.4,996.8,299.89
284,2024-05-14,morning,54,male,weekend,Nut,General,4,54.66,218.64,299.89
285,2024-06-06,evening,65,male,weekend,Bolt,General,4,726.46,2905.84,493.22
285,2024-06-06,morning,78,female,holiday,Hammer,General,2,948.01,1896.02,493.22
286,2024-04-24,morning,54,female,weekend,Paint,General,1,412.4,412.4,283.16
286,2024-04-24,evening,20,female,holiday,Drill Bit,General,4,43.28,173.12,283.16
287,2024-04-09,evening,24,male,daily_needs,Hammer,General,2,592.34,1184.68,183.51
287,2024-04-09,afternoon,57,male,weekend,Brush,General,5,486.11,2430.55,183.51
287,2024-04-09,morning,76,male,weekend,Screws,General,1,560.21,560.21,183.51
288,2024-04-25,evening,70,male,holiday,Wrench,General,1,745.82,745.82,163.02
288,2024-04-25,afternoon,68,male,daily_needs,Hammer,General,3,239.84,719.52,163.02
289,2024-06-01,morning,29,female,daily_needs,Ruler,General,1,899.76,899.76,150.37
290,2024-04-19,evening,47,female,holiday,Saw,General,2,464.95,929.9,121.66
290,2024-04-19,afternoon,57,female,weekend,Wrench,General,5,544.74,2723.7,121.66
291,2024-05-27,evening,77,male,daily_needs,Brush,General,2,167.71,335.42,377.19
291,2024-05-27,evening,71,male,daily_needs,Screws,General,4,976.52,3906.08,377.19
292,2024-06-10,afternoon,34,female,holiday,Brush,General,3,513.2,1539.6,229.62
293,2024-05-05,afternoon,18,female,holiday,Ruler,General,1,653.8,653.8,454.45
293,2024-05-05,afternoon,46,male,holiday,Nut,General,3,918.48,2755.44,454.45
293,2024-05-05,afternoon,29,female,weekend,Drill,General,4,559.11,2236.44,454.45
293,2024-05-05,evening,34,female,weekend,Wood,General,5,275.65,1378.25,454.45
294,2024-05-27,evening,62,female,weekend,Paint,General,4,478.74,1914.96,410.17
295,2024-04-07,morning,27,female,daily_needs,Wood,General,3,171.96,515.88,308.98
295,2024-04-07,evening,26,male,weekend,Nut,General,1,713.29,713.29,308.98
295,2024-04-07,afternoon,34,male,weekend,Hammer,General,1,354.77,354.77,308.98
295,2024-04-07,afternoon,22,female,daily_needs,Paint,General,4,734.06,2936.24,308.98
296,2024-05-21,morning,22,female,weekend,Saw,General,4,970.03,3880.12,330.89
297,2024-05-18,morning,47,male,daily_needs,Drill Bit,General,2,765.75,1531.5,498.68
298,2024-04-18,morning,80,female,holiday,Nut,General,3,101.54,304.62,259.56
298,2024-04-18,morning,23,male,holiday,Wood,General,3,565.04,1695.12,259.56
298,2024-04-18,evening,46,male,holiday,Nails,General,4,21.15,84.6,259.56
299,2024-06-05,afternoon,73,male,weekend,Screws,General,1,489.95,489.95,359.55
299,2024-06-05,evening,78,male,weekend,Ruler,General,3,77.05,231.15,359.55
299,2024-06-05,morning,32,female,holiday,Bolt,General,3,737.37,2212.11,359.55
299,2024-06-05,evening,42,female,holiday,Screws,General,3,424.04,1272.12,359.55
300,2024-06-25,afternoon,80,male,daily_needs,Hammer,General,5,926.65,4633.25,120.5
301,2024-05-31,morning,49,female,daily_needs,Wrench,General,2,31.58,63.16,119.23
302,2024-05-15,evening,48,male,holiday,Tape,General,2,709.26,1418.52,347.11
302,2024-05-15,morning,23,male,holiday,Screws,General,5,903.2,4516.0,347.11
302,2024-05-15,afternoon,41,female,weekend,Nut,General,4,680.95,2723.8,347.11
303,2024-06-23,evening,32,female,weekend,Bolt,General,4,753.2,3012.8,201.76
303,2024-06-23,morning,40,male,weekend,Nut,General,5,768.28,3841.4,201.76
303,2024-06-23,afternoon,60,male,daily_needs,Saw,General,1,416.37,416.37,201.76
304,2024-04-15,evening,31,female,weekend,Hammer,General,3,111.06,333.18,459.23
304,2024-04-15,morning,33,female,holiday,Tape,General,2,871.03,1742.06,459.23
304,2024-04-15,afternoon,68,female,holiday,Bolt,General,5,458.34,2291.7,459.23
305,2024-06-08,evening,61,female,daily_needs,Ruler,General,5,333.83,1669.15,298.56
306,2024-04-12,afternoon,56,male,weekend,Wood,General,3,623.07,1869.21,256.39
306,2024-04-12,evening,23,female,weekend,Bolt,General,5,54.16,270.8,256.39
306,2024-04-12,morning,31,female,holiday,Brush,General,2,297.58,595.16,256.39
306,2024-04-12,morning,61,female,weekend,Saw,General,3,344.09,1032.27,256.39
307,2024-06-12,morning,29,female,weekend,Tape,General,2,330.99,661.98,489.61
307,2024-06-12,evening,55,male,daily_needs,Drill Bit,General,1,108.72,108.72,489.61
307,2024-06-12,morning,76,female,holiday,Ruler,General,1,962.92,962.92,489.61
307,2024-06-12,afternoon,44,female,holiday,Bolt,General,5,674.95,3374.75,489.61
308,2024-05-12,morning,22,male,weekend,Ruler,General,5,423.81,2119.05,300.03
308,2024-05-12,morning,21,female,holiday,Wrench,General,2,657.82,1315.64,300.03
309,2024-06-28,morning,74,male,daily_needs,Nut,General,4,279.4,1117.6,238.47
310,2024-06-03,morning,39,female,weekend,Wood,General,2,826.18,1652.36,306.82
310,2024-06-03,afternoon,76,male,holiday,Bolt,General,2,969.02,1938.04,306.82
311,2024-05-07,evening,34,female,weekend,Saw,General,4,24.82,99.28,169.8
311,2024-05-07,morning,77,female,daily_needs,Sandpaper,General,5,920.47,4602.35,169.8
311,2024-05-07,evening,48,male,daily_needs,Saw,General,4,96.95,387.8,169.8
311,2024-05-07,morning,49,female,holiday,Hammer,General,3,357.25,1071.75,169.8
312,2024-04-19,afternoon,46,female,holiday,Drill Bit,General,5,528.1,2640.5,347.46
312,2024-04-19,evening,52,female,weekend,Paint,General,3,293.21,879.63,347.46
313,2024-06-05,afternoon,66,female,daily_needs,Drill,General,3,24.19,72.57,467.23
313,2024-06-05,morning,64,male,weekend,Drill Bit,General,1,697.43,697.43,467.23
313,2024-06-05,evening,45,male,holiday,Sandpaper,General,3,670.22,2010.66,467.23
314,2024-04-09,afternoon,42,male,holiday,Bolt,General,1,128.66,128.66,436.12
314,2024-04-09,evening,36,female,weekend,Bolt,General,2,433.49,866.98,436.12
315,2024-06-25,afternoon,25,male,weekend,Brush,General,5,807.25,4036.25,154.44
315,2024-06-25,morning,62,male,daily_needs,Tape,General,4,47.66,190.64,154.44
315,2024-06-25,afternoon,39,female,holiday,Hammer,General,3,968.44,2905.32,154.44
316,2024-04-14,morning,26,male,weekend,Nut,General,3,256.45,769.35,121.14
316,2024-04-14,afternoon,79,male,holiday,Wrench,General,4,86.06,344.24,121.14
316,2024-04-14,afternoon,58,male,weekend,Saw,General,4,874.76,3499.04,121.14
316,2024-04-14,afternoon,44,male,daily_needs,Tape,General,1,147.46,147.46,121.14
317,2024-04-10,evening,62,male,weekend,Wood,General,2,566.45,1132.9,295.31
317,2024-04-10,morning,75,female,weekend,Nails,General,3,703.02,2109.06,295.31
318,2024-05-09,evening,73,female,holiday,Brush,General,4,247.01,988.04,273.2
318,2024-05-09,evening,71,female,daily_needs,Wood,General,1,181.94,181.94,273.2
318,2024-05-09,evening,61,male,weekend,Screws,General,1,939.38,939.38,273.2
319,2024-06-24,afternoon,55,male,weekend,Ruler,General,5,287.06,1435.3,335.73
319,2024-06-24,evening,56,female,daily_needs,Wood,General,5,892.75,4463.75,335.73
319,2024-06-24,evening,71,female,weekend,Drill Bit,General,1,341.77,341.77,335.73
319,2024-06-24,morning,33,male,holiday,Drill,General,2,818.2,1636.4,335.73
320,2024-06-09,morning,68,male,daily_needs,Wrench,General,2,919.6,1839.2,183.19
320,2024-06-09,afternoon,78,female,holiday,Brush,General,3,144.24,432.72,183.19
320,2024-06-09,afternoon,77,female,holiday,Brush,General,2,438.93,877.86,183.19
320,2024-06-09,evening,62,female,daily_needs,Sandpaper,General,2,538.6,1077.2,183.19
321,2024-05-19,evening,33,male,daily_needs,Wood,General,4,459.86,1839.44,190.6
322,2024-05-05,morning,79,male,weekend,Screws,General,5,243.0,1215.0,188.75
322,2024-05-05,evening,58,female,holiday,Wrench,General,3,490.73,1472.19,188.75
322,2024-05-05,afternoon,75,female,daily_needs,Drill,General,2,861.6,1723.2,188.75
322,2024-05-05,afternoon,49,male,daily_needs,Saw,General,3,228.71,686.13,188.75
323,2024-06-07,evening,55,female,daily_needs,Hammer,General,2,780.43,1560.86,188.25
323,2024-06-07,evening,60,male,daily_needs,Wood,General,3,819.5,2458.5,188.25
323,2024-06-07,afternoon,77,male,weekend,Wrench,General,2,792.89,1585.78,188.25
324,2024-04-06,afternoon,39,female,weekend,Drill Bit,General,4,530.78,2123.12,390.58
324,2024-04-06,evening,61,male,holiday,Tape,General,4,894.53,3578.12,390.58
325,2024-05-29,afternoon,24,male,weekend,Sandpaper,General,5,546.69,2733.45,481.74
326,2024-05-17,evening,68,female,weekend,Ruler,General,4,248.19,992.76,256.39
326,2024-05-17,afternoon,42,male,weekend,Saw,General,5,677.78,3388.9,256.39
326,2024-05-17,afternoon,65,female,weekend,Wrench,General,2,223.08,446.16,256.39
326,2024-05-17,evening,29,male,holiday,Screws,General,3,553.48,1660.44,256.39
327,2024-05-13,evening,47,female,daily_needs,Hammer,General,4,893.34,3573.36,195.66
327,2024-05-13,evening,34,female,holiday,Ruler,General,5,683.94,3419.7,195.66
327,2024-05-13,afternoon,79,male,weekend,Saw,General,1,498.43,498.43,195.66
328,2024-04-04,morning,21,male,daily_needs,Wrench,General,1,240.88,240.88,482.09
328,2024-04-04,evening,50,male,holiday,Nails,General,2,726.91,1453.82,482.09
328,2024-04-04,evening,49,male,weekend,Screws,General,5,239.37,1196.85,482.09
329,2024-05-16,evening,57,male,weekend,Drill Bit,General,5,779.56,3897.8,130.28
329,2024-05-16,evening,61,male,daily_needs,Paint,General,2,222.57,445.14,130.28
329,2024-05-16,afternoon,71,male,weekend,Brush,General,4,40.75,163.0,130.28
329,2024-05-16,evening,59,female,weekend,Screws,General,5,771.61,3858.05,130.28
330,2024-04-10,afternoon,41,female,holiday,Bolt,General,3,473.43,1420.29,466.61
330,2024-04-10,evening,75,female,weekend,Sandpaper,General,3,576.98,1730.94,466.61
330,2024-04-10,evening,54,female,weekend,Hammer,General,3,337.73,1013.19,466.61
331,2024-06-23,evening,58,female,daily_needs,Bolt,General,1,454.25,454.25,220.15
331,2024-06-23,afternoon,74,female,daily_needs,Wood,General,2,631.78,1263.56,220.15
332,2024-04-21,morning,65,female,daily_needs,Tape,General,1,943.56,943.56,457.69
332,2024-04-21,evening,59,male,daily_needs,Brush,General,3,114.36,343.08,457.69
332,2024-04-21,morning,57,male,daily_needs,Saw,General,3,501.6,1504.8,457.69
333,2024-05-08,morning,21,male,daily_needs,Tape,General,2,484.11,968.22,254.29
333,2024-05-08,evening,74,female,weekend,Drill,General,1,522.63,522.63,254.29
333,2024-05-08,evening,27,female,daily_needs,Drill,General,3,689.54,2068.62,254.29
334,2024-05-01,evening,77,male,daily_needs,Wrench,General,3,880.49,2641.47,214.29
334,2024-05-01,evening,62,male,holiday,Drill,General,4,248.88,995.52,214.29
335,2024-06-22,evening,34,male,daily_needs,Tape,General,1,826.29,826.29,460.47
336,2024-05-17,afternoon,48,female,holiday,Bolt,General,1,713.25,713.25,212.93
336,2024-05-17,afternoon,56,female,daily_needs,Screws,General,2,906.15,1812.3,212.93
337,2024-05-12,afternoon,18,male,holiday,Drill Bit,General,5,105.22,526.1,486.61
337,2024-05-12,morning,31,female,holiday,Wrench,General,2,276.75,553.5,486.61
337,2024-05-12,evening,63,female,weekend,Nails,General,2,230.05,460.1,486.61
338,2024-06-27,evening,29,female,weekend,Wood,General,4,105.44,421.76,297.43
338,2024-06-27,afternoon,70,male,daily_needs,Tape,General,1,167.72,167.72,297.43
338,2024-06-27,morning,57,male,holiday,Wrench,General,2,512.45,1024.9,297.43
338,2024-06-27,morning,20,male,weekend,Bolt,General,3,569.27,1707.81,297.43
339,2024-04-21,evening,52,male,holiday,Brush,General,4,315.98,1263.92,244.19
340,2024-04-25,evening,24,male,holiday,Screws,General,1,677.29,677.29,176.88
341,2024-05-21,morning,46,male,daily_needs,Tape,General,4,883.38,3533.52,350.41
341,2024-05-21,afternoon,21,female,holiday,Drill Bit,General,1,913.06,913.06,350.41
342,2024-04-11,evening,31,male,holiday,Nails,General,5,797.32,3986.6,291.65
343,2024-04-05,morning,25,male,holiday,Drill,General,2,42.47,84.94,454.94
343,2024-04-05,morning,35,female,holiday,Paint,General,4,47.26,189.04,454.94
343,2024-04-05,afternoon,22,female,holiday,Sandpaper,General,4,358.04,1432.16,454.94
344,2024-06-03,afternoon,66,male,weekend,Wrench,General,4,168.98,675.92,130.1
344,2024-06-03,afternoon,66,male,daily_needs,Brush,General,1,838.54,838.54,130.1
344,2024-06-03,evening,49,male,daily_needs,Nut,General,1,329.15,329.15,130.1
344,2024-06-03,evening,66,female,daily_needs,Drill,General,5,619.81,3099.05,130.1
345,2024-04-27,afternoon,43,female,daily_needs,Hammer,General,3,601.93,1805.79,212.37
346,2024-06-16,afternoon,61,male,holiday,Screws,General,2,233.84,467.68,284.49
346,2024-06-16,morning,49,male,holiday,Nut,General,3,532.46,1597.38,284.49
346,2024-06-16,morning,68,male,holiday,Sandpaper,General,1,288.86,288.86,284.49
346,2024-06-16,morning,53,female,daily_needs,Drill,General,2,231.88,463.76,284.49
347,2024-04-28,afternoon,39,female,weekend,Saw,General,5,699.62,3498.1,320.82
348,2024-06-19,morning,47,female,holiday,Wrench,General,1,843.92,843.92,297.16
348,2024-06-19,morning,51,female,holiday,Ruler,General,2,692.18,1384.36,297.16
349,2024-06-10,evening,35,female,weekend,Ruler,General,1,227.34,227.34,407.72
349,2024-06-10,evening,79,female,daily_needs,Drill,General,3,528.99,1586.97,407.72
349,2024-06-10,morning,67,male,weekend,Sandpaper,General,5,569.58,2847.9,407.72
350,2024-04-27,morning,43,male,daily_needs,Drill,General,5,36.65,183.25,203.24
350,2024-04-27,morning,44,female,weekend,Paint,General,5,324.98,1624.9,203.24
350,2024-04-27,afternoon,75,female,holiday,Brush,General,4,944.86,3779.44,203.24
350,2024-04-27,afternoon,24,female,daily_needs,Sandpaper,General,1,147.66,147.66,203.24
351,2024-05-22,morning,47,female,weekend,Drill Bit,General,2,583.59,1167.18,292.31
351,2024-05-22,morning,25,female,weekend,Wood,General,3,24.77,74.31,292.31
352,2024-04-14,evening,67,female,weekend,Tape,General,1,382.47,382.47,171.31
353,2024-04-15,evening,31,female,daily_needs,Nails,General,4,548.23,2192.92,147.31
353,2024-04-15,afternoon,42,male,daily_needs,Drill Bit,General,4,94.61,378.44,147.31
353,2024-04-15,evening,56,male,weekend,Wrench,General,1,787.04,787.04,147.31
354,2024-05-14,evening,58,female,weekend,Paint,General,3,191.94,575.82,259.29
354,2024-05-14,morning,42,female,daily_needs,Sandpaper,General,4,107.71,430.84,259.29
354,2024-05-14,afternoon,69,male,daily_needs,Saw,General,3,639.25,1917.75,259.29
355,2024-05-11,afternoon,72,female,holiday,Brush,General,4,48.09,192.36,192.35
355,2024-05-11,morning,72,male,daily_needs,Bolt,General,4,650.66,2602.64,192.35
355,2024-05-11,morning,27,female,daily_needs,Drill,General,5,388.88,1944.4,192.35
356,2024-06-15,afternoon,61,male,holiday,Nails,General,4,748.87,2995.48,421.17
356,2024-06-15,afternoon,69,male,holiday,Paint,General,1,943.46,943.46,421.17
356,2024-06-15,afternoon,71,female,daily_needs,Tape,General,5,209.81,1049.05,421.17
356,2024-06-15,morning,67,male,weekend,Nut,General,3,52.48,157.44,421.17
357,2024-04-15,morning,44,female,daily_needs,Drill,General,3,819.92,2459.76,351.35
358,2024-06-11,morning,73,female,weekend,Hammer,General,1,697.21,697.21,169.09
358,2024-06-11,afternoon,77,female,holiday,Nut,General,5,348.68,1743.4,169.09
358,2024-06-11,evening,25,female,daily_needs,Bolt,General,3,269.98,809.94,169.09
359,2024-06-18,afternoon,54,female,weekend,Screws,General,1,981.35,981.35,400.63
359,2024-06-18,afternoon,71,female,weekend,Screws,General,4,355.94,1423.76,400.63
359,2024-06-18,evening,18,male,daily_needs,Brush,General,1,655.39,655.39,400.63
359,2024-06-18,afternoon,31,female,weekend,Sandpaper,General,5,669.02,3345.1,400.63
360,2024-05-07,evening,29,male,weekend,Nut,General,1,819.79,819.79,384.64
360,2024-05-07,evening,32,male,weekend,Saw,General,5,613.92,3069.6,384.64
360,2024-05-07,evening,23,male,daily_needs,Nails,General,4,32.5,130.0,384.64
361,2024-06-11,morning,61,female,holiday,Nut,General,3,459.5,1378.5,480.82
362,2024-05-01,afternoon,73,female,holiday,Saw,General,1,704.87,704.87,441.27
363,2024-04-23,afternoon,63,female,daily_needs,Tape,General,5,217.95,1089.75,185.31
363,2024-04-23,morning,61,female,holiday,Paint,General,4,665.27,2661.08,185.31
364,2024-06-13,evening,31,male,daily_needs,Brush,General,3,390.79,1172.37,354.89
365,2024-05-31,morning,39,male,holiday,Wrench,General,1,839.08,839.08,446.12
366,2024-05-30,evening,74,female,daily_needs,Drill Bit,General,1,497.89,497.89,330.74
367,2024-04-15,morning,22,female,weekend,Saw,General,3,394.19,1182.57,359.85
367,2024-04-15,morning,55,male,daily_needs,Tape,General,5,468.33,2341.65,359.85
367,2024-04-15,afternoon,29,female,weekend,Drill,General,5,918.9,4594.5,359.85
367,2024-04-15,evening,66,female,holiday,Screws,General,2,507.1,1014.2,359.85
368,2024-06-25,afternoon,53,female,weekend,Hammer,General,1,479.38,479.38,324.2
368,2024-06-25,morning,58,male,weekend,Drill,General,2,347.65,695.3,324.2
368,2024-06-25,morning,28,male,holiday,Wrench,General,5,831.75,4158.75,324.2
368,2024-06-25,evening,80,male,daily_needs,Brush,General,4,580.32,2321.28,324.2
369,2024-06-14,evening,44,female,weekend,Wrench,General,1,165.43,165.43,272.15
370,2024-04-27,evening,59,female,weekend,Nails,General,4,321.29,1285.16,403.19
370,2024-04-27,evening,51,male,daily_needs,Tape,General,1,832.53,832.53,403.19
371,2024-04-25,morning,71,male,weekend,Hammer,General,2,497.67,995.34,410.68
371,2024-04-25,evening,58,female,holiday,Wrench,General,4,756.43,3025.72,410.68
371,2024-04-25,evening,32,male,daily_needs,Sandpaper,General,1,579.23,579.23,410.68
371,2024-04-25,evening,33,female,holiday,Saw,General,5,171.46,857.3,410.68
372,2024-06-28,afternoon,64,female,holiday,Sandpaper,General,4,935.19,3740.76,170.4
372,2024-06-28,afternoon,40,male,weekend,Tape,General,3,679.73,2039.19,170.4
372,2024-06-28,afternoon,69,female,weekend,Paint,General,4,150.57,602.28,170.4
372,2024-06-28,afternoon,43,female,holiday,Saw,General,1,777.95,777.95,170.4
373,2024-06-05,evening,24,female,holiday,Saw,General,4,487.1,1948.4,240.01
373,2024-06-05,morning,30,female,weekend,Tape,General,2,759.7,1519.4,240.01
374,2024-04-08,afternoon,80,male,weekend,Bolt,General,2,77.18,154.36,150.0
374,2024-04-08,evening,42,female,weekend,Screws,General,3,953.4,2860.2,150.0
375,2024-04-29,morning,57,male,weekend,Tape,General,3,780.05,2340.15,115.69
375,2024-04-29,afternoon,32,female,daily_needs,Brush,General,5,355.97,1779.85,115.69
376,2024-06-22,afternoon,47,female,holiday,Sandpaper,General,3,139.73,419.19,237.04
376,2024-06-22,evening,30,female,holiday,Bolt,General,5,983.78,4918.9,237.04
377,2024-04-08,morning,43,female,holiday,Drill Bit,General,2,210.24,420.48,297.03
377,2024-04-08,morning,31,female,daily_needs,Screws,General,5,944.8,4724.0,297.03
377,2024-04-08,evening,43,male,holiday,Drill,General,4,157.02,628.08,297.03
378,2024-04-29,evening,29,male,weekend,Tape,General,5,223.74,1118.7,114.14
378,2024-04-29,morning,63,female,holiday,Wrench,General,1,26.77,26.77,114.14
378,2024-04-29,evening,55,female,daily_needs,Nut,General,2,265.96,531.92,114.14
378,2024-04-29,morning,31,female,daily_needs,Saw,General,2,207.27,414.54,114.14
379,2024-04-26,evening,58,male,holiday,Saw,General,3,410.65,1231.95,406.42
380,2024-04-11,afternoon,59,female,holiday,Nut,General,1,283.99,283.99,187.65
380,2024-04-11,morning,55,female,holiday,Nut,General,1,487.97,487.97,187.65
381,2024-05-24,evening,19,female,weekend,Paint,General,3,321.02,963.06,391.16
381,2024-05-24,evening,27,male,weekend,Sandpaper,General,5,795.72,3978.6,391.16
381,2024-05-24,afternoon,57,male,weekend,Saw,General,1,336.74,336.74,391.16
381,2024-05-24,evening,27,female,daily_needs,Nut,General,5,440.1,2200.5,391.16
382,2024-06-07,evening,31,female,holiday,Screws,General,5,992.2,4961.0,185.35
382,2024-06-07,evening,20,male,holiday,Sandpaper,General,5,911.97,4559.85,185.35
382,2024-06-07,afternoon,76,male,holiday,Drill,General,1,699.52,699.52,185.35
383,2024-04-03,morning,24,female,holiday,Ruler,General,4,964.67,3858.68,419.15
383,2024-04-03,morning,61,male,daily_needs,Paint,General,1,408.2,408.2,419.15
384,2024-05-26,evening,60,male,weekend,Nut,General,4,238.69,954.76,219.07
384,2024-05-26,afternoon,48,male,weekend,Ruler,General,5,585.47,2927.35,219.07
384,2024-05-26,evening,45,male,daily_needs,Wood,General,5,371.21,1856.05,219.07
384,2024-05-26,evening,23,male,daily_needs,Wood,General,3,201.49,604.47,219.07
385,2024-04-19,afternoon,28,male,daily_needs,Paint,General,3,574.66,1723.98,260.18
385,2024-04-19,evening,46,female,daily_needs,Bolt,General,4,243.3,973.2,260.18
385,2024-04-19,evening,34,female,holiday,Saw,General,1,217.04,217.04,260.18
385,2024-04-19,evening,40,female,holiday,Saw,General,4,375.05,1500.2,260.18
386,2024-06-24,morning,22,female,daily_needs,Wood,General,4,232.86,931.44,121.43
386,2024-06-24,evening,72,male,daily_needs,Nut,General,2,741.58,1483.16,121.43
386,2024-06-24,afternoon,78,male,weekend,Nut,General,4,237.02,948.08,121.43
387,2024-04-22,evening,42,female,daily_needs,Wrench,General,2,186.61,373.22,391.89
387,2024-04-22,afternoon,76,female,weekend,Bolt,General,2,606.42,1212.84,391.89
387,2024-04-22,morning,45,female,daily_needs,Tape,General,1,588.66,588.66,391.89
388,2024-04-05,afternoon,53,female,weekend,Wrench,General,1,752.83,752.83,183.15
389,2024-04-20,afternoon,37,female,holiday,Drill Bit,General,5,635.39,3176.95,179.08
389,2024-04-20,afternoon,50,female,holiday,Paint,General,3,109.54,328.62,179.08
389,2024-04-20,afternoon,68,male,holiday,Nut,General,1,607.48,607.48,179.08
389,2024-04-20,afternoon,24,female,weekend,Drill Bit,General,3,645.73,1937.19,179.08
390,2024-06-11,morning,36,female,weekend,Ruler,General,2,721.46,1442.92,267.39
391,2024-06-13,afternoon,76,female,daily_needs,Wrench,General,2,548.77,1097.54,407.25
391,2024-06-13,morning,65,female,daily_needs,Wood,General,5,49.39,246.95,407.25
391,2024-06-13,afternoon,42,female,weekend,Drill Bit,General,1,562.06,562.06,407.25
392,2024-05-27,evening,46,female,daily_needs,Bolt,General,5,923.92,4619.6,315.9
392,2024-05-27,morning,80,female,weekend,Drill,General,3,367.66,1102.98,315.9
392,2024-05-27,evening,70,female,holiday,Paint,General,5,230.04,1150.2,315.9
393,2024-04-06,morning,65,female,daily_needs,Screws,General,2,64.18,128.36,444.23
393,2024-04-06,evening,55,female,weekend,Brush,General,5,953.26,4766.3,444.23
393,2024-04-06,morning,34,male,weekend,Tape,General,2,371.16,742.32,444.23
393,2024-04-06,evening,43,female,daily_needs,Nails,General,2,823.84,1647.68,444.23
394,2024-06-27,afternoon,20,male,holiday,Sandpaper,General,1,25.01,25.01,318.36
394,2024-06-27,morning,39,female,weekend,Bolt,General,3,394.13,1182.39,318.36
394,2024-06-27,morning,75,female,holiday,Tape,General,1,227.7,227.7,318.36
395,2024-05-22,afternoon,35,female,weekend,Wrench,General,5,140.08,700.4,396.67
395,2024-05-22,morning,45,male,daily_needs,Screws,General,1,816.24,816.24,396.67
395,2024-05-22,morning,66,male,holiday,Bolt,General,4,704.78,2819.12,396.67
396,2024-05-15,evening,50,male,holiday,Bolt,General,1,61.56,61.56,431.42
396,2024-05-15,morning,38,male,daily_needs,Drill,General,3,148.4,445.2,431.42
396,2024-05-15,evening,44,female,daily_needs,Nails,General,2,525.31,1050.62,431.42
396,2024-05-15,afternoon,65,male,daily_needs,Screws,General,5,351.96,1759.8,431.42
397,2024-06-01,evening,18,male,daily_needs,Nails,General,2,858.46,1716.92,424.26
397,2024-06-01,afternoon,24,male,weekend,Wood,General,1,397.07,397.07,424.26
398,2024-06-23,evening,36,male,daily_needs,Drill Bit,General,4,632.96,2531.84,389.61
399,2024-04-05,afternoon,25,male,holiday,Ruler,General,5,238.16,1190.8,471.48
399,2024-04-05,afternoon,52,female,daily_needs,Wood,General,4,799.05,3196.2,471.48
399,2024-04-05,afternoon,22,female,daily_needs,Wood,General,1,649.17,649.17,471.48
400,2024-06-18,evening,72,male,holiday,Screws,General,5,909.03,4545.15,481.69
400,2024-06-18,afternoon,19,female,holiday,Nails,General,5,434.11,2170.55,481.69
401,2024-04-20,morning,70,male,daily_needs,Tape,General,2,293.86,587.72,241.21
401,2024-04-20,morning,20,female,daily_needs,Nut,General,1,944.8,944.8,241.21
402,2024-04-28,evening,22,female,weekend,Paint,General,5,564.56,2822.8,254.14
402,2024-04-28,evening,46,female,holiday,Hammer,General,4,411.44,1645.76,254.14
402,2024-04-28,morning,62,male,weekend,Tape,General,2,726.4,1452.8,254.14
402,2024-04-28,evening,32,male,weekend,Bolt,General,3,944.33,2832.99,254.14
403,2024-05-25,afternoon,61,male,daily_needs,Nails,General,1,563.28,563.28,119.23
403,2024-05-25,evening,22,male,daily_needs,Nut,General,2,866.21,1732.42,119.23
403,2024-05-25,evening,59,male,holiday,Bolt,General,5,927.64,4638.2,119.23
404,2024-04-26,morning,38,female,holiday,Ruler,General,5,773.61,3868.05,332.32
405,2024-04-18,afternoon,68,male,daily_needs,Nails,General,3,819.67,2459.01,236.34
406,2024-05-26,morning,74,female,holiday,Nails,General,5,767.55,3837.75,444.07
407,2024-04-07,afternoon,19,female,daily_needs,Nails,General,1,158.16,158.16,119.58
407,2024-04-07,morning,68,female,daily_needs,Wood,General,1,416.85,416.85,119.58
407,2024-04-07,afternoon,67,male,holiday,Drill Bit,General,5,773.31,3866.55,119.58
408,2024-05-03,evening,68,female,daily_needs,Drill Bit,General,5,707.44,3537.2,376.72
408,2024-05-03,afternoon,76,male,weekend,Hammer,General,5,843.96,4219.8,376.72
408,2024-05-03,afternoon,45,female,weekend,Saw,General,5,877.78,4388.9,376.72
409,2024-04-04,morning,55,female,holiday,Hammer,General,4,831.14,3324.56,376.92
409,2024-04-04,afternoon,34,female,weekend,Brush,General,5,566.35,2831.75,376.92
409,2024-04-04,evening,57,female,holiday,Nut,General,1,497.37,497.37,376.92
409,2024-04-04,morning,56,female,daily_needs,Saw,General,2,671.85,1343.7,376.92
410,2024-06-24,afternoon,57,female,weekend,Drill Bit,General,4,909.55,3638.2,171.66
411,2024-04-25,afternoon,43,female,holiday,Nails,General,5,810.29,4051.45,178.1
411,2024-04-25,morning,43,female,weekend,Screws,General,5,980.8,4904.0,178.1
411,2024-04-25,afternoon,25,female,weekend,Nut,General,4,892.33,3569.32,178.1
412,2024-05-11,morning,79,female,daily_needs,Bolt,General,4,958.17,3832.68,133.92
413,2024-05-20,morning,67,female,weekend,Hammer,General,2,322.27,644.54,308.84
413,2024-05-20,afternoon,69,female,holiday,Bolt,General,4,493.45,1973.8,308.84
413,2024-05-20,morning,25,female,weekend,Brush,General,2,842.4,1684.8,308.84
413,2024-05-20,evening,49,female,daily_needs,Screws,General,1,898.91,898.91,308.84
414,2024-06-03,morning,23,male,weekend,Screws,General,3,195.73,587.19,181.23
414,2024-06-03,morning,39,female,daily_needs,Hammer,General,5,334.61,1673.05,181.23
415,2024-06-06,evening,42,male,weekend,Screws,General,1,374.73,374.73,439.69
415,2024-06-06,afternoon,67,male,daily_needs,Nut,General,3,910.03,2730.09,439.69
415,2024-06-06,morning,39,male,daily_needs,Drill,General,1,524.73,524.73,439.69
416,2024-05-18,morning,39,male,weekend,Nut,General,2,257.36,514.72,150.75
416,2024-05-18,evening,63,male,daily_needs,Bolt,General,1,885.53,885.53,150.75
416,2024-05-18,evening,35,female,holiday,Drill,General,1,796.97,796.97,150.75
416,2024-05-18,afternoon,76,male,weekend,Ruler,General,1,811.3,811.3,150.75
417,2024-06-08,evening,32,female,holiday,Drill Bit,General,2,687.3,1374.6,354.07
417,2024-06-08,afternoon,55,male,holiday,Ruler,General,3,64.23,192.69,354.07
417,2024-06-08,morning,24,male,weekend,Drill Bit,General,5,164.33,821.65,354.07
417,2024-06-08,morning,31,female,holiday,Bolt,General,5,99.19,495.95,354.07
418,2024-04-14,morning,69,female,daily_needs,Ruler,General,3,179.37,538.11,263.36
419,2024-05-30,morning,61,female,weekend,Wood,General,4,462.63,1850.52,212.9
419,2024-05-30,afternoon,73,male,weekend,Drill,General,3,512.22,1536.66,212.9
419,2024-05-30,evening,27,male,holiday,Tape,General,4,827.49,3309.96,212.9
419,2024-05-30,morning,38,female,weekend,Wrench,General,2,145.7,291.4,212.9
420,2024-05-12,afternoon,25,male,weekend,Wood,General,5,762.08,3810.4,321.42
420,2024-05-12,afternoon,20,male,weekend,Paint,General,3,245.79,737.37,321.42
421,2024-06-07,evening,79,female,daily_needs,Hammer,General,3,452.55,1357.65,289.13
421,2024-06-07,afternoon,76,female,holiday,Hammer,General,5,145.93,729.65,289.13
422,2024-06-09,afternoon,38,female,daily_needs,Wrench,General,2,74.5,149.0,289.06
422,2024-06-09,morning,22,male,holiday,Drill Bit,General,4,564.34,2257.36,289.06
422,2024-06-09,evening,30,male,weekend,Tape,General,2,408.21,816.42,289.06
422,2024-06-09,morning,60,male,weekend,Ruler,General,3,717.63,2152.89,289.06
423,2024-04-11,afternoon,32,male,holiday,Ruler,General,1,34.92,34.92,255.08
423,2024-04-11,afternoon,77,female,weekend,Screws,General,5,792.68,3963.4,255.08
423,2024-04-11,evening,42,female,weekend,Wrench,General,4,325.65,1302.6,255.08
424,2024-04-27,morning,56,female,daily_needs,Tape,General,1,689.85,689.85,244.97
424,2024-04-27,morning,70,male,weekend,Tape,General,5,934.18,4670.9,244.97
425,2024-04-22,evening,47,male,daily_needs,Hammer,General,1,751.39,751.39,416.73
425,2024-04-22,afternoon,32,female,weekend,Bolt,General,5,506.41,2532.05,416.73
425,2024-04-22,evening,63,female,holiday,Wrench,General,4,634.36,2537.44,416.73
425,2024-04-22,evening,51,male,weekend,Wood,General,4,72.61,290.44,416.73
426,2024-04-17,afternoon,54,male,weekend,Bolt,General,3,233.0,699.0,274.84
427,2024-04-29,afternoon,75,female,holiday,Ruler,General,1,953.53,953.53,184.26
427,2024-04-29,morning,28,male,daily_needs,Drill,General,5,335.06,1675.3,184.26
428,2024-06-11,afternoon,18,female,weekend,Drill,General,1,980.95,980.95,392.73
429,2024-06-07,afternoon,53,female,weekend,Sandpaper,General,4,728.6,2914.4,298.55
429,2024-06-07,morning,47,male,daily_needs,Brush,General,4,422.91,1691.64,298.55
430,2024-05-16,morning,18,female,weekend,Wrench,General,2,178.81,357.62,496.99
430,2024-05-16,morning,25,male,holiday,Nut,General,5,144.52,722.6,496.99
430,2024-05-16,evening,71,male,holiday,Brush,General,5,181.73,908.65,496.99
430,2024-05-16,evening,68,female,weekend,Screws,General,4,276.2,1104.8,496.99
431,2024-04-28,morning,72,male,weekend,Wrench,General,3,650.97,1952.91,499.32
431,2024-04-28,afternoon,54,male,holiday,Tape,General,1,902.13,902.13,499.32
432,2024-05-22,morning,74,female,holiday,Paint,General,2,112.61,225.22,180.95
432,2024-05-22,evening,76,female,daily_needs,Paint,General,5,815.15,4075.75,180.95
432,2024-05-22,afternoon,55,male,daily_needs,Wood,General,3,981.82,2945.46,180.95
432,2024-05-22,afternoon,40,male,daily_needs,Saw,General,2,135.98,271.96,180.95
433,2024-05-20,afternoon,53,male,weekend,Tape,General,1,320.79,320.79,384.13
433,2024-05-20,morning,68,female,weekend,Nut,General,5,112.95,564.75,384.13
434,2024-06-28,evening,39,female,weekend,Wrench,General,5,810.36,4051.8,383.9
434,2024-06-28,evening,77,female,daily_needs,Nails,General,5,261.81,1309.05,383.9
434,2024-06-28,evening,66,male,daily_needs,Drill,General,4,209.55,838.2,383.9
434,2024-06-28,evening,43,female,holiday,Sandpaper,General,2,499.08,998.16,383.9
435,2024-05-30,evening,49,female,weekend,Paint,General,5,225.41,1127.05,415.33
435,2024-05-30,afternoon,22,male,weekend,Nails,General,4,271.7,1086.8,415.33
435,2024-05-30,evening,22,female,daily_needs,Tape,General,5,43.02,215.1,415.33
435,2024-05-30,evening,59,female,daily_needs,Brush,General,4,857.87,3431.48,415.33
436,2024-04-25,evening,56,male,holiday,Tape,General,4,852.53,3410.12,145.99
436,2024-04-25,morning,20,male,daily_needs,Nails,General,2,617.59,1235.18,145.99
437,2024-05-13,evening,79,male,weekend,Saw,General,2,754.4,1508.8,265.08
437,2024-05-13,afternoon,49,male,daily_needs,Saw,General,5,611.63,3058.15,265.08
437,2024-05-13,morning,18,female,daily_needs,Tape,General,4,781.79,3127.16,265.08
438,2024-05-03,evening,56,male,weekend,Ruler,General,5,579.27,2896.35,135.82
438,2024-05-03,afternoon,32,male,weekend,Sandpaper,General,5,939.83,4699.15,135.82
438,2024-05-03,afternoon,47,male,weekend,Sandpaper,General,2,978.25,1956.5,135.82
438,2024-05-03,evening,61,female,daily_needs,Hammer,General,2,766.44,1532.88,135.82
439,2024-05-29,afternoon,37,male,holiday,Screws,General,1,376.56,376.56,419.38
439,2024-05-29,evening,54,female,daily_needs,Drill Bit,General,3,912.95,2738.85,419.38
440,2024-06-19,morning,60,female,weekend,Drill Bit,General,4,625.7,2502.8,162.78
440,2024-06-19,afternoon,47,male,daily_needs,Nails,General,3,322.09,966.27,162.78
440,2024-06-19,evening,24,female,holiday,Sandpaper,General,2,632.84,1265.68,162.78
440,2024-06-19,morning,64,female,daily_needs,Ruler,General,5,435.53,2177.65,162.78
441,2024-05-14,evening,53,female,daily_needs,Hammer,General,5,356.16,1780.8,341.98
441,2024-05-14,morning,78,female,holiday,Brush,General,4,864.75,3459.0,341.98
441,2024-05-14,evening,36,male,holiday,Drill Bit,General,2,993.0,1986.0,341.98
441,2024-05-14,afternoon,35,female,weekend,Hammer,General,2,395.03,790.06,341.98
442,2024-04-20,afternoon,71,female,holiday,Brush,General,3,602.64,1807.92,423.39
442,2024-04-20,afternoon,65,female,holiday,Sandpaper,General,4,397.31,1589.24,423.39
442,2024-04-20,afternoon,70,female,weekend,Wrench,General,1,361.89,361.89,423.39
442,2024-04-20,evening,69,male,weekend,Ruler,General,4,908.98,3635.92,423.39
443,2024-05-11,evening,58,male,weekend,Hammer,General,3,256.51,769.53,298.06
444,2024-06-16,evening,64,female,holiday,Ruler,General,5,618.92,3094.6,225.93
445,2024-04-30,afternoon,74,male,daily_needs,Sandpaper,General,3,294.06,882.18,446.76
445,2024-04-30,morning,67,female,holiday,Hammer,General,3,244.98,734.94,446.76
445,2024-04-30,morning,30,female,weekend,Bolt,General,2,202.8,405.6,446.76
446,2024-06-17,morning,44,female,weekend,Wrench,General,5,62.04,310.2,467.52
447,2024-04-04,morning,47,male,daily_needs,Tape,General,3,105.61,316.83,100.52
447,2024-04-04,afternoon,31,male,holiday,Saw,General,1,327.94,327.94,100.52
447,2024-04-04,morning,69,male,weekend,Paint,General,5,245.85,1229.25,100.52
447,2024-04-04,evening,46,female,daily_needs,Drill,General,3,926.03,2778.09,100.52
448,2024-05-30,evening,45,female,holiday,Tape,General,4,866.49,3465.96,398.23
448,2024-05-30,morning,31,male,weekend,Drill,General,5,626.94,3134.7,398.23
448,2024-05-30,afternoon,25,female,holiday,Screws,General,1,714.54,714.54,398.23
449,2024-06-13,morning,21,male,daily_needs,Screws,General,4,447.49,1789.96,293.18
449,2024-06-13,evening,25,female,daily_needs,Brush,General,3,977.22,2931.66,293.18
449,2024-06-13,afternoon,55,female,weekend,Bolt,General,4,218.14,872.56,293.18
450,2024-04-26,morning,45,male,weekend,Saw,General,2,891.66,1783.32,278.87
450,2024-04-26,evening,41,female,holiday,Sandpaper,General,5,598.24,2991.2,278.87
451,2024-05-14,afternoon,60,male,weekend,Hammer,General,2,765.32,1530.64,111.6
452,2024-05-22,afternoon,45,female,daily_needs,Sandpaper,General,1,643.78,643.78,465.72
452,2024-05-22,evening,61,male,daily_needs,Bolt,General,2,254.37,508.74,465.72
452,2024-05-22,evening,43,male,daily_needs,Bolt,General,1,144.83,144.83,465.72
452,2024-05-22,afternoon,47,female,weekend,Bolt,General,5,530.5,2652.5,465.72
453,2024-05-09,evening,65,male,daily_needs,Sandpaper,General,4,936.47,3745.88,278.36
454,2024-05-13,afternoon,55,male,daily_needs,Nut,General,4,848.12,3392.48,245.35
455,2024-04-04,afternoon,20,female,daily_needs,Sandpaper,General,5,220.89,1104.45,315.14
455,2024-04-04,evening,37,female,holiday,Wrench,General,3,522.04,1566.12,315.14
455,2024-04-04,morning,69,male,daily_needs,Saw,General,5,844.6,4223.0,315.14
455,2024-04-04,afternoon,47,male,weekend,Drill Bit,General,3,666.74,2000.22,315.14
456,2024-06-28,afternoon,74,female,holiday,Screws,General,4,201.01,804.04,123.1
457,2024-04-02,morning,73,female,holiday,Ruler,General,5,259.96,1299.8,365.29
457,2024-04-02,afternoon,69,female,daily_needs,Wrench,General,1,439.46,439.46,365.29
458,2024-06-06,evening,57,female,weekend,Saw,General,1,559.81,559.81,363.6
458,2024-06-06,afternoon,65,male,daily_needs,Drill,General,2,972.28,1944.56,363.6
458,2024-06-06,morning,47,female,weekend,Hammer,General,3,171.42,514.26,363.6
459,2024-06-19,morning,65,female,daily_needs,Drill,General,1,900.95,900.95,342.82
460,2024-06-16,afternoon,30,male,daily_needs,Bolt,General,2,912.05,1824.1,243.29
460,2024-06-16,afternoon,40,female,daily_needs,Drill,General,1,451.36,451.36,243.29
460,2024-06-16,evening,55,male,weekend,Saw,General,1,808.22,808.22,243.29
460,2024-06-16,evening,47,male,daily_needs,Hammer,General,1,163.05,163.05,243.29
461,2024-06-20,morning,23,female,daily_needs,Hammer,General,3,145.46,436.38,131.35
461,2024-06-20,evening,26,male,holiday,Ruler,General,4,934.61,3738.44,131.35
461,2024-06-20,morning,69,male,weekend,Wood,General,1,786.13,786.13,131.35
462,2024-04-05,morning,76,female,weekend,Wood,General,3,714.64,2143.92,187.01
462,2024-04-05,evening,40,female,weekend,Bolt,General,4,887.28,3549.12,187.01
463,2024-06-15,afternoon,71,female,holiday,Nut,General,3,251.97,755.91,431.95
463,2024-06-15,afternoon,72,male,holiday,Screws,General,4,162.43,649.72,431.95
464,2024-06-26,evening,73,male,weekend,Drill Bit,General,3,854.91,2564.73,334.75
464,2024-06-26,morning,50,female,daily_needs,Ruler,General,3,377.83,1133.49,334.75
465,2024-05-30,evening,68,male,weekend,Drill Bit,General,3,599.91,1799.73,197.47
465,2024-05-30,evening,25,female,holiday,Wrench,General,5,341.78,1708.9,197.47
465,2024-05-30,afternoon,34,female,weekend,Nails,General,3,34.6,103.8,197.47
465,2024-05-30,evening,66,female,holiday,Wood,General,3,593.5,1780.5,197.47
466,2024-04-15,evening,19,male,holiday,Saw,General,3,419.08,1257.24,216.19
466,2024-04-15,morning,76,female,daily_needs,Sandpaper,General,4,603.75,2415.0,216.19
466,2024-04-15,afternoon,40,female,holiday,Wrench,General,2,380.9,761.8,216.19
467,2024-05-13,morning,50,male,holiday,Screws,General,4,449.87,1799.48,231.89
468,2024-05-28,evening,49,female,weekend,Paint,General,5,876.4,4382.0,247.97
468,2024-05-28,evening,25,male,daily_needs,Wood,General,4,165.42,661.68,247.97
468,2024-05-28,afternoon,65,male,weekend,Bolt,General,4,623.38,2493.52,247.97
468,2024-05-28,morning,49,male,holiday,Saw,General,3,894.85,2684.55,247.97
469,2024-06-16,evening,71,female,holiday,Wrench,General,4,472.61,1890.44,206.06
469,2024-06-16,evening,72,male,weekend,Brush,General,2,213.53,427.06,206.06
469,2024-06-16,evening,39,female,holiday,Ruler,General,4,135.06,540.24,206.06
470,2024-05-13,evening,32,female,daily_needs,Drill Bit,General,2,780.99,1561.98,272.37
470,2024-05-13,afternoon,57,male,weekend,Saw,General,1,786.59,786.59,272.37
470,2024-05-13,morning,49,male,holiday,Sandpaper,General,4,373.24,1492.96,272.37
471,2024-04-09,afternoon,78,male,holiday,Nut,General,2,290.78,581.56,298.57
471,2024-04-09,evening,70,male,daily_needs,Paint,General,3,961.17,2883.51,298.57
471,2024-04-09,afternoon,53,male,weekend,Paint,General,3,630.04,1890.12,298.57
472,2024-05-14,afternoon,69,male,daily_needs,Brush,General,5,957.19,4785.95,365.42
472,2024-05-14,morning,41,female,holiday,Ruler,General,4,426.47,1705.88,365.42
472,2024-05-14,morning,53,female,daily_needs,Saw,General,5,109.82,549.1,365.42
473,2024-06-04,evening,21,female,daily_needs,Nails,General,4,107.02,428.08,464.29
473,2024-06-04,evening,48,female,daily_needs,Nails,General,5,467.66,2338.3,464.29
473,2024-06-04,morning,32,female,holiday,Brush,General,1,782.87,782.87,464.29
473,2024-06-04,evening,61,male,daily_needs,Nut,General,4,55.33,221.32,464.29
474,2024-06-13,evening,61,male,daily_needs,Hammer,General,3,384.37,1153.11,404.99
474,2024-06-13,morning,56,male,daily_needs,Nails,General,3,844.39,2533.17,404.99
474,2024-06-13,morning,20,male,weekend,Saw,General,1,52.32,52.32,404.99
475,2024-04-25,evening,31,female,daily_needs,Sandpaper,General,5,61.71,308.55,463.86
475,2024-04-25,evening,60,male,holiday,Wood,General,4,528.38,2113.52,463.86
476,2024-06-23,evening,52,male,holiday,Saw,General,3,953.54,2860.62,279.92
477,2024-04-13,afternoon,45,female,daily_needs,Wrench,General,3,883.06,2649.18,421.75
477,2024-04-13,evening,18,male,weekend,Wood,General,1,201.88,201.88,421.75
477,2024-04-13,morning,65,female,weekend,Saw,General,4,292.53,1170.12,421.75
477,2024-04-13,evening,70,female,weekend,Saw,General,1,272.5,272.5,421.75
478,2024-06-22,evening,66,male,weekend,Bolt,General,4,418.34,1673.36,276.94
478,2024-06-22,evening,38,male,holiday,Wrench,General,5,484.88,2424.4,276.94
479,2024-05-09,evening,54,male,weekend,Brush,General,5,456.95,2284.75,135.32
479,2024-05-09,afternoon,42,male,holiday,Bolt,General,3,264.33,792.99,135.32
479,2024-05-09,afternoon,39,female,weekend,Saw,General,2,212.06,424.12,135.32
480,2024-05-06,morning,58,female,holiday,Tape,General,1,849.95,849.95,475.5
481,2024-05-19,evening,42,female,weekend,Nut,General,5,82.6,413.0,458.95
481,2024-05-19,evening,52,male,daily_needs,Bolt,General,2,258.13,516.26,458.95
481,2024-05-19,evening,58,male,weekend,Brush,General,5,500.83,2504.15,458.95
482,2024-04-24,morning,47,male,daily_needs,Sandpaper,General,5,778.07,3890.35,121.29
483,2024-05-20,morning,50,female,weekend,Drill Bit,General,3,712.71,2138.13,495.74
484,2024-05-12,evening,33,male,weekend,Tape,General,3,341.3,1023.9,254.02
484,2024-05-12,afternoon,61,female,holiday,Brush,General,3,829.16,2487.48,254.02
484,2024-05-12,afternoon,50,female,holiday,Nut,General,1,73.03,73.03,254.02
484,2024-05-12,afternoon,39,male,holiday,Screws,General,4,644.46,2577.84,254.02
485,2024-06-01,afternoon,58,female,holiday,Saw,General,2,968.75,1937.5,466.2
485,2024-06-01,morning,47,male,weekend,Brush,General,1,270.25,270.25,466.2
485,2024-06-01,afternoon,40,male,weekend,Tape,General,3,194.02,582.06,466.2
485,2024-06-01,morning,36,male,daily_needs,Nut,General,5,442.67,2213.35,466.2
486,2024-05-03,evening,24,female,daily_needs,Hammer,General,2,339.28,678.56,352.63
486,2024-05-03,morning,54,female,holiday,Nut,General,1,808.38,808.38,352.63
486,2024-05-03,afternoon,41,male,daily_needs,Drill,General,3,881.54,2644.62,352.63
486,2024-05-03,evening,38,male,holiday,Nails,General,3,989.11,2967.33,352.63
487,2024-04-24,evening,54,female,weekend,Brush,General,2,202.44,404.88,295.99
487,2024-04-24,evening,62,male,weekend,Screws,General,2,220.37,440.74,295.99
488,2024-04-13,afternoon,20,male,holiday,Ruler,General,4,62.35,249.4,245.45
489,2024-04-17,evening,35,female,weekend,Drill Bit,General,3,588.77,1766.31,406.65
490,2024-05-17,afternoon,72,male,weekend,Hammer,General,2,364.32,728.64,348.17
491,2024-04-13,afternoon,31,female,holiday,Ruler,General,2,63.85,127.7,476.87
492,2024-04-01,afternoon,64,female,daily_needs,Drill,General,1,439.54,439.54,104.34
492,2024-04-01,morning,75,male,daily_needs,Brush,General,5,595.92,2979.6,104.34
492,2024-04-01,afternoon,39,male,weekend,Nails,General,3,998.38,2995.14,104.34
492,2024-04-01,morning,79,male,daily_needs,Saw,General,2,101.03,202.06,104.34
493,2024-04-17,afternoon,33,male,daily_needs,Brush,General,4,423.01,1692.04,259.26
493,2024-04-17,morning,29,male,daily_needs,Brush,General,1,906.24,906.24,259.26
493,2024-04-17,afternoon,39,male,weekend,Tape,General,2,265.54,531.08,259.26
493,2024-04-17,afternoon,39,female,daily_needs,Brush,General,4,941.37,3765.48,259.26
494,2024-04-07,afternoon,58,female,holiday,Hammer,General,2,465.6,931.2,225.63
494,2024-04-07,morning,18,female,holiday,Ruler,General,4,558.86,2235.44,225.63
495,2024-04-06,evening,18,female,weekend,Nails,General,1,972.04,972.04,133.29
495,2024-04-06,evening,23,female,weekend,Ruler,General,5,218.56,1092.8,133.29
495,2024-04-06,morning,80,male,weekend,Tape,General,2,582.86,1165.72,133.29
495,2024-04-06,morning,66,male,daily_needs,Nut,General,3,287.19,861.57,133.29
496,2024-05-07,morning,73,female,weekend,Sandpaper,General,1,898.46,898.46,332.67
496,2024-05-07,morning,27,male,holiday,Wood,General,2,51.43,102.86,332.67
496,2024-05-07,afternoon,29,female,holiday,Saw,General,4,754.88,3019.52,332.67
497,2024-05-13,evening,25,male,daily_needs,Wrench,General,1,318.5,318.5,442.48
497,2024-05-13,evening,75,male,weekend,Wrench,General,3,553.49,1660.47,442.48
497,2024-05-13,morning,67,female,daily_needs,Hammer,General,5,236.93,1184.65,442.48
498,2024-05-07,afternoon,64,male,daily_needs,Brush,General,2,768.67,1537.34,102.61
498,2024-05-07,afternoon,63,female,holiday,Saw,General,2,476.15,952.3,102.61
498,2024-05-07,morning,18,female,daily_needs,Brush,General,3,248.62,745.86,102.61
498,2024-05-07,afternoon,20,male,daily_needs,Tape,General,4,30.51,122.04,102.61
499,2024-05-05,morning,25,male,weekend,Wrench,General,5,186.22,931.1,459.41
499,2024-05-05,morning,73,male,holiday,Ruler,General,5,749.95,3749.75,459.41
499,2024-05-05,morning,46,female,weekend,Wood,General,1,464.93,464.93,459.41
499,2024-05-05,evening,46,female,daily_needs,Paint,General,5,112.51,562.55,459.41
500,2024-05-01,morning,66,male,daily_needs,Nut,General,3,726.69,2180.07,456.99
500,2024-05-01,evening,23,female,holiday,Tape,General,5,205.42,1027.1,456.99
