transaction_id,date,time_of_day,customer_age,customer_gender,occasion,product_name,category,quantity,unit_price,total_item_price,total_spent
1,2024-03-28,morning,47,male,weekend,Deodorant,General,2,955.01,1910.02,448.8
1,2024-03-28,evening,75,male,daily_needs,Shampoo,General,2,650.05,1300.1,448.8
1,2024-03-28,morning,67,female,holiday,Vitamin C,General,1,316.73,316.73,448.8
2,2024-03-16,evening,73,male,daily_needs,Mouthwash,General,2,913.42,1826.84,330.62
2,2024-03-16,afternoon,23,male,holiday,Mouthwash,General,4,111.07,444.28,330.62
2,2024-03-16,morning,27,female,daily_needs,Face Wash,General,2,737.12,1474.24,330.62
3,2024-01-29,morning,25,female,weekend,Sunscreen,General,2,72.43,144.86,342.33
3,2024-01-29,evening,61,male,daily_needs,Multivitamin,General,4,414.64,1658.56,342.33
4,2024-01-31,morning,25,male,weekend,Paracetamol,General,3,668.48,2005.44,470.21
4,2024-01-31,afternoon,77,male,daily_needs,Thermometer,General,5,751.84,3759.2,470.21
5,2024-02-11,afternoon,54,male,weekend,Lotion,General,3,224.23,672.69,105.36
6,2024-02-06,evening,74,female,holiday,Multivitamin,General,2,769.07,1538.14,212.82
6,2024-02-06,morning,23,female,daily_needs,Shampoo,General,5,689.38,3446.9,212.82
6,2024-02-06,evening,51,male,weekend,Deodorant,General,1,584.9,584.9,212.82
6,2024-02-06,afternoon,80,male,daily_needs,Mouthwash,General,3,388.07,1164.21,212.82
7,2024-01-17,evening,72,female,weekend,Soap,General,4,842.85,3371.4,126.41
7,2024-01-17,evening,65,male,daily_needs,Soap,General,5,604.28,3021.4,126.41
8,2024-01-31,morning,67,male,daily_needs,Sunscreen,General,1,159.04,159.04,176.3
8,2024-01-31,afternoon,53,female,holiday,Antiseptic,General,4,320.81,1283.24,176.3
8,2024-01-31,morning,31,male,weekend,Multivitamin,General,2,45.13,90.26,176.3
8,2024-01-31,afternoon,77,male,weekend,Multivitamin,General,3,621.97,1865.91,176.3
9,2024-03-16,evening,49,female,daily_needs,Paracetamol,General,5,627.04,3135.2,277.25
9,2024-03-16,evening,79,male,weekend,Lotion,General,5,41.93,209.65,277.25
10,2024-02-13,morning,73,female,holiday,Face Wash,General,1,355.54,355.54,204.42
10,2024-02-13,morning,70,male,daily_needs,Soap,General,3,51.74,155.22,204.42
11,2024-01-22,morning,57,female,weekend,Sunscreen,General,5,915.92,4579.6,355.94
12,2024-03-02,afternoon,57,male,weekend,Sunscreen,General,5,683.53,3417.65,499.22
12,2024-03-02,afternoon,36,female,daily_needs,Cough Syrup,General,3,489.98,1469.94,499.22
12,2024-03-02,morning,26,female,weekend,Lotion,General,1,128.35,128.35,499.22
12,2024-03-02,evening,21,male,holiday,Multivitamin,General,1,223.08,223.08,499.22
13,2024-03-07,morning,46,female,weekend,Shampoo,General,1,499.2,499.2,269.52
13,2024-03-07,morning,52,male,holiday,Multivitamin,General,3,458.81,1376.43,269.52
14,2024-02-02,evening,24,female,holiday,Vitamin C,General,4,102.75,411.0,303.35
15,2024-03-07,morning,33,male,weekend,Soap,General,2,345.5,691.0,487.51
15,2024-03-07,afternoon,41,female,weekend,Bandages,General,2,805.01,1610.02,487.51
15,2024-03-07,morning,25,male,daily_needs,Vitamin C,General,5,446.39,2231.95,487.51
15,2024-03-07,afternoon,52,female,weekend,Lotion,General,4,604.24,2416.96,487.51
16,2024-03-18,morning,25,male,weekend,Cough Syrup,General,2,614.82,1229.64,162.63
17,2024-03-11,afternoon,74,female,weekend,Deodorant,General,2,97.35,194.7,334.06
17,2024-03-11,evening,33,male,holiday,Deodorant,General,4,38.6,154.4,334.06
17,2024-03-11,morning,80,female,weekend,Lotion,General,4,118.16,472.64,334.06
18,2024-02-26,morning,68,male,daily_needs,Sunscreen,General,5,495.94,2479.7,286.94
19,2024-02-16,morning,65,female,holiday,Cough Syrup,General,5,772.91,3864.55,320.81
20,2024-03-27,evening,18,female,daily_needs,Face Wash,General,1,330.33,330.33,168.85
20,2024-03-27,afternoon,57,male,holiday,Bandages,General,5,825.28,4126.4,168.85
20,2024-03-27,afternoon,68,female,holiday,Cough Syrup,General,1,214.69,214.69,168.85
21,2024-03-30,evening,25,female,weekend,Mouthwash,General,5,754.91,3774.55,140.82
21,2024-03-30,afternoon,79,male,daily_needs,Cough Syrup,General,4,300.92,1203.68,140.82
21,2024-03-30,morning,49,female,holiday,Bandages,General,2,248.63,497.26,140.82
21,2024-03-30,morning,66,female,weekend,Paracetamol,General,2,742.23,1484.46,140.82
22,2024-03-20,evening,54,male,holiday,Sunscreen,General,1,85.66,85.66,429.02
22,2024-03-20,afternoon,28,female,holiday,Paracetamol,General,1,230.06,230.06,429.02
22,2024-03-20,morning,50,female,holiday,Deodorant,General,2,123.58,247.16,429.02
23,2024-03-07,morning,60,male,holiday,Shampoo,General,3,113.18,339.54,472.36
24,2024-03-24,morning,41,female,daily_needs,Thermometer,General,1,101.83,101.83,277.78
25,2024-01-17,evening,50,male,daily_needs,Toothpaste,General,4,896.28,3585.12,221.65
25,2024-01-17,morning,28,male,weekend,Thermometer,General,3,531.51,1594.53,221.65
25,2024-01-17,evening,77,male,holiday,Sunscreen,General,5,386.32,1931.6,221.65
26,2024-01-16,morning,69,male,weekend,Toothpaste,General,1,430.41,430.41,228.08
26,2024-01-16,evening,23,male,daily_needs,Lotion,General,5,103.43,517.15,228.08
27,2024-03-31,morning,66,male,daily_needs,Toothpaste,General,4,680.85,2723.4,336.17
27,2024-03-31,morning,56,female,holiday,Thermometer,General,5,167.43,837.15,336.17
27,2024-03-31,evening,66,female,holiday,Face Wash,General,4,671.29,2685.16,336.17
27,2024-03-31,morning,35,male,holiday,Antiseptic,General,2,719.11,1438.22,336.17
28,2024-02-17,evening,45,male,weekend,Lotion,General,1,504.47,504.47,320.74
29,2024-02-15,afternoon,36,male,weekend,Soap,General,4,366.96,1467.84,411.61
29,2024-02-15,afternoon,55,female,daily_needs,Bandages,General,1,887.07,887.07,411.61
30,2024-03-08,evening,42,female,holiday,Cough Syrup,General,3,936.85,2810.55,271.72
30,2024-03-08,afternoon,46,female,daily_needs,Multivitamin,General,4,31.38,125.52,271.72
30,2024-03-08,evening,39,male,weekend,Paracetamol,General,2,981.6,1963.2,271.72
31,2024-02-29,evening,44,female,holiday,Toothpaste,General,2,20.34,40.68,487.06
31,2024-02-29,morning,35,female,holiday,Soap,General,5,243.39,1216.95,487.06
32,2024-01-20,morning,34,female,weekend,Paracetamol,General,5,456.27,2281.35,330.3
32,2024-01-20,afternoon,19,male,daily_needs,Bandages,General,1,230.16,230.16,330.3
32,2024-01-20,morning,55,male,weekend,Face Wash,General,5,647.3,3236.5,330.3
32,2024-01-20,morning,70,male,holiday,Lotion,General,1,248.0,248.0,330.3
33,2024-03-15,morning,39,male,daily_needs,Vitamin C,General,3,334.79,1004.37,304.42
33,2024-03-15,afternoon,39,male,daily_needs,Antiseptic,General,3,755.47,2266.41,304.42
33,2024-03-15,afternoon,27,female,daily_needs,Mouthwash,General,1,440.34,440.34,304.42
33,2024-03-15,evening,20,male,holiday,Bandages,General,3,47.69,143.07,304.42
34,2024-03-27,afternoon,72,male,weekend,Shampoo,General,4,898.64,3594.56,472.54
34,2024-03-27,morning,67,male,holiday,Bandages,General,5,547.48,2737.4,472.54
34,2024-03-27,evening,58,male,holiday,Toothpaste,General,1,868.97,868.97,472.54
34,2024-03-27,afternoon,71,male,daily_needs,Bandages,General,1,453.99,453.99,472.54
35,2024-03-07,morning,71,female,holiday,Paracetamol,General,4,634.06,2536.24,478.87
36,2024-03-24,evening,60,male,holiday,Mouthwash,General,4,702.55,2810.2,319.82
36,2024-03-24,afternoon,77,female,holiday,Bandages,General,1,340.78,340.78,319.82
36,2024-03-24,evening,34,female,holiday,Vitamin C,General,1,141.63,141.63,319.82
36,2024-03-24,morning,64,male,daily_needs,Deodorant,General,4,994.79,3979.16,319.82
37,2024-02-15,evening,20,female,daily_needs,Multivitamin,General,4,97.03,388.12,373.11
37,2024-02-15,morning,32,female,daily_needs,Lotion,General,3,263.58,790.74,373.11
37,2024-02-15,evening,59,male,daily_needs,Toothpaste,General,5,274.71,1373.55,373.11
37,2024-02-15,afternoon,56,male,weekend,Sunscreen,General,1,68.17,68.17,373.11
38,2024-03-31,morning,37,female,daily_needs,Vitamin C,General,3,922.1,2766.3,499.46
38,2024-03-31,evening,73,female,holiday,Deodorant,General,5,621.12,3105.6,499.46
38,2024-03-31,afternoon,49,female,daily_needs,Antiseptic,General,4,276.89,1107.56,499.46
39,2024-01-16,afternoon,45,female,weekend,Shampoo,General,4,353.12,1412.48,456.99
39,2024-01-16,evening,46,female,weekend,Cough Syrup,General,2,785.63,1571.26,456.99
39,2024-01-16,evening,19,female,daily_needs,Cough Syrup,General,3,272.93,818.79,456.99
40,2024-03-06,morning,72,male,weekend,Antiseptic,General,3,73.11,219.33,258.6
40,2024-03-06,afternoon,56,female,daily_needs,Thermometer,General,1,28.97,28.97,258.6
40,2024-03-06,evening,45,male,daily_needs,Multivitamin,General,2,169.11,338.22,258.6
40,2024-03-06,morning,79,female,weekend,Thermometer,General,4,700.07,2800.28,258.6
41,2024-03-15,afternoon,26,female,holiday,Multivitamin,General,4,47.19,188.76,131.63
41,2024-03-15,afternoon,63,male,daily_needs,Antiseptic,General,5,818.98,4094.9,131.63
41,2024-03-15,afternoon,52,female,daily_needs,Vitamin C,General,5,34.71,173.55,131.63
42,2024-03-15,afternoon,63,female,holiday,Paracetamol,General,2,877.13,1754.26,169.16
42,2024-03-15,evening,74,female,weekend,Thermometer,General,1,932.37,932.37,169.16
42,2024-03-15,afternoon,46,male,holiday,Lotion,General,3,855.69,2567.07,169.16
42,2024-03-15,evening,69,female,daily_needs,Paracetamol,General,1,921.13,921.13,169.16
43,2024-01-21,evening,34,male,holiday,Shampoo,General,4,355.31,1421.24,272.03
43,2024-01-21,evening,55,female,holiday,Vitamin C,General,4,563.03,2252.12,272.03
44,2024-04-05,afternoon,80,female,holiday,Paracetamol,General,3,145.36,436.08,368.7
44,2024-04-05,evening,66,male,holiday,Antiseptic,General,3,374.79,1124.37,368.7
45,2024-02-18,morning,61,female,weekend,Bandages,General,3,299.5,898.5,286.89
46,2024-02-02,morning,25,male,daily_needs,Paracetamol,General,4,299.76,1199.04,314.91
46,2024-02-02,evening,64,female,holiday,Mouthwash,General,1,461.74,461.74,314.91
47,2024-03-05,morning,60,female,holiday,Face Wash,General,2,499.5,999.0,112.28
47,2024-03-05,evening,52,female,holiday,Paracetamol,General,1,899.78,899.78,112.28
48,2024-02-29,evening,52,male,daily_needs,Mouthwash,General,4,963.07,3852.28,430.68
49,2024-02-16,evening,58,male,daily_needs,Lotion,General,5,994.44,4972.2,491.54
49,2024-02-16,afternoon,64,male,weekend,Mouthwash,General,2,344.4,688.8,491.54
49,2024-02-16,morning,74,female,daily_needs,Vitamin C,General,1,524.41,524.41,491.54
50,2024-03-05,afternoon,50,female,holiday,Thermometer,General,1,845.71,845.71,238.14
50,2024-03-05,morning,35,female,weekend,Thermometer,General,3,276.42,829.26,238.14
50,2024-03-05,afternoon,21,male,holiday,Thermometer,General,3,694.67,2084.01,238.14
50,2024-03-05,afternoon,56,male,weekend,Soap,General,5,125.01,625.05,238.14
51,2024-04-06,morning,59,male,daily_needs,Toothpaste,General,4,961.14,3844.56,305.0
51,2024-04-06,afternoon,73,female,holiday,Mouthwash,General,5,437.07,2185.35,305.0
51,2024-04-06,evening,51,male,holiday,Mouthwash,General,1,319.95,319.95,305.0
52,2024-02-24,evening,62,male,weekend,Multivitamin,General,3,842.95,2528.85,372.41
52,2024-02-24,afternoon,42,male,daily_needs,Shampoo,General,1,864.61,864.61,372.41
52,2024-02-24,evening,52,female,holiday,Bandages,General,2,282.44,564.88,372.41
52,2024-02-24,morning,71,male,holiday,Sunscreen,General,2,531.03,1062.06,372.41
53,2024-02-14,morning,80,male,holiday,Face Wash,General,5,509.97,2549.85,256.76
54,2024-02-04,morning,51,male,holiday,Mouthwash,General,5,925.64,4628.2,167.11
54,2024-02-04,morning,20,male,daily_needs,Paracetamol,General,2,192.21,384.42,167.11
55,2024-01-15,morning,62,female,weekend,Lotion,General,4,132.32,529.28,464.02
56,2024-03-20,evening,42,male,daily_needs,Toothpaste,General,1,821.47,821.47,175.74
56,2024-03-20,afternoon,68,male,weekend,Vitamin C,General,2,899.79,1799.58,175.74
56,2024-03-20,afternoon,77,female,holiday,Cough Syrup,General,1,597.84,597.84,175.74
56,2024-03-20,morning,68,female,weekend,Lotion,General,5,648.68,3243.4,175.74
57,2024-02-08,afternoon,44,female,holiday,Shampoo,General,1,54.17,54.17,179.42
57,2024-02-08,morning,47,female,daily_needs,Vitamin C,General,3,821.02,2463.06,179.42
57,2024-02-08,afternoon,78,female,holiday,Mouthwash,General,4,448.78,1795.12,179.42
58,2024-01-24,morning,75,male,weekend,Lotion,General,4,433.64,1734.56,136.81
58,2024-01-24,morning,75,female,weekend,Bandages,General,1,714.78,714.78,136.81
58,2024-01-24,evening,71,male,weekend,Vitamin C,General,4,550.82,2203.28,136.81
59,2024-01-27,evening,70,female,holiday,Sunscreen,General,1,532.34,532.34,106.02
59,2024-01-27,evening,66,male,weekend,Lotion,General,5,218.26,1091.3,106.02
59,2024-01-27,evening,27,female,holiday,Soap,General,5,573.31,2866.55,106.02
59,2024-01-27,afternoon,28,female,holiday,Sunscreen,General,1,537.4,537.4,106.02
60,2024-03-24,evening,53,male,weekend,Toothpaste,General,4,785.96,3143.84,129.06
60,2024-03-24,morning,41,female,daily_needs,Antiseptic,General,4,847.02,3388.08,129.06
60,2024-03-24,evening,47,female,daily_needs,Soap,General,5,252.01,1260.05,129.06
60,2024-03-24,morning,78,male,daily_needs,Lotion,General,3,465.46,1396.38,129.06
61,2024-04-04,afternoon,18,female,daily_needs,Toothpaste,General,1,765.83,765.83,492.16
61,2024-04-04,evening,41,male,daily_needs,Shampoo,General,4,373.98,1495.92,492.16
62,2024-03-20,morning,47,female,weekend,Bandages,General,1,677.54,677.54,155.19
62,2024-03-20,afternoon,42,male,daily_needs,Multivitamin,General,5,679.51,3397.55,155.19
62,2024-03-20,evening,53,male,weekend,Multivitamin,General,5,718.51,3592.55,155.19
63,2024-03-06,afternoon,35,male,daily_needs,Paracetamol,General,5,944.16,4720.8,233.71
63,2024-03-06,evening,22,female,daily_needs,Shampoo,General,3,726.59,2179.77,233.71
64,2024-03-01,morning,24,female,holiday,Bandages,General,3,496.38,1489.14,434.0
64,2024-03-01,afternoon,45,male,daily_needs,Deodorant,General,5,158.71,793.55,434.0
64,2024-03-01,afternoon,49,male,holiday,Mouthwash,General,1,939.33,939.33,434.0
65,2024-01-21,evening,43,male,holiday,Thermometer,General,3,421.81,1265.43,480.26
66,2024-03-13,morning,70,male,weekend,Deodorant,General,4,992.04,3968.16,301.24
66,2024-03-13,evening,57,female,holiday,Thermometer,General,3,24.96,74.88,301.24
67,2024-01-26,evening,59,male,daily_needs,Soap,General,3,722.74,2168.22,196.15
67,2024-01-26,morning,44,male,weekend,Thermometer,General,5,925.71,4628.55,196.15
67,2024-01-26,afternoon,18,female,daily_needs,Vitamin C,General,3,944.11,2832.33,196.15
67,2024-01-26,evening,62,male,daily_needs,Multivitamin,General,5,384.37,1921.85,196.15
68,2024-01-15,afternoon,74,male,holiday,Multivitamin,General,3,202.21,606.63,132.35
68,2024-01-15,morning,65,female,daily_needs,Deodorant,General,4,72.18,288.72,132.35
69,2024-03-27,morning,20,male,weekend,Multivitamin,General,4,601.78,2407.12,372.19
69,2024-03-27,morning,79,female,weekend,Thermometer,General,1,879.71,879.71,372.19
70,2024-03-28,evening,63,female,holiday,Bandages,General,2,814.51,1629.02,156.34
70,2024-03-28,evening,51,female,weekend,Mouthwash,General,5,581.62,2908.1,156.34
70,2024-03-28,afternoon,40,male,holiday,Bandages,General,3,957.42,2872.26,156.34
71,2024-01-29,evening,23,male,weekend,Cough Syrup,General,3,814.72,2444.16,133.06
71,2024-01-29,evening,67,male,daily_needs,Bandages,General,3,64.5,193.5,133.06
71,2024-01-29,afternoon,67,female,daily_needs,Face Wash,General,2,87.35,174.7,133.06
71,2024-01-29,afternoon,31,female,weekend,Bandages,General,5,768.66,3843.3,133.06
72,2024-02-14,morning,44,male,weekend,Deodorant,General,3,979.43,2938.29,274.17
72,2024-02-14,evening,45,female,daily_needs,Mouthwash,General,5,234.65,1173.25,274.17
72,2024-02-14,evening,34,female,holiday,Toothpaste,General,2,556.22,1112.44,274.17
73,2024-02-06,morning,42,female,weekend,Thermometer,General,2,549.39,1098.78,232.34
73,2024-02-06,morning,46,female,weekend,Soap,General,1,405.6,405.6,232.34
73,2024-02-06,afternoon,57,female,weekend,Multivitamin,General,3,961.7,2885.1,232.34
74,2024-02-04,evening,29,male,holiday,Vitamin C,General,5,938.18,4690.9,460.93
74,2024-02-04,afternoon,24,male,weekend,Face Wash,General,3,736.01,2208.03,460.93
75,2024-04-09,morning,24,male,daily_needs,Sunscreen,General,5,942.58,4712.9,137.9
76,2024-04-11,morning,39,female,holiday,Sunscreen,General,4,72.9,291.6,381.08
77,2024-02-05,afternoon,63,female,daily_needs,Antiseptic,General,3,704.66,2113.98,133.26
78,2024-02-06,morning,60,male,daily_needs,Sunscreen,General,3,789.23,2367.69,460.04
79,2024-02-29,morning,28,female,holiday,Thermometer,General,1,97.36,97.36,144.4
80,2024-02-11,afternoon,79,female,weekend,Face Wash,General,5,352.99,1764.95,275.22
80,2024-02-11,morning,79,female,daily_needs,Shampoo,General,4,710.1,2840.4,275.22
81,2024-01-31,evening,53,male,weekend,Soap,General,5,680.59,3402.95,357.57
81,2024-01-31,morning,60,male,daily_needs,Vitamin C,General,4,302.09,1208.36,357.57
81,2024-01-31,evening,57,male,weekend,Shampoo,General,1,219.2,219.2,357.57
81,2024-01-31,evening,25,male,weekend,Antiseptic,General,2,938.93,1877.86,357.57
82,2024-02-11,morning,50,female,daily_needs,Multivitamin,General,5,313.89,1569.45,345.37
82,2024-02-11,morning,79,male,holiday,Antiseptic,General,5,624.27,3121.35,345.37
82,2024-02-11,morning,79,female,weekend,Shampoo,General,2,911.12,1822.24,345.37
82,2024-02-11,evening,54,female,daily_needs,Vitamin C,General,3,400.16,1200.48,345.37
83,2024-01-19,afternoon,79,female,holiday,Mouthwash,General,1,651.24,651.24,259.11
84,2024-03-09,morning,52,female,holiday,Sunscreen,General,4,277.51,1110.04,411.32
85,2024-02-14,evening,35,male,holiday,Thermometer,General,2,668.97,1337.94,328.11
85,2024-02-14,afternoon,37,female,daily_needs,Vitamin C,General,1,404.78,404.78,328.11
85,2024-02-14,afternoon,42,male,weekend,Antiseptic,General,1,233.61,233.61,328.11
85,2024-02-14,evening,40,male,daily_needs,Sunscreen,General,2,985.66,1971.32,328.11
86,2024-02-24,morning,75,female,daily_needs,Bandages,General,1,470.19,470.19,201.91
86,2024-02-24,evening,21,male,holiday,Mouthwash,General,2,234.46,468.92,201.91
86,2024-02-24,morning,37,female,daily_needs,Multivitamin,General,1,742.48,742.48,201.91
87,2024-01-19,evening,75,female,holiday,Vitamin C,General,3,259.4,778.2,354.88
88,2024-03-24,evening,34,male,daily_needs,Paracetamol,General,1,106.62,106.62,257.03
88,2024-03-24,morning,68,male,holiday,Thermometer,General,1,295.96,295.96,257.03
88,2024-03-24,evening,39,female,weekend,Shampoo,General,5,565.35,2826.75,257.03
88,2024-03-24,evening,46,female,holiday,Deodorant,General,2,105.97,211.94,257.03
89,2024-03-30,afternoon,28,female,daily_needs,Cough Syrup,General,2,430.7,861.4,421.64
89,2024-03-30,morning,69,male,holiday,Paracetamol,General,4,382.64,1530.56,421.64
89,2024-03-30,evening,29,male,weekend,Sunscreen,General,4,892.13,3568.52,421.64
89,2024-03-30,evening,56,male,daily_needs,Thermometer,General,4,132.24,528.96,421.64
90,2024-02-28,morning,63,male,daily_needs,Cough Syrup,General,4,706.42,2825.68,167.3
90,2024-02-28,evening,68,male,daily_needs,Antiseptic,General,5,789.96,3949.8,167.3
91,2024-03-21,evening,18,female,holiday,Multivitamin,General,4,124.29,497.16,144.83
91,2024-03-21,afternoon,31,female,weekend,Toothpaste,General,5,99.92,499.6,144.83
91,2024-03-21,evening,74,female,holiday,Soap,General,4,696.46,2785.84,144.83
91,2024-03-21,afternoon,28,male,weekend,Toothpaste,General,5,63.57,317.85,144.83
92,2024-01-21,morning,48,male,daily_needs,Toothpaste,General,4,616.48,2465.92,161.83
92,2024-01-21,evening,48,male,holiday,Bandages,General,3,962.22,2886.66,161.83
92,2024-01-21,afternoon,73,male,holiday,Multivitamin,General,5,155.34,776.7,161.83
93,2024-03-16,morning,21,male,holiday,Cough Syrup,General,5,308.65,1543.25,150.98
93,2024-03-16,morning,26,male,daily_needs,Bandages,General,1,291.88,291.88,150.98
94,2024-03-17,evening,31,male,holiday,Deodorant,General,5,752.82,3764.1,126.42
94,2024-03-17,afternoon,54,male,holiday,Vitamin C,General,2,741.0,1482.0,126.42
94,2024-03-17,evening,18,male,daily_needs,Face Wash,General,2,979.1,1958.2,126.42
95,2024-02-19,morning,72,male,daily_needs,Soap,General,4,508.07,2032.28,440.19
95,2024-02-19,morning,62,male,daily_needs,Antiseptic,General,2,60.6,121.2,440.19
96,2024-01-31,afternoon,39,male,weekend,Bandages,General,4,213.1,852.4,372.87
97,2024-01-22,evening,68,male,weekend,Sunscreen,General,4,368.74,1474.96,461.24
97,2024-01-22,morning,57,male,daily_needs,Shampoo,General,1,690.11,690.11,461.24
97,2024-01-22,evening,28,male,weekend,Face Wash,General,1,480.28,480.28,461.24
98,2024-03-03,morning,55,male,daily_needs,Shampoo,General,1,278.4,278.4,436.86
99,2024-03-24,morning,57,female,weekend,Paracetamol,General,2,576.14,1152.28,420.58
99,2024-03-24,morning,78,male,weekend,Sunscreen,General,1,511.07,511.07,420.58
99,2024-03-24,afternoon,43,female,weekend,Deodorant,General,4,471.29,1885.16,420.58
100,2024-01-20,morning,62,female,daily_needs,Multivitamin,General,5,521.9,2609.5,257.49
100,2024-01-20,afternoon,21,female,holiday,Bandages,General,3,314.49,943.47,257.49
100,2024-01-20,morning,46,female,weekend,Cough Syrup,General,3,612.57,1837.71,257.49
100,2024-01-20,morning,63,male,holiday,Lotion,General,3,28.37,85.11,257.49
101,2024-04-06,morning,47,male,daily_needs,Deodorant,General,2,397.63,795.26,273.54
101,2024-04-06,morning,23,female,daily_needs,Bandages,General,2,790.11,1580.22,273.54
101,2024-04-06,evening,26,female,holiday,Toothpaste,General,3,281.22,843.66,273.54
101,2024-04-06,morning,24,male,holiday,Soap,General,4,950.16,3800.64,273.54
102,2024-03-31,evening,57,female,daily_needs,Face Wash,General,2,729.87,1459.74,462.98
103,2024-01-25,afternoon,32,male,holiday,Antiseptic,General,2,889.61,1779.22,388.07
103,2024-01-25,afternoon,78,female,daily_needs,Thermometer,General,3,673.38,2020.14,388.07
103,2024-01-25,afternoon,52,male,daily_needs,Cough Syrup,General,3,950.25,2850.75,388.07
103,2024-01-25,morning,69,male,daily_needs,Multivitamin,General,3,851.37,2554.11,388.07
104,2024-03-22,afternoon,19,female,holiday,Bandages,General,3,866.3,2598.9,411.34
104,2024-03-22,afternoon,76,female,weekend,Antiseptic,General,4,413.35,1653.4,411.34
104,2024-03-22,evening,75,female,holiday,Shampoo,General,3,948.05,2844.15,411.34
104,2024-03-22,afternoon,79,male,weekend,Antiseptic,General,5,482.74,2413.7,411.34
105,2024-02-18,afternoon,77,female,daily_needs,Lotion,General,2,907.83,1815.66,150.59
105,2024-02-18,morning,39,female,weekend,Vitamin C,General,5,703.79,3518.95,150.59
105,2024-02-18,morning,54,female,holiday,Thermometer,General,3,517.88,1553.64,150.59
105,2024-02-18,afternoon,29,female,holiday,Paracetamol,General,3,790.8,2372.4,150.59
106,2024-03-02,afternoon,37,female,daily_needs,Multivitamin,General,2,33.28,66.56,448.05
106,2024-03-02,afternoon,26,male,weekend,Shampoo,General,5,987.55,4937.75,448.05
106,2024-03-02,afternoon,29,female,daily_needs,Thermometer,General,3,71.59,214.77,448.05
106,2024-03-02,evening,79,female,holiday,Toothpaste,General,5,211.51,1057.55,448.05
107,2024-02-04,morning,37,female,weekend,Cough Syrup,General,1,463.75,463.75,265.06
107,2024-02-04,evening,67,female,daily_needs,Multivitamin,General,1,49.39,49.39,265.06
107,2024-02-04,evening,61,male,weekend,Toothpaste,General,3,921.36,2764.08,265.06
107,2024-02-04,morning,77,male,daily_needs,Antiseptic,General,5,457.7,2288.5,265.06
108,2024-03-26,afternoon,28,male,weekend,Deodorant,General,3,744.34,2233.02,170.49
108,2024-03-26,evening,69,female,weekend,Bandages,General,4,67.64,270.56,170.49
108,2024-03-26,afternoon,30,male,holiday,Thermometer,General,1,697.67,697.67,170.49
109,2024-03-07,evening,70,male,daily_needs,Thermometer,General,4,473.54,1894.16,152.82
109,2024-03-07,afternoon,43,female,weekend,Cough Syrup,General,2,478.67,957.34,152.82
109,2024-03-07,morning,35,male,holiday,Deodorant,General,1,926.5,926.5,152.82
110,2024-04-04,morning,70,female,holiday,Multivitamin,General,1,929.02,929.02,247.0
110,2024-04-04,evening,51,male,daily_needs,Vitamin C,General,2,494.17,988.34,247.0
110,2024-04-04,evening,29,male,daily_needs,Bandages,General,2,333.39,666.78,247.0
111,2024-04-08,morning,45,male,holiday,Bandages,General,2,968.31,1936.62,376.92
111,2024-04-08,morning,67,male,weekend,Toothpaste,General,1,504.49,504.49,376.92
112,2024-02-05,morning,25,male,weekend,Mouthwash,General,3,364.04,1092.12,161.67
113,2024-03-05,evening,19,male,holiday,Soap,General,4,788.41,3153.64,237.59
113,2024-03-05,evening,41,female,holiday,Face Wash,General,2,911.35,1822.7,237.59
114,2024-02-02,morning,58,female,daily_needs,Soap,General,5,206.3,1031.5,308.88
114,2024-02-02,evening,29,male,weekend,Antiseptic,General,4,697.37,2789.48,308.88
115,2024-02-12,morning,26,male,weekend,Lotion,General,1,517.13,517.13,488.8
115,2024-02-12,afternoon,43,male,daily_needs,Toothpaste,General,4,64.65,258.6,488.8
115,2024-02-12,morning,42,female,daily_needs,Shampoo,General,5,810.79,4053.95,488.8
116,2024-02-09,morning,24,male,weekend,Multivitamin,General,2,408.5,817.0,241.69
116,2024-02-09,evening,32,male,holiday,Multivitamin,General,4,672.9,2691.6,241.69
116,2024-02-09,evening,45,female,holiday,Deodorant,General,3,783.76,2351.28,241.69
116,2024-02-09,afternoon,30,female,weekend,Shampoo,General,3,148.4,445.2,241.69
117,2024-02-10,evening,80,male,daily_needs,Paracetamol,General,5,36.55,182.75,142.45
117,2024-02-10,evening,36,female,daily_needs,Antiseptic,General,5,990.58,4952.9,142.45
118,2024-03-27,evening,70,male,daily_needs,Soap,General,3,416.93,1250.79,250.81
118,2024-03-27,evening,39,male,weekend,Face Wash,General,1,902.21,902.21,250.81
119,2024-02-15,morning,22,male,holiday,Vitamin C,General,3,408.88,1226.64,417.19
119,2024-02-15,afternoon,24,male,daily_needs,Sunscreen,General,3,244.53,733.59,417.19
119,2024-02-15,evening,78,female,daily_needs,Face Wash,General,5,337.48,1687.4,417.19
119,2024-02-15,morning,74,male,daily_needs,Shampoo,General,4,191.02,764.08,417.19
120,2024-04-08,evening,68,female,holiday,Lotion,General,2,579.49,1158.98,388.04
121,2024-04-08,afternoon,22,female,holiday,Bandages,General,4,64.13,256.52,227.37
121,2024-04-08,evening,22,male,holiday,Face Wash,General,1,380.92,380.92,227.37
121,2024-04-08,afternoon,80,female,daily_needs,Multivitamin,General,5,771.1,3855.5,227.37
122,2024-04-10,afternoon,45,female,daily_needs,Mouthwash,General,1,584.71,584.71,250.39
122,2024-04-10,morning,55,female,weekend,Toothpaste,General,4,370.6,1482.4,250.39
122,2024-04-10,morning,21,female,daily_needs,Shampoo,General,2,37.8,75.6,250.39
123,2024-02-05,morning,60,male,daily_needs,Mouthwash,General,4,114.17,456.68,391.59
123,2024-02-05,morning,27,female,daily_needs,Cough Syrup,General,5,258.78,1293.9,391.59
123,2024-02-05,evening,45,female,weekend,Toothpaste,General,5,654.32,3271.6,391.59
123,2024-02-05,afternoon,20,female,daily_needs,Multivitamin,General,2,437.84,875.68,391.59
124,2024-03-16,morning,69,male,daily_needs,Sunscreen,General,4,681.45,2725.8,111.33
124,2024-03-16,afternoon,62,female,holiday,Toothpaste,General,4,365.37,1461.48,111.33
125,2024-04-05,evening,61,female,daily_needs,Multivitamin,General,5,109.86,549.3,407.99
125,2024-04-05,afternoon,37,male,daily_needs,Toothpaste,General,5,644.2,3221.0,407.99
126,2024-02-07,morning,27,male,daily_needs,Multivitamin,General,5,87.87,439.35,436.87
126,2024-02-07,afternoon,49,female,weekend,Bandages,General,5,647.28,3236.4,436.87
127,2024-02-20,morning,63,male,daily_needs,Paracetamol,General,4,968.81,3875.24,285.71
127,2024-02-20,afternoon,37,female,weekend,Lotion,General,3,580.95,1742.85,285.71
127,2024-02-20,evening,46,female,daily_needs,Lotion,General,2,397.94,795.88,285.71
127,2024-02-20,afternoon,45,male,weekend,Deodorant,General,3,52.37,157.11,285.71
128,2024-03-07,afternoon,38,male,weekend,Cough Syrup,General,1,597.09,597.09,254.45
128,2024-03-07,afternoon,54,female,holiday,Paracetamol,General,4,452.55,1810.2,254.45
129,2024-01-29,morning,54,female,daily_needs,Antiseptic,General,2,68.55,137.1,248.38
129,2024-01-29,afternoon,64,male,daily_needs,Antiseptic,General,3,127.92,383.76,248.38
129,2024-01-29,evening,28,female,weekend,Face Wash,General,2,438.04,876.08,248.38
130,2024-02-14,afternoon,57,female,holiday,Mouthwash,General,5,843.69,4218.45,405.38
131,2024-04-02,afternoon,77,female,weekend,Face Wash,General,4,263.05,1052.2,488.95
131,2024-04-02,afternoon,73,female,holiday,Cough Syrup,General,3,714.86,2144.58,488.95
131,2024-04-02,morning,68,female,holiday,Multivitamin,General,4,578.0,2312.0,488.95
131,2024-04-02,evening,55,male,holiday,Cough Syrup,General,3,290.27,870.81,488.95
132,2024-03-12,morning,54,female,weekend,Bandages,General,1,535.31,535.31,370.41
132,2024-03-12,evening,62,male,daily_needs,Cough Syrup,General,1,601.45,601.45,370.41
132,2024-03-12,evening,44,male,holiday,Soap,General,4,729.08,2916.32,370.41
133,2024-02-11,morning,33,male,daily_needs,Vitamin C,General,5,456.63,2283.15,124.48
133,2024-02-11,morning,25,female,daily_needs,Sunscreen,General,3,315.33,945.99,124.48
133,2024-02-11,evening,40,male,weekend,Face Wash,General,4,383.13,1532.52,124.48
134,2024-03-15,morning,20,male,daily_needs,Vitamin C,General,3,292.57,877.71,273.13
134,2024-03-15,afternoon,42,male,daily_needs,Soap,General,5,238.98,1194.9,273.13
135,2024-01-21,morning,75,female,daily_needs,Paracetamol,General,1,219.96,219.96,445.51
136,2024-02-26,afternoon,51,female,daily_needs,Antiseptic,General,5,350.63,1753.15,371.02
136,2024-02-26,afternoon,79,male,holiday,Lotion,General,1,924.24,924.24,371.02
136,2024-02-26,evening,31,male,weekend,Soap,General,3,561.5,1684.5,371.02
136,2024-02-26,morning,34,female,weekend,Lotion,General,2,102.95,205.9,371.02
137,2024-02-12,morning,74,male,weekend,Thermometer,General,2,206.68,413.36,262.96
137,2024-02-12,evening,65,male,daily_needs,Deodorant,General,2,211.0,422.0,262.96
137,2024-02-12,afternoon,36,male,weekend,Lotion,General,2,662.9,1325.8,262.96
138,2024-01-17,morning,60,female,holiday,Mouthwash,General,4,514.35,2057.4,377.26
138,2024-01-17,evening,43,male,daily_needs,Toothpaste,General,3,716.54,2149.62,377.26
138,2024-01-17,morning,54,female,weekend,Shampoo,General,5,960.08,4800.4,377.26
139,2024-02-03,evening,60,female,weekend,Thermometer,General,3,83.12,249.36,205.4
140,2024-01-19,morning,71,female,daily_needs,Paracetamol,General,2,545.83,1091.66,416.55
140,2024-01-19,afternoon,78,male,daily_needs,Paracetamol,General,5,617.31,3086.55,416.55
140,2024-01-19,afternoon,45,female,weekend,Paracetamol,General,4,756.57,3026.28,416.55
141,2024-02-04,morning,26,male,holiday,Shampoo,General,2,29.13,58.26,106.5
141,2024-02-04,afternoon,43,male,daily_needs,Cough Syrup,General,1,245.13,245.13,106.5
142,2024-02-12,afternoon,44,female,weekend,Multivitamin,General,1,676.92,676.92,271.11
142,2024-02-12,afternoon,41,male,weekend,Deodorant,General,4,159.15,636.6,271.11
143,2024-03-16,afternoon,33,male,daily_needs,Bandages,General,3,226.4,679.2,131.3
143,2024-03-16,morning,76,male,holiday,Mouthwash,General,5,774.19,3870.95,131.3
143,2024-03-16,afternoon,28,male,daily_needs,Cough Syrup,General,3,722.4,2167.2,131.3
144,2024-01-31,morning,52,female,weekend,Multivitamin,General,5,813.31,4066.55,418.87
145,2024-01-17,afternoon,63,male,daily_needs,Face Wash,General,2,306.82,613.64,452.43
146,2024-01-22,evening,44,female,holiday,Thermometer,General,5,473.32,2366.6,410.48
146,2024-01-22,morning,71,female,holiday,Face Wash,General,4,334.69,1338.76,410.48
146,2024-01-22,afternoon,44,male,holiday,Shampoo,General,5,937.0,4685.0,410.48
146,2024-01-22,morning,77,female,daily_needs,Lotion,General,3,647.02,1941.06,410.48
147,2024-02-13,morning,68,female,holiday,Paracetamol,General,3,515.67,1547.01,472.45
147,2024-02-13,morning,27,female,holiday,Vitamin C,General,5,786.3,3931.5,472.45
147,2024-02-13,afternoon,42,female,holiday,Bandages,General,3,916.56,2749.68,472.45
147,2024-02-13,evening,65,male,daily_needs,Sunscreen,General,2,634.66,1269.32,472.45
148,2024-03-12,morning,24,male,daily_needs,Multivitamin,General,1,136.84,136.84,283.16
149,2024-03-20,morning,62,female,holiday,Toothpaste,General,4,811.2,3244.8,397.1
150,2024-01-21,afternoon,72,male,weekend,Bandages,General,1,801.98,801.98,473.01
151,2024-03-31,afternoon,24,female,holiday,Antiseptic,General,2,606.21,1212.42,394.09
151,2024-03-31,morning,49,male,daily_needs,Paracetamol,General,2,907.21,1814.42,394.09
152,2024-03-04,morning,32,female,daily_needs,Paracetamol,General,1,373.5,373.5,215.7
152,2024-03-04,morning,25,female,daily_needs,Lotion,General,3,691.4,2074.2,215.7
152,2024-03-04,afternoon,55,female,daily_needs,Thermometer,General,2,745.24,1490.48,215.7
153,2024-01-15,morning,80,female,weekend,Bandages,General,4,879.66,3518.64,433.41
153,2024-01-15,afternoon,50,female,holiday,Mouthwash,General,5,924.0,4620.0,433.41
154,2024-01-16,afternoon,19,male,daily_needs,Deodorant,General,3,621.57,1864.71,251.01
154,2024-01-16,evening,61,female,daily_needs,Mouthwash,General,3,205.68,617.04,251.01
154,2024-01-16,evening,46,female,weekend,Mouthwash,General,2,409.32,818.64,251.01
155,2024-04-05,morning,78,female,weekend,Cough Syrup,General,3,201.29,603.87,468.51
155,2024-04-05,afternoon,38,male,daily_needs,Thermometer,General,3,575.89,1727.67,468.51
156,2024-01-17,morning,74,female,weekend,Toothpaste,General,1,158.92,158.92,341.83
156,2024-01-17,morning,59,female,holiday,Soap,General,2,167.89,335.78,341.83
156,2024-01-17,afternoon,25,male,weekend,Thermometer,General,4,234.0,936.0,341.83
156,2024-01-17,morning,55,female,weekend,Shampoo,General,5,414.18,2070.9,341.83
157,2024-03-10,afternoon,60,male,holiday,Lotion,General,2,830.13,1660.26,389.09
157,2024-03-10,evening,66,male,daily_needs,Lotion,General,4,94.48,377.92,389.09
158,2024-04-08,evening,50,male,holiday,Face Wash,General,5,352.85,1764.25,177.81
158,2024-04-08,evening,24,male,holiday,Toothpaste,General,1,62.74,62.74,177.81
158,2024-04-08,evening,52,male,holiday,Deodorant,General,2,82.95,165.9,177.81
159,2024-04-06,morning,72,male,daily_needs,Deodorant,General,2,786.47,1572.94,248.85
160,2024-02-21,evening,41,male,weekend,Toothpaste,General,4,545.07,2180.28,496.57
161,2024-02-22,morning,66,male,holiday,Antiseptic,General,3,565.15,1695.45,123.4
162,2024-02-23,morning,71,male,daily_needs,Shampoo,General,4,194.11,776.44,471.23
162,2024-02-23,afternoon,46,female,daily_needs,Deodorant,General,3,530.37,1591.11,471.23
162,2024-02-23,evening,79,female,holiday,Lotion,General,3,946.82,2840.46,471.23
163,2024-03-06,evening,25,female,holiday,Paracetamol,General,2,310.27,620.54,172.12
163,2024-03-06,evening,27,female,daily_needs,Paracetamol,General,1,209.44,209.44,172.12
163,2024-03-06,morning,37,male,daily_needs,Bandages,General,2,619.5,1239.0,172.12
164,2024-03-23,morning,36,female,holiday,Thermometer,General,5,777.04,3885.2,380.01
164,2024-03-23,morning,23,female,holiday,Sunscreen,General,2,828.87,1657.74,380.01
165,2024-03-07,evening,62,male,holiday,Paracetamol,General,5,704.34,3521.7,144.36
165,2024-03-07,evening,19,male,daily_needs,Thermometer,General,4,433.8,1735.2,144.36
165,2024-03-07,morning,65,male,holiday,Vitamin C,General,1,25.27,25.27,144.36
166,2024-02-09,evening,39,male,holiday,Lotion,General,2,875.51,1751.02,101.54
166,2024-02-09,evening,20,female,daily_needs,Bandages,General,2,888.57,1777.14,101.54
167,2024-02-14,afternoon,53,male,weekend,Deodorant,General,5,187.5,937.5,411.34
168,2024-04-02,morning,46,female,holiday,Soap,General,4,180.73,722.92,282.96
169,2024-03-10,morning,29,male,holiday,Mouthwash,General,4,679.71,2718.84,453.11
169,2024-03-10,morning,31,female,weekend,Thermometer,General,1,515.55,515.55,453.11
170,2024-04-05,evening,79,female,daily_needs,Lotion,General,4,122.66,490.64,273.62
171,2024-02-23,morning,80,male,daily_needs,Paracetamol,General,5,795.28,3976.4,180.45
172,2024-02-12,morning,61,male,weekend,Thermometer,General,2,471.86,943.72,340.03
172,2024-02-12,morning,51,female,weekend,Soap,General,1,417.94,417.94,340.03
173,2024-03-16,afternoon,24,male,weekend,Shampoo,General,3,829.01,2487.03,166.82
173,2024-03-16,evening,75,male,holiday,Deodorant,General,3,262.42,787.26,166.82
173,2024-03-16,morning,57,male,weekend,Mouthwash,General,4,957.39,3829.56,166.82
173,2024-03-16,morning,47,male,weekend,Mouthwash,General,4,587.96,2351.84,166.82
174,2024-03-23,evening,62,female,weekend,Face Wash,General,4,194.63,778.52,370.22
174,2024-03-23,evening,70,male,holiday,Lotion,General,4,381.27,1525.08,370.22
175,2024-03-06,morning,57,female,holiday,Deodorant,General,1,155.6,155.6,279.29
175,2024-03-06,afternoon,57,male,weekend,Antiseptic,General,2,610.3,1220.6,279.29
175,2024-03-06,evening,45,male,weekend,Soap,General,3,888.86,2666.58,279.29
175,2024-03-06,evening,73,male,weekend,Bandages,General,4,159.86,639.44,279.29
176,2024-04-03,afternoon,55,female,daily_needs,Shampoo,General,4,582.61,2330.44,258.54
176,2024-04-03,morning,53,male,holiday,Shampoo,General,5,468.14,2340.7,258.54
176,2024-04-03,evening,61,female,weekend,Toothpaste,General,3,691.87,2075.61,258.54
176,2024-04-03,evening,36,female,weekend,Multivitamin,General,5,209.67,1048.35,258.54
177,2024-04-01,morning,44,female,daily_needs,Bandages,General,4,528.61,2114.44,351.97
177,2024-04-01,morning,43,male,weekend,Bandages,General,5,543.03,2715.15,351.97
177,2024-04-01,afternoon,36,female,daily_needs,Shampoo,General,5,183.33,916.65,351.97
178,2024-04-05,morning,38,male,daily_needs,Deodorant,General,1,180.75,180.75,155.82
178,2024-04-05,afternoon,20,female,weekend,Bandages,General,5,609.79,3048.95,155.82
178,2024-04-05,morning,19,male,weekend,Toothpaste,General,3,371.4,1114.2,155.82
178,2024-04-05,morning,67,male,daily_needs,Toothpaste,General,5,581.67,2908.35,155.82
179,2024-02-08,afternoon,48,female,holiday,Deodorant,General,5,560.04,2800.2,347.54
180,2024-03-15,evening,24,female,weekend,Deodorant,General,2,34.28,68.56,470.18
180,2024-03-15,afternoon,68,female,daily_needs,Vitamin C,General,1,228.6,228.6,470.18
180,2024-03-15,evening,40,female,holiday,Lotion,General,1,600.33,600.33,470.18
181,2024-03-31,evening,31,male,weekend,Lotion,General,3,115.15,345.45,204.42
181,2024-03-31,evening,30,female,holiday,Face Wash,General,3,443.35,1330.05,204.42
181,2024-03-31,evening,21,female,holiday,Thermometer,General,1,660.56,660.56,204.42
182,2024-03-22,morning,44,male,daily_needs,Multivitamin,General,2,439.17,878.34,455.42
182,2024-03-22,morning,21,male,weekend,Thermometer,General,3,316.96,950.88,455.42
182,2024-03-22,afternoon,26,male,weekend,Sunscreen,General,3,671.96,2015.88,455.42
182,2024-03-22,afternoon,53,female,weekend,Paracetamol,General,3,941.2,2823.6,455.42
183,2024-03-03,morning,25,female,weekend,Mouthwash,General,5,447.46,2237.3,291.07
183,2024-03-03,afternoon,77,female,daily_needs,Paracetamol,General,2,142.39,284.78,291.07
184,2024-01-16,morning,31,female,weekend,Shampoo,General,1,273.45,273.45,222.92
184,2024-01-16,afternoon,37,female,holiday,Shampoo,General,3,384.92,1154.76,222.92
184,2024-01-16,morning,56,female,weekend,Paracetamol,General,1,851.14,851.14,222.92
185,2024-02-13,afternoon,18,female,daily_needs,Paracetamol,General,3,346.36,1039.08,239.08
185,2024-02-13,morning,28,male,daily_needs,Soap,General,2,406.5,813.0,239.08
186,2024-04-08,morning,77,male,holiday,Shampoo,General,4,252.09,1008.36,411.52
186,2024-04-08,morning,58,female,weekend,Paracetamol,General,4,776.95,3107.8,411.52
187,2024-03-23,evening,40,female,holiday,Face Wash,General,3,563.06,1689.18,168.39
187,2024-03-23,evening,60,female,daily_needs,Face Wash,General,3,157.14,471.42,168.39
188,2024-02-24,afternoon,25,female,weekend,Antiseptic,General,5,102.35,511.75,126.62
189,2024-02-27,evening,72,male,weekend,Bandages,General,5,110.89,554.45,279.29
190,2024-02-23,afternoon,32,female,holiday,Cough Syrup,General,3,776.93,2330.79,219.03
190,2024-02-23,evening,64,female,daily_needs,Deodorant,General,4,136.7,546.8,219.03
190,2024-02-23,evening,37,female,daily_needs,Bandages,General,3,850.46,2551.38,219.03
191,2024-04-01,morning,39,male,weekend,Toothpaste,General,5,49.68,248.4,178.09
191,2024-04-01,evening,31,female,daily_needs,Deodorant,General,1,694.61,694.61,178.09
192,2024-02-14,afternoon,77,male,holiday,Sunscreen,General,5,544.25,2721.25,170.03
192,2024-02-14,evening,22,female,daily_needs,Sunscreen,General,5,485.71,2428.55,170.03
193,2024-01-16,evening,45,male,weekend,Face Wash,General,1,327.19,327.19,148.89
193,2024-01-16,evening,37,female,weekend,Deodorant,General,2,928.05,1856.1,148.89
193,2024-01-16,evening,32,female,holiday,Vitamin C,General,1,521.65,521.65,148.89
194,2024-01-28,afternoon,61,female,daily_needs,Bandages,General,3,871.97,2615.91,298.63
194,2024-01-28,evening,48,female,holiday,Lotion,General,2,600.64,1201.28,298.63
194,2024-01-28,afternoon,55,male,weekend,Cough Syrup,General,2,817.36,1634.72,298.63
195,2024-02-01,afternoon,58,female,weekend,Thermometer,General,3,71.61,214.83,335.02
195,2024-02-01,evening,68,male,holiday,Vitamin C,General,1,67.26,67.26,335.02
195,2024-02-01,evening,53,female,weekend,Cough Syrup,General,5,36.62,183.1,335.02
196,2024-02-13,morning,24,male,holiday,Mouthwash,General,4,670.3,2681.2,216.2
196,2024-02-13,afternoon,28,female,weekend,Bandages,General,5,780.95,3904.75,216.2
196,2024-02-13,afternoon,57,female,holiday,Antiseptic,General,4,187.28,749.12,216.2
197,2024-03-02,afternoon,58,female,holiday,Paracetamol,General,5,747.06,3735.3,437.03
197,2024-03-02,morning,29,male,daily_needs,Sunscreen,General,5,473.51,2367.55,437.03
197,2024-03-02,evening,56,male,daily_needs,Bandages,General,5,549.64,2748.2,437.03
197,2024-03-02,evening,56,female,daily_needs,Sunscreen,General,1,927.71,927.71,437.03
198,2024-03-29,afternoon,77,female,daily_needs,Shampoo,General,3,798.91,2396.73,182.44
198,2024-03-29,afternoon,66,male,holiday,Lotion,General,5,122.71,613.55,182.44
198,2024-03-29,morning,64,male,holiday,Vitamin C,General,2,537.6,1075.2,182.44
199,2024-02-27,evening,25,male,holiday,Cough Syrup,General,5,986.35,4931.75,296.67
199,2024-02-27,evening,23,female,weekend,Mouthwash,General,1,889.76,889.76,296.67
199,2024-02-27,morning,65,male,daily_needs,Sunscreen,General,4,585.55,2342.2,296.67
199,2024-02-27,afternoon,38,male,holiday,Deodorant,General,4,926.12,3704.48,296.67
200,2024-03-29,morning,70,female,daily_needs,Face Wash,General,3,749.62,2248.86,315.38
200,2024-03-29,morning,66,female,holiday,Vitamin C,General,3,211.26,633.78,315.38
201,2024-04-10,morning,65,male,daily_needs,Mouthwash,General,2,791.52,1583.04,131.93
201,2024-04-10,morning,79,male,holiday,Sunscreen,General,3,151.71,455.13,131.93
201,2024-04-10,afternoon,40,male,daily_needs,Soap,General,4,61.42,245.68,131.93
201,2024-04-10,morning,62,female,holiday,Shampoo,General,1,858.47,858.47,131.93
202,2024-01-30,afternoon,38,male,daily_needs,Bandages,General,2,720.34,1440.68,182.63
203,2024-01-23,evening,68,female,daily_needs,Lotion,General,4,157.06,628.24,275.95
203,2024-01-23,morning,62,female,holiday,Soap,General,5,412.92,2064.6,275.95
203,2024-01-23,morning,31,female,daily_needs,Shampoo,General,5,79.15,395.75,275.95
204,2024-01-15,evening,38,female,daily_needs,Antiseptic,General,3,461.36,1384.08,198.52
204,2024-01-15,evening,39,female,weekend,Cough Syrup,General,5,497.6,2488.0,198.52
204,2024-01-15,morning,40,female,daily_needs,Multivitamin,General,4,304.37,1217.48,198.52
205,2024-03-05,evening,26,male,weekend,Sunscreen,General,2,467.8,935.6,442.1
206,2024-03-24,evening,42,female,daily_needs,Antiseptic,General,2,309.09,618.18,308.5
206,2024-03-24,afternoon,69,female,weekend,Multivitamin,General,4,95.01,380.04,308.5
206,2024-03-24,morning,57,female,weekend,Face Wash,General,2,348.07,696.14,308.5
206,2024-03-24,evening,76,female,weekend,Deodorant,General,3,62.0,186.0,308.5
207,2024-03-02,morning,30,male,daily_needs,Sunscreen,General,2,28.11,56.22,157.08
208,2024-03-08,afternoon,26,male,weekend,Face Wash,General,3,682.9,2048.7,281.32
208,2024-03-08,evening,66,male,holiday,Antiseptic,General,2,928.03,1856.06,281.32
209,2024-03-28,evening,69,male,weekend,Sunscreen,General,4,274.93,1099.72,402.47
209,2024-03-28,evening,73,male,holiday,Paracetamol,General,2,515.54,1031.08,402.47
209,2024-03-28,afternoon,78,female,weekend,Deodorant,General,3,759.31,2277.93,402.47
209,2024-03-28,afternoon,25,male,weekend,Toothpaste,General,4,153.07,612.28,402.47
210,2024-03-17,afternoon,35,male,daily_needs,Face Wash,General,4,809.92,3239.68,483.94
211,2024-01-30,afternoon,71,female,holiday,Shampoo,General,1,219.03,219.03,478.84
212,2024-03-30,evening,49,male,holiday,Sunscreen,General,4,658.86,2635.44,243.66
213,2024-03-20,evening,32,male,weekend,Bandages,General,4,460.52,1842.08,431.76
213,2024-03-20,morning,32,male,holiday,Vitamin C,General,5,914.88,4574.4,431.76
214,2024-02-28,evening,70,female,daily_needs,Paracetamol,General,5,145.16,725.8,153.3
214,2024-02-28,afternoon,68,male,daily_needs,Thermometer,General,3,86.46,259.38,153.3
215,2024-02-05,morning,57,male,holiday,Face Wash,General,3,461.21,1383.63,153.58
215,2024-02-05,afternoon,66,female,daily_needs,Vitamin C,General,1,713.13,713.13,153.58
216,2024-03-18,morning,54,male,daily_needs,Bandages,General,3,997.87,2993.61,196.08
216,2024-03-18,evening,59,male,daily_needs,Mouthwash,General,4,720.3,2881.2,196.08
216,2024-03-18,afternoon,24,male,daily_needs,Shampoo,General,3,553.11,1659.33,196.08
217,2024-03-14,evening,64,female,daily_needs,Soap,General,4,983.3,3933.2,446.22
218,2024-03-28,morning,29,male,weekend,Multivitamin,General,4,845.14,3380.56,417.38
218,2024-03-28,morning,36,male,weekend,Deodorant,General,2,188.94,377.88,417.38
218,2024-03-28,morning,24,male,daily_needs,Cough Syrup,General,3,394.92,1184.76,417.38
218,2024-03-28,afternoon,24,female,daily_needs,Vitamin C,General,4,31.76,127.04,417.38
219,2024-03-24,afternoon,62,male,daily_needs,Thermometer,General,2,783.46,1566.92,112.72
219,2024-03-24,afternoon,67,male,weekend,Thermometer,General,4,727.01,2908.04,112.72
219,2024-03-24,morning,54,female,daily_needs,Lotion,General,5,591.72,2958.6,112.72
219,2024-03-24,morning,39,female,weekend,Mouthwash,General,3,49.42,148.26,112.72
220,2024-01-27,morning,26,female,holiday,Vitamin C,General,1,802.56,802.56,186.48
220,2024-01-27,afternoon,23,male,daily_needs,Face Wash,General,4,188.23,752.92,186.48
220,2024-01-27,morning,24,male,holiday,Deodorant,General,4,575.04,2300.16,186.48
220,2024-01-27,evening,50,female,daily_needs,Face Wash,General,4,505.7,2022.8,186.48
221,2024-02-07,morning,69,female,weekend,Deodorant,General,3,748.61,2245.83,416.94
222,2024-03-18,evening,28,male,weekend,Deodorant,General,1,465.69,465.69,222.56
223,2024-03-07,morning,70,male,weekend,Bandages,General,2,199.99,399.98,157.69
224,2024-04-06,morning,27,female,daily_needs,Cough Syrup,General,5,284.48,1422.4,132.91
224,2024-04-06,evening,76,male,holiday,Bandages,General,3,747.07,2241.21,132.91
224,2024-04-06,afternoon,69,female,daily_needs,Lotion,General,5,42.15,210.75,132.91
224,2024-04-06,evening,29,female,holiday,Face Wash,General,3,329.49,988.47,132.91
225,2024-02-12,afternoon,44,male,holiday,Sunscreen,General,5,821.97,4109.85,388.08
225,2024-02-12,morning,80,male,weekend,Antiseptic,General,3,592.66,1777.98,388.08
226,2024-02-28,afternoon,20,male,daily_needs,Multivitamin,General,5,674.07,3370.35,227.87
227,2024-03-23,morning,69,female,holiday,Thermometer,General,4,993.5,3974.0,381.25
228,2024-04-01,afternoon,48,female,holiday,Face Wash,General,4,144.36,577.44,285.44
228,2024-04-01,morning,76,male,holiday,Toothpaste,General,3,325.72,977.16,285.44
228,2024-04-01,afternoon,19,male,weekend,Deodorant,General,5,976.89,4884.45,285.44
228,2024-04-01,evening,25,male,weekend,Bandages,General,5,849.44,4247.2,285.44
229,2024-01-31,afternoon,37,male,daily_needs,Lotion,General,5,742.24,3711.2,405.64
230,2024-02-09,evening,79,male,daily_needs,Shampoo,General,3,980.05,2940.15,211.44
230,2024-02-09,afternoon,50,female,weekend,Sunscreen,General,1,514.09,514.09,211.44
230,2024-02-09,morning,32,female,weekend,Bandages,General,4,203.74,814.96,211.44
230,2024-02-09,evening,72,male,daily_needs,Multivitamin,General,2,215.32,430.64,211.44
231,2024-03-17,morning,40,female,daily_needs,Thermometer,General,2,766.14,1532.28,100.79
231,2024-03-17,morning,19,female,daily_needs,Shampoo,General,3,748.9,2246.7,100.79
232,2024-03-06,morning,55,male,holiday,Vitamin C,General,1,525.83,525.83,328.69
232,2024-03-06,evening,23,male,weekend,Multivitamin,General,4,802.35,3209.4,328.69
232,2024-03-06,morning,55,male,weekend,Mouthwash,General,2,823.99,1647.98,328.69
232,2024-03-06,morning,61,female,daily_needs,Thermometer,General,4,747.32,2989.28,328.69
233,2024-03-29,evening,63,male,weekend,Vitamin C,General,5,799.25,3996.25,234.74
233,2024-03-29,evening,71,male,holiday,Lotion,General,4,999.98,3999.92,234.74
233,2024-03-29,afternoon,33,male,daily_needs,Vitamin C,General,5,819.62,4098.1,234.74
233,2024-03-29,evening,50,female,holiday,Cough Syrup,General,2,445.87,891.74,234.74
234,2024-01-27,afternoon,23,male,holiday,Thermometer,General,1,331.97,331.97,364.86
234,2024-01-27,evening,59,female,holiday,Bandages,General,3,511.22,1533.66,364.86
235,2024-03-28,morning,80,male,daily_needs,Face Wash,General,3,808.82,2426.46,365.89
235,2024-03-28,morning,41,male,weekend,Shampoo,General,2,292.18,584.36,365.89
235,2024-03-28,afternoon,19,female,weekend,Lotion,General,5,615.07,3075.35,365.89
236,2024-02-16,evening,74,female,weekend,Lotion,General,4,165.3,661.2,121.47
236,2024-02-16,morning,53,male,weekend,Thermometer,General,1,813.91,813.91,121.47
236,2024-02-16,evening,67,male,holiday,Toothpaste,General,2,922.24,1844.48,121.47
237,2024-04-07,evening,46,female,daily_needs,Paracetamol,General,4,157.92,631.68,312.35
237,2024-04-07,evening,74,male,weekend,Bandages,General,3,906.74,2720.22,312.35
238,2024-03-14,afternoon,58,male,weekend,Bandages,General,2,952.01,1904.02,188.91
238,2024-03-14,afternoon,19,male,weekend,Multivitamin,General,2,627.36,1254.72,188.91
239,2024-03-26,evening,62,female,daily_needs,Toothpaste,General,1,692.89,692.89,475.31
239,2024-03-26,evening,29,female,weekend,Mouthwash,General,1,301.13,301.13,475.31
240,2024-03-05,morning,21,female,holiday,Paracetamol,General,2,74.27,148.54,270.59
241,2024-01-18,morning,26,male,holiday,Paracetamol,General,4,104.93,419.72,135.89
242,2024-02-06,morning,54,female,daily_needs,Antiseptic,General,1,142.59,142.59,361.95
242,2024-02-06,afternoon,78,female,daily_needs,Sunscreen,General,4,446.52,1786.08,361.95
243,2024-02-25,evening,76,female,weekend,Lotion,General,1,971.23,971.23,222.18
243,2024-02-25,morning,75,male,weekend,Lotion,General,2,855.09,1710.18,222.18
244,2024-02-22,morning,24,male,weekend,Cough Syrup,General,1,378.63,378.63,387.67
244,2024-02-22,evening,80,male,holiday,Bandages,General,4,848.44,3393.76,387.67
244,2024-02-22,afternoon,33,female,holiday,Lotion,General,1,501.35,501.35,387.67
244,2024-02-22,afternoon,52,male,daily_needs,Antiseptic,General,1,754.46,754.46,387.67
245,2024-01-31,evening,78,male,weekend,Sunscreen,General,1,519.2,519.2,438.92
245,2024-01-31,evening,69,female,weekend,Thermometer,General,4,953.65,3814.6,438.92
245,2024-01-31,morning,35,male,holiday,Thermometer,General,4,886.2,3544.8,438.92
245,2024-01-31,afternoon,72,female,holiday,Deodorant,General,3,794.3,2382.9,438.92
246,2024-02-21,afternoon,71,male,holiday,Paracetamol,General,5,78.89,394.45,183.08
246,2024-02-21,morning,20,female,daily_needs,Shampoo,General,5,317.24,1586.2,183.08
246,2024-02-21,evening,48,female,daily_needs,Paracetamol,General,2,326.94,653.88,183.08
246,2024-02-21,afternoon,69,male,weekend,Vitamin C,General,3,731.54,2194.62,183.08
247,2024-03-03,morning,27,male,weekend,Shampoo,General,4,846.61,3386.44,341.84
247,2024-03-03,afternoon,28,female,weekend,Mouthwash,General,2,36.85,73.7,341.84
248,2024-03-06,afternoon,59,male,daily_needs,Multivitamin,General,5,503.2,2516.0,178.23
248,2024-03-06,evening,23,male,weekend,Cough Syrup,General,1,860.03,860.03,178.23
248,2024-03-06,afternoon,32,female,daily_needs,Antiseptic,General,5,793.18,3965.9,178.23
249,2024-03-19,evening,22,female,holiday,Shampoo,General,4,546.1,2184.4,497.23
249,2024-03-19,afternoon,34,male,weekend,Deodorant,General,1,820.23,820.23,497.23
250,2024-01-20,morning,28,female,weekend,Cough Syrup,General,3,100.62,301.86,390.48
250,2024-01-20,morning,73,male,daily_needs,Soap,General,4,69.94,279.76,390.48
251,2024-04-02,morning,70,male,weekend,Paracetamol,General,1,719.26,719.26,356.74
251,2024-04-02,evening,42,male,daily_needs,Cough Syrup,General,2,81.23,162.46,356.74
251,2024-04-02,evening,30,male,holiday,Sunscreen,General,5,831.51,4157.55,356.74
251,2024-04-02,evening,56,male,daily_needs,Multivitamin,General,3,51.79,155.37,356.74
252,2024-01-16,afternoon,76,female,daily_needs,Cough Syrup,General,1,755.21,755.21,298.55
252,2024-01-16,morning,55,female,holiday,Toothpaste,General,4,64.68,258.72,298.55
253,2024-01-28,morning,66,female,holiday,Soap,General,5,978.21,4891.05,496.25
253,2024-01-28,evening,50,female,daily_needs,Mouthwash,General,3,848.49,2545.47,496.25
253,2024-01-28,evening,47,female,weekend,Thermometer,General,1,636.11,636.11,496.25
253,2024-01-28,morning,31,female,weekend,Cough Syrup,General,3,539.51,1618.53,496.25
254,2024-01-30,afternoon,77,male,holiday,Toothpaste,General,4,532.13,2128.52,101.39
255,2024-02-01,evening,66,male,holiday,Cough Syrup,General,4,129.71,518.84,266.2
255,2024-02-01,afternoon,19,male,holiday,Sunscreen,General,2,147.18,294.36,266.2
255,2024-02-01,morning,61,female,weekend,Sunscreen,General,4,779.4,3117.6,266.2
255,2024-02-01,evening,30,female,weekend,Deodorant,General,2,59.51,119.02,266.2
256,2024-03-08,morning,29,female,holiday,Vitamin C,General,5,379.01,1895.05,240.76
257,2024-03-19,morning,28,female,holiday,Deodorant,General,3,210.27,630.81,407.21
258,2024-02-11,morning,28,male,weekend,Mouthwash,General,1,793.56,793.56,253.78
258,2024-02-11,evening,66,female,holiday,Antiseptic,General,4,274.39,1097.56,253.78
258,2024-02-11,evening,48,male,weekend,Shampoo,General,4,688.6,2754.4,253.78
258,2024-02-11,afternoon,22,female,holiday,Soap,General,1,260.99,260.99,253.78
259,2024-03-01,morning,38,male,holiday,Multivitamin,General,4,896.76,3587.04,429.38
259,2024-03-01,afternoon,22,male,weekend,Thermometer,General,1,233.23,233.23,429.38
260,2024-03-01,evening,51,female,daily_needs,Bandages,General,2,708.76,1417.52,377.94
261,2024-04-03,evening,26,female,holiday,Deodorant,General,3,513.32,1539.96,188.16
261,2024-04-03,morning,37,male,holiday,Lotion,General,5,813.18,4065.9,188.16
262,2024-01-24,afternoon,72,male,daily_needs,Paracetamol,General,1,380.93,380.93,128.51
263,2024-03-15,evening,53,female,holiday,Bandages,General,4,718.66,2874.64,198.03
263,2024-03-15,evening,73,female,daily_needs,Bandages,General,5,108.9,544.5,198.03
263,2024-03-15,morning,38,male,daily_needs,Thermometer,General,3,913.84,2741.52,198.03
264,2024-03-08,morning,49,female,daily_needs,Antiseptic,General,4,261.85,1047.4,234.78
264,2024-03-08,evening,66,male,daily_needs,Toothpaste,General,1,907.72,907.72,234.78
264,2024-03-08,afternoon,39,male,daily_needs,Cough Syrup,General,5,384.67,1923.35,234.78
265,2024-03-27,evening,24,female,weekend,Bandages,General,2,388.85,777.7,475.56
265,2024-03-27,morning,66,female,daily_needs,Cough Syrup,General,4,38.48,153.92,475.56
265,2024-03-27,afternoon,68,female,weekend,Shampoo,General,3,776.27,2328.81,475.56
265,2024-03-27,afternoon,67,female,weekend,Paracetamol,General,1,370.94,370.94,475.56
266,2024-03-11,morning,47,male,daily_needs,Deodorant,General,5,474.57,2372.85,244.66
267,2024-02-17,evening,59,male,weekend,Face Wash,General,1,232.18,232.18,294.67
267,2024-02-17,afternoon,80,male,holiday,Vitamin C,General,2,890.89,1781.78,294.67
267,2024-02-17,afternoon,70,male,weekend,Toothpaste,General,3,711.56,2134.68,294.67
267,2024-02-17,evening,29,female,daily_needs,Paracetamol,General,5,189.3,946.5,294.67
268,2024-02-17,evening,51,female,daily_needs,Thermometer,General,4,202.22,808.88,306.48
268,2024-02-17,afternoon,20,female,weekend,Lotion,General,3,153.38,460.14,306.48
268,2024-02-17,afternoon,59,female,holiday,Cough Syrup,General,2,488.67,977.34,306.48
268,2024-02-17,morning,73,male,weekend,Cough Syrup,General,5,967.56,4837.8,306.48
269,2024-03-06,afternoon,62,male,weekend,Mouthwash,General,2,233.53,467.06,311.61
269,2024-03-06,evening,50,female,holiday,Vitamin C,General,4,898.0,3592.0,311.61
269,2024-03-06,evening,19,female,holiday,Thermometer,General,5,993.78,4968.9,311.61
269,2024-03-06,evening,61,male,daily_needs,Vitamin C,General,3,784.57,2353.71,311.61
270,2024-02-14,morning,40,male,holiday,Toothpaste,General,5,776.56,3882.8,289.71
270,2024-02-14,evening,44,male,weekend,Mouthwash,General,4,440.48,1761.92,289.71
270,2024-02-14,afternoon,67,male,weekend,Cough Syrup,General,3,423.26,1269.78,289.71
271,2024-01-22,evening,56,female,weekend,Soap,General,3,357.38,1072.14,163.51
271,2024-01-22,morning,55,male,daily_needs,Deodorant,General,5,274.48,1372.4,163.51
271,2024-01-22,morning,48,male,weekend,Soap,General,2,466.33,932.66,163.51
271,2024-01-22,morning,29,male,holiday,Paracetamol,General,2,944.82,1889.64,163.51
272,2024-02-02,morning,24,male,weekend,Deodorant,General,3,658.22,1974.66,296.04
272,2024-02-02,evening,25,female,daily_needs,Lotion,General,2,76.06,152.12,296.04
272,2024-02-02,afternoon,28,female,daily_needs,Bandages,General,3,840.41,2521.23,296.04
272,2024-02-02,afternoon,54,male,daily_needs,Antiseptic,General,2,941.2,1882.4,296.04
273,2024-03-09,morning,55,male,daily_needs,Vitamin C,General,2,751.94,1503.88,497.96
274,2024-03-27,morning,80,female,daily_needs,Face Wash,General,4,283.26,1133.04,431.53
275,2024-01-22,evening,19,male,weekend,Sunscreen,General,1,923.16,923.16,422.49
275,2024-01-22,morning,43,male,weekend,Thermometer,General,1,890.41,890.41,422.49
275,2024-01-22,evening,18,male,weekend,Mouthwash,General,2,224.51,449.02,422.49
275,2024-01-22,afternoon,71,female,daily_needs,Bandages,General,3,389.2,1167.6,422.49
276,2024-02-12,afternoon,28,female,weekend,Lotion,General,2,917.56,1835.12,102.13
277,2024-02-12,evening,43,female,weekend,Vitamin C,General,2,883.36,1766.72,346.31
278,2024-04-02,morning,62,male,holiday,Mouthwash,General,2,144.68,289.36,380.29
278,2024-04-02,afternoon,29,male,daily_needs,Thermometer,General,5,135.52,677.6,380.29
278,2024-04-02,afternoon,32,female,holiday,Vitamin C,General,3,975.44,2926.32,380.29
279,2024-03-27,morning,26,female,holiday,Lotion,General,4,407.23,1628.92,232.45
279,2024-03-27,morning,47,male,holiday,Face Wash,General,3,368.78,1106.34,232.45
279,2024-03-27,morning,55,female,weekend,Mouthwash,General,5,386.16,1930.8,232.45
279,2024-03-27,afternoon,64,male,holiday,Deodorant,General,5,446.15,2230.75,232.45
280,2024-01-15,evening,49,female,weekend,Deodorant,General,1,186.25,186.25,318.26
280,2024-01-15,evening,63,male,holiday,Deodorant,General,2,603.12,1206.24,318.26
280,2024-01-15,morning,29,male,weekend,Shampoo,General,3,884.47,2653.41,318.26
280,2024-01-15,morning,57,male,weekend,Bandages,General,5,580.97,2904.85,318.26
281,2024-01-19,morning,75,male,weekend,Cough Syrup,General,2,222.16,444.32,102.62
281,2024-01-19,morning,33,female,daily_needs,Vitamin C,General,2,813.4,1626.8,102.62
282,2024-04-07,afternoon,72,male,daily_needs,Mouthwash,General,2,989.52,1979.04,213.47
282,2024-04-07,evening,61,male,daily_needs,Deodorant,General,4,589.28,2357.12,213.47
282,2024-04-07,evening,69,female,holiday,Shampoo,General,2,631.31,1262.62,213.47
283,2024-02-15,morning,36,male,weekend,Thermometer,General,2,600.25,1200.5,152.91
283,2024-02-15,evening,19,female,holiday,Soap,General,5,999.82,4999.1,152.91
284,2024-02-13,morning,71,female,weekend,Multivitamin,General,2,882.11,1764.22,123.01
285,2024-02-26,afternoon,76,male,daily_needs,Multivitamin,General,2,257.87,515.74,298.57
285,2024-02-26,morning,22,female,weekend,Bandages,General,5,384.26,1921.3,298.57
285,2024-02-26,morning,22,male,weekend,Paracetamol,General,5,779.38,3896.9,298.57
285,2024-02-26,afternoon,59,male,holiday,Cough Syrup,General,4,355.06,1420.24,298.57
286,2024-01-27,morning,43,female,daily_needs,Soap,General,2,117.88,235.76,248.95
286,2024-01-27,evening,43,male,weekend,Deodorant,General,3,483.98,1451.94,248.95
287,2024-02-03,afternoon,42,male,daily_needs,Soap,General,1,892.55,892.55,270.29
287,2024-02-03,afternoon,69,male,daily_needs,Vitamin C,General,5,601.23,3006.15,270.29
287,2024-02-03,evening,65,female,weekend,Deodorant,General,2,285.07,570.14,270.29
287,2024-02-03,morning,28,male,daily_needs,Antiseptic,General,2,862.86,1725.72,270.29
288,2024-02-29,afternoon,24,female,daily_needs,Soap,General,2,118.36,236.72,355.94
289,2024-02-22,evening,71,male,holiday,Deodorant,General,4,495.41,1981.64,336.51
289,2024-02-22,evening,26,female,weekend,Mouthwash,General,2,386.87,773.74,336.51
290,2024-02-16,morning,80,male,holiday,Toothpaste,General,2,714.03,1428.06,201.75
290,2024-02-16,evening,38,male,holiday,Paracetamol,General,1,316.46,316.46,201.75
291,2024-03-24,afternoon,20,female,weekend,Face Wash,General,4,832.92,3331.68,179.31
291,2024-03-24,morning,74,male,daily_needs,Mouthwash,General,5,986.45,4932.25,179.31
291,2024-03-24,afternoon,40,male,weekend,Deodorant,General,5,943.9,4719.5,179.31
291,2024-03-24,morning,39,female,holiday,Toothpaste,General,3,960.83,2882.49,179.31
292,2024-02-19,evening,39,female,holiday,Toothpaste,General,5,208.26,1041.3,395.53
293,2024-02-05,evening,45,female,daily_needs,Lotion,General,2,37.63,75.26,303.17
293,2024-02-05,afternoon,48,male,holiday,Mouthwash,General,2,375.16,750.32,303.17
293,2024-02-05,morning,73,female,holiday,Antiseptic,General,1,790.02,790.02,303.17
294,2024-03-05,evening,28,male,daily_needs,Deodorant,General,3,28.45,85.35,142.52
294,2024-03-05,morning,40,female,daily_needs,Shampoo,General,3,458.28,1374.84,142.52
295,2024-03-25,morning,55,female,daily_needs,Face Wash,General,1,108.83,108.83,478.31
295,2024-03-25,morning,33,female,daily_needs,Bandages,General,5,581.93,2909.65,478.31
295,2024-03-25,evening,18,male,holiday,Soap,General,4,406.53,1626.12,478.31
295,2024-03-25,evening,46,male,daily_needs,Lotion,General,4,20.24,80.96,478.31
296,2024-02-27,evening,41,female,daily_needs,Paracetamol,General,1,487.67,487.67,214.02
297,2024-01-20,evening,32,male,daily_needs,Soap,General,1,583.42,583.42,198.24
298,2024-02-09,morning,28,female,weekend,Multivitamin,General,1,950.64,950.64,188.88
298,2024-02-09,morning,62,male,weekend,Vitamin C,General,5,160.69,803.45,188.88
299,2024-03-17,afternoon,43,female,weekend,Multivitamin,General,4,834.33,3337.32,121.96
300,2024-03-10,afternoon,36,male,holiday,Toothpaste,General,3,30.12,90.36,328.98
300,2024-03-10,morning,47,male,daily_needs,Bandages,General,4,108.33,433.32,328.98
301,2024-03-09,morning,61,male,daily_needs,Deodorant,General,2,790.77,1581.54,145.87
301,2024-03-09,evening,77,female,weekend,Soap,General,1,965.7,965.7,145.87
302,2024-02-22,morning,63,male,weekend,Antiseptic,General,3,901.93,2705.79,215.08
302,2024-02-22,evening,30,female,daily_needs,Sunscreen,General,4,665.32,2661.28,215.08
303,2024-03-04,afternoon,78,female,daily_needs,Lotion,General,2,794.24,1588.48,341.76
303,2024-03-04,morning,57,male,weekend,Thermometer,General,4,812.67,3250.68,341.76
303,2024-03-04,afternoon,38,female,daily_needs,Toothpaste,General,5,452.55,2262.75,341.76
304,2024-01-26,evening,57,male,daily_needs,Bandages,General,2,60.35,120.7,167.48
304,2024-01-26,evening,32,female,weekend,Bandages,General,3,96.21,288.63,167.48
304,2024-01-26,afternoon,28,male,weekend,Antiseptic,General,4,785.29,3141.16,167.48
304,2024-01-26,morning,50,female,holiday,Bandages,General,4,578.87,2315.48,167.48
305,2024-01-16,afternoon,73,female,holiday,Antiseptic,General,2,390.93,781.86,404.43
305,2024-01-16,afternoon,53,male,weekend,Soap,General,4,189.5,758.0,404.43
306,2024-03-21,evening,63,female,daily_needs,Face Wash,General,1,979.67,979.67,101.29
306,2024-03-21,afternoon,32,female,holiday,Thermometer,General,3,492.07,1476.21,101.29
306,2024-03-21,afternoon,29,male,weekend,Soap,General,3,249.77,749.31,101.29
306,2024-03-21,evening,56,male,daily_needs,Mouthwash,General,2,487.42,974.84,101.29
307,2024-01-24,evening,45,male,weekend,Sunscreen,General,4,742.3,2969.2,217.44
307,2024-01-24,afternoon,50,female,weekend,Cough Syrup,General,4,70.2,280.8,217.44
307,2024-01-24,evening,42,male,holiday,Shampoo,General,4,846.38,3385.52,217.44
308,2024-02-28,afternoon,75,female,weekend,Paracetamol,General,4,759.92,3039.68,261.65
308,2024-02-28,morning,41,female,holiday,Multivitamin,General,5,385.31,1926.55,261.65
308,2024-02-28,evening,65,male,daily_needs,Paracetamol,General,4,485.87,1943.48,261.65
308,2024-02-28,evening,28,male,daily_needs,Shampoo,General,5,321.9,1609.5,261.65
309,2024-01-20,evening,71,female,daily_needs,Bandages,General,2,376.07,752.14,401.16
309,2024-01-20,afternoon,20,female,daily_needs,Cough Syrup,General,2,455.32,910.64,401.16
309,2024-01-20,afternoon,55,male,daily_needs,Vitamin C,General,4,493.39,1973.56,401.16
309,2024-01-20,afternoon,60,male,daily_needs,Deodorant,General,4,481.58,1926.32,401.16
310,2024-01-30,morning,65,male,weekend,Lotion,General,4,913.0,3652.0,356.95
310,2024-01-30,morning,57,male,holiday,Sunscreen,General,5,654.1,3270.5,356.95
311,2024-03-10,morning,50,female,holiday,Mouthwash,General,1,399.47,399.47,400.57
311,2024-03-10,evening,44,male,weekend,Face Wash,General,2,702.45,1404.9,400.57
311,2024-03-10,evening,57,female,weekend,Vitamin C,General,3,802.84,2408.52,400.57
312,2024-04-05,morning,72,female,holiday,Paracetamol,General,2,831.87,1663.74,377.79
312,2024-04-05,morning,34,female,holiday,Shampoo,General,1,554.16,554.16,377.79
312,2024-04-05,afternoon,61,female,daily_needs,Lotion,General,4,221.81,887.24,377.79
313,2024-01-22,afternoon,66,male,holiday,Thermometer,General,1,485.08,485.08,477.4
314,2024-03-29,evening,71,male,holiday,Mouthwash,General,5,931.88,4659.4,296.22
314,2024-03-29,evening,27,female,holiday,Antiseptic,General,2,777.16,1554.32,296.22
315,2024-02-13,morning,47,male,holiday,Lotion,General,3,618.53,1855.59,168.65
315,2024-02-13,evening,36,male,daily_needs,Cough Syrup,General,5,544.85,2724.25,168.65
315,2024-02-13,evening,33,male,holiday,Shampoo,General,2,958.49,1916.98,168.65
315,2024-02-13,afternoon,61,male,daily_needs,Bandages,General,3,779.59,2338.77,168.65
316,2024-04-02,afternoon,19,female,holiday,Paracetamol,General,1,624.59,624.59,427.81
316,2024-04-02,afternoon,30,male,weekend,Bandages,General,5,539.89,2699.45,427.81
316,2024-04-02,afternoon,32,female,holiday,Shampoo,General,2,815.49,1630.98,427.81
316,2024-04-02,evening,27,male,weekend,Soap,General,5,129.41,647.05,427.81
317,2024-03-15,afternoon,58,female,holiday,Bandages,General,2,684.24,1368.48,237.5
318,2024-04-06,morning,42,female,holiday,Thermometer,General,2,903.23,1806.46,361.62
319,2024-01-26,morning,30,female,daily_needs,Multivitamin,General,4,73.31,293.24,339.63
319,2024-01-26,morning,44,female,daily_needs,Sunscreen,General,1,219.52,219.52,339.63
319,2024-01-26,evening,58,male,holiday,Face Wash,General,1,465.18,465.18,339.63
320,2024-03-06,evening,28,female,holiday,Paracetamol,General,3,836.27,2508.81,436.98
320,2024-03-06,afternoon,66,male,holiday,Deodorant,General,1,468.49,468.49,436.98
321,2024-03-21,evening,29,female,holiday,Bandages,General,1,93.76,93.76,315.93
321,2024-03-21,afternoon,77,male,holiday,Mouthwash,General,4,861.41,3445.64,315.93
321,2024-03-21,morning,69,female,weekend,Lotion,General,2,35.24,70.48,315.93
322,2024-01-19,morning,33,male,weekend,Vitamin C,General,2,994.38,1988.76,268.51
322,2024-01-19,evening,75,female,weekend,Bandages,General,2,339.54,679.08,268.51
323,2024-03-31,evening,59,male,holiday,Bandages,General,3,998.35,2995.05,372.19
323,2024-03-31,afternoon,75,male,daily_needs,Paracetamol,General,1,741.07,741.07,372.19
323,2024-03-31,afternoon,69,male,weekend,Paracetamol,General,3,230.65,691.95,372.19
323,2024-03-31,evening,19,male,daily_needs,Cough Syrup,General,4,376.95,1507.8,372.19
324,2024-01-16,evening,76,female,holiday,Sunscreen,General,4,826.46,3305.84,470.74
324,2024-01-16,morning,33,female,holiday,Shampoo,General,4,20.75,83.0,470.74
325,2024-02-21,afternoon,38,male,holiday,Bandages,General,1,364.89,364.89,188.92
325,2024-02-21,afternoon,34,male,holiday,Toothpaste,General,4,793.98,3175.92,188.92
326,2024-02-19,morning,73,female,holiday,Bandages,General,5,555.85,2779.25,147.54
327,2024-03-27,afternoon,33,female,weekend,Soap,General,4,422.89,1691.56,499.63
327,2024-03-27,morning,32,female,daily_needs,Lotion,General,4,810.66,3242.64,499.63
327,2024-03-27,evening,67,female,weekend,Mouthwash,General,1,146.76,146.76,499.63
327,2024-03-27,evening,37,female,holiday,Thermometer,General,2,152.19,304.38,499.63
328,2024-01-21,morning,56,female,daily_needs,Paracetamol,General,4,572.4,2289.6,151.52
328,2024-01-21,afternoon,44,female,daily_needs,Sunscreen,General,5,591.74,2958.7,151.52
328,2024-01-21,morning,30,female,weekend,Mouthwash,General,5,910.51,4552.55,151.52
329,2024-03-31,evening,76,male,daily_needs,Antiseptic,General,5,740.11,3700.55,446.06
329,2024-03-31,afternoon,53,female,holiday,Sunscreen,General,4,618.7,2474.8,446.06
330,2024-03-02,morning,37,male,daily_needs,Bandages,General,5,189.21,946.05,309.3
330,2024-03-02,afternoon,75,male,daily_needs,Antiseptic,General,2,611.06,1222.12,309.3
330,2024-03-02,evening,30,male,daily_needs,Paracetamol,General,4,29.65,118.6,309.3
330,2024-03-02,morning,75,male,weekend,Bandages,General,1,659.32,659.32,309.3
331,2024-04-08,afternoon,27,male,weekend,Soap,General,2,855.85,1711.7,448.29
331,2024-04-08,evening,77,male,daily_needs,Bandages,General,1,36.35,36.35,448.29
331,2024-04-08,evening,69,female,weekend,Paracetamol,General,5,480.68,2403.4,448.29
331,2024-04-08,morning,55,female,holiday,Antiseptic,General,4,311.18,1244.72,448.29
332,2024-04-09,afternoon,76,male,weekend,Mouthwash,General,2,74.5,149.0,173.06
332,2024-04-09,afternoon,71,male,daily_needs,Mouthwash,General,4,993.46,3973.84,173.06
333,2024-03-09,evening,78,female,holiday,Thermometer,General,5,412.67,2063.35,466.15
334,2024-03-27,evening,72,female,weekend,Toothpaste,General,2,881.76,1763.52,134.07
335,2024-04-08,morning,58,male,weekend,Mouthwash,General,4,420.86,1683.44,474.58
335,2024-04-08,afternoon,54,female,weekend,Paracetamol,General,3,852.58,2557.74,474.58
335,2024-04-08,morning,37,male,weekend,Sunscreen,General,3,138.11,414.33,474.58
336,2024-02-04,morning,79,male,holiday,Cough Syrup,General,4,667.27,2669.08,226.3
336,2024-02-04,afternoon,24,male,daily_needs,Sunscreen,General,4,505.95,2023.8,226.3
336,2024-02-04,evening,28,male,weekend,Antiseptic,General,1,241.24,241.24,226.3
337,2024-01-26,morning,27,female,holiday,Soap,General,5,605.67,3028.35,128.39
337,2024-01-26,morning,51,female,daily_needs,Cough Syrup,General,4,59.51,238.04,128.39
338,2024-02-22,afternoon,72,female,weekend,Deodorant,General,4,300.88,1203.52,343.57
338,2024-02-22,afternoon,49,female,daily_needs,Sunscreen,General,5,427.66,2138.3,343.57
339,2024-01-31,afternoon,22,male,holiday,Deodorant,General,4,425.27,1701.08,130.49
339,2024-01-31,evening,22,female,holiday,Vitamin C,General,5,856.27,4281.35,130.49
340,2024-02-29,afternoon,62,male,holiday,Paracetamol,General,5,601.23,3006.15,131.38
341,2024-02-29,morning,80,female,daily_needs,Mouthwash,General,1,567.18,567.18,241.61
341,2024-02-29,morning,40,female,holiday,Soap,General,1,734.34,734.34,241.61
341,2024-02-29,morning,38,female,weekend,Bandages,General,5,404.55,2022.75,241.61
341,2024-02-29,afternoon,33,male,weekend,Vitamin C,General,4,824.83,3299.32,241.61
342,2024-01-15,afternoon,18,male,daily_needs,Soap,General,3,332.55,997.65,224.7
343,2024-03-24,morning,66,male,holiday,Thermometer,General,5,166.62,833.1,132.57
343,2024-03-24,evening,19,male,holiday,Lotion,General,4,773.57,3094.28,132.57
343,2024-03-24,evening,64,male,daily_needs,Toothpaste,General,3,917.03,2751.09,132.57
344,2024-03-24,evening,78,female,holiday,Soap,General,1,666.87,666.87,313.67
344,2024-03-24,morning,27,female,weekend,Paracetamol,General,5,703.86,3519.3,313.67
344,2024-03-24,morning,80,female,weekend,Soap,General,4,715.11,2860.44,313.67
344,2024-03-24,morning,73,male,holiday,Cough Syrup,General,3,726.42,2179.26,313.67
345,2024-01-31,morning,77,male,holiday,Sunscreen,General,3,278.37,835.11,108.27
345,2024-01-31,evening,75,male,weekend,Sunscreen,General,1,515.48,515.48,108.27
346,2024-04-01,morning,56,male,daily_needs,Face Wash,General,1,607.5,607.5,346.05
346,2024-04-01,evening,71,female,daily_needs,Multivitamin,General,1,215.7,215.7,346.05
346,2024-04-01,morning,69,female,weekend,Multivitamin,General,1,348.58,348.58,346.05
346,2024-04-01,afternoon,53,female,holiday,Vitamin C,General,3,179.75,539.25,346.05
347,2024-03-06,morning,60,male,daily_needs,Mouthwash,General,4,51.7,206.8,497.68
347,2024-03-06,evening,61,male,daily_needs,Vitamin C,General,3,241.37,724.11,497.68
348,2024-03-15,afternoon,48,female,weekend,Soap,General,3,310.34,931.02,390.56
349,2024-01-22,evening,75,male,daily_needs,Sunscreen,General,1,303.49,303.49,398.36
349,2024-01-22,evening,54,female,holiday,Cough Syrup,General,5,286.85,1434.25,398.36
350,2024-03-17,afternoon,26,female,daily_needs,Cough Syrup,General,3,709.06,2127.18,330.49
350,2024-03-17,morning,41,male,daily_needs,Paracetamol,General,4,92.2,368.8,330.49
350,2024-03-17,evening,37,male,daily_needs,Antiseptic,General,4,816.7,3266.8,330.49
350,2024-03-17,afternoon,18,male,weekend,Toothpaste,General,4,67.45,269.8,330.49
351,2024-01-21,morning,20,female,weekend,Cough Syrup,General,4,832.65,3330.6,248.39
351,2024-01-21,morning,64,male,holiday,Face Wash,General,4,280.66,1122.64,248.39
351,2024-01-21,morning,57,male,daily_needs,Deodorant,General,2,594.91,1189.82,248.39
351,2024-01-21,evening,25,male,daily_needs,Shampoo,General,2,646.31,1292.62,248.39
352,2024-02-02,morning,19,female,weekend,Paracetamol,General,2,772.04,1544.08,284.03
352,2024-02-02,afternoon,54,female,holiday,Mouthwash,General,3,246.64,739.92,284.03
352,2024-02-02,morning,54,male,weekend,Vitamin C,General,1,630.82,630.82,284.03
353,2024-03-23,morning,26,female,weekend,Thermometer,General,4,935.76,3743.04,364.63
353,2024-03-23,afternoon,69,female,holiday,Mouthwash,General,2,62.97,125.94,364.63
353,2024-03-23,afternoon,65,female,holiday,Bandages,General,3,240.63,721.89,364.63
353,2024-03-23,morning,25,male,holiday,Toothpaste,General,1,724.0,724.0,364.63
354,2024-03-31,afternoon,58,female,holiday,Cough Syrup,General,3,888.59,2665.77,438.11
354,2024-03-31,afternoon,43,female,daily_needs,Deodorant,General,2,605.18,1210.36,438.11
354,2024-03-31,evening,41,male,daily_needs,Sunscreen,General,5,505.14,2525.7,438.11
354,2024-03-31,afternoon,62,female,weekend,Vitamin C,General,2,970.12,1940.24,438.11
355,2024-03-07,afternoon,71,male,weekend,Toothpaste,General,4,49.87,199.48,104.19
356,2024-03-12,afternoon,75,female,daily_needs,Paracetamol,General,2,366.25,732.5,497.72
356,2024-03-12,afternoon,50,female,daily_needs,Multivitamin,General,3,955.79,2867.37,497.72
357,2024-04-11,morning,46,male,holiday,Soap,General,1,434.7,434.7,423.59
358,2024-02-24,morning,40,female,holiday,Vitamin C,General,3,146.37,439.11,202.26
358,2024-02-24,morning,31,male,holiday,Antiseptic,General,3,453.49,1360.47,202.26
358,2024-02-24,afternoon,21,female,weekend,Soap,General,3,229.52,688.56,202.26
358,2024-02-24,evening,69,female,holiday,Thermometer,General,4,591.85,2367.4,202.26
359,2024-02-24,morning,54,male,holiday,Thermometer,General,5,644.48,3222.4,312.61
359,2024-02-24,afternoon,79,female,holiday,Lotion,General,5,230.51,1152.55,312.61
359,2024-02-24,afternoon,42,male,holiday,Cough Syrup,General,2,883.48,1766.96,312.61
359,2024-02-24,evening,56,female,weekend,Face Wash,General,5,470.81,2354.05,312.61
360,2024-03-25,afternoon,61,female,daily_needs,Shampoo,General,2,971.16,1942.32,497.53
361,2024-04-12,afternoon,69,male,holiday,Bandages,General,2,858.43,1716.86,422.28
361,2024-04-12,morning,54,male,daily_needs,Vitamin C,General,5,372.68,1863.4,422.28
361,2024-04-12,afternoon,33,male,daily_needs,Deodorant,General,2,696.4,1392.8,422.28
361,2024-04-12,evening,62,female,daily_needs,Shampoo,General,2,226.13,452.26,422.28
362,2024-03-06,afternoon,20,male,holiday,Thermometer,General,2,335.72,671.44,405.23
362,2024-03-06,afternoon,77,female,weekend,Mouthwash,General,5,659.69,3298.45,405.23
362,2024-03-06,afternoon,28,female,weekend,Thermometer,General,2,629.51,1259.02,405.23
363,2024-02-04,evening,52,female,holiday,Paracetamol,General,1,153.93,153.93,374.4
363,2024-02-04,morning,54,male,weekend,Soap,General,1,83.95,83.95,374.4
364,2024-04-02,morning,66,male,holiday,Bandages,General,3,155.53,466.59,484.61
364,2024-04-02,afternoon,60,male,holiday,Mouthwash,General,5,166.36,831.8,484.61
365,2024-04-01,evening,48,female,weekend,Deodorant,General,1,341.69,341.69,207.49
366,2024-02-27,afternoon,21,female,weekend,Lotion,General,5,695.93,3479.65,348.93
366,2024-02-27,morning,53,male,daily_needs,Vitamin C,General,1,722.29,722.29,348.93
367,2024-03-05,morning,31,male,daily_needs,Shampoo,General,4,993.04,3972.16,389.88
367,2024-03-05,morning,76,male,weekend,Sunscreen,General,4,477.52,1910.08,389.88
367,2024-03-05,morning,78,male,weekend,Thermometer,General,5,705.85,3529.25,389.88
368,2024-01-19,afternoon,77,female,holiday,Sunscreen,General,1,927.0,927.0,277.18
368,2024-01-19,morning,53,female,daily_needs,Cough Syrup,General,4,801.62,3206.48,277.18
368,2024-01-19,afternoon,57,female,daily_needs,Mouthwash,General,5,800.23,4001.15,277.18
368,2024-01-19,morning,58,female,daily_needs,Soap,General,1,647.51,647.51,277.18
369,2024-02-22,morning,75,female,weekend,Vitamin C,General,4,483.78,1935.12,403.44
370,2024-03-19,afternoon,47,female,daily_needs,Antiseptic,General,5,927.48,4637.4,436.74
370,2024-03-19,afternoon,71,male,daily_needs,Deodorant,General,1,260.21,260.21,436.74
371,2024-03-06,evening,60,female,holiday,Deodorant,General,4,885.38,3541.52,418.19
371,2024-03-06,afternoon,64,male,weekend,Mouthwash,General,4,281.92,1127.68,418.19
372,2024-03-31,evening,55,male,daily_needs,Toothpaste,General,2,981.32,1962.64,379.59
372,2024-03-31,evening,61,female,holiday,Mouthwash,General,5,713.91,3569.55,379.59
372,2024-03-31,evening,68,male,weekend,Mouthwash,General,5,438.7,2193.5,379.59
372,2024-03-31,evening,65,female,weekend,Vitamin C,General,3,605.27,1815.81,379.59
373,2024-04-08,morning,70,female,weekend,Bandages,General,2,145.01,290.02,398.12
373,2024-04-08,evening,34,female,daily_needs,Paracetamol,General,1,173.81,173.81,398.12
374,2024-03-25,evening,73,male,weekend,Mouthwash,General,3,571.14,1713.42,235.77
375,2024-02-16,morning,62,male,daily_needs,Face Wash,General,4,448.2,1792.8,379.6
376,2024-02-04,morning,70,female,weekend,Bandages,General,2,830.18,1660.36,471.66
376,2024-02-04,morning,39,female,holiday,Sunscreen,General,5,702.16,3510.8,471.66
377,2024-01-23,morning,31,female,holiday,Face Wash,General,5,655.95,3279.75,123.12
377,2024-01-23,evening,52,female,daily_needs,Lotion,General,5,68.49,342.45,123.12
378,2024-04-13,evening,30,female,holiday,Face Wash,General,3,412.8,1238.4,287.02
379,2024-03-28,afternoon,19,female,holiday,Lotion,General,4,631.06,2524.24,326.95
379,2024-03-28,afternoon,30,male,daily_needs,Deodorant,General,5,860.92,4304.6,326.95
379,2024-03-28,afternoon,27,male,weekend,Shampoo,General,1,69.68,69.68,326.95
380,2024-03-24,evening,74,male,weekend,Multivitamin,General,4,412.76,1651.04,102.96
381,2024-03-08,afternoon,75,female,holiday,Sunscreen,General,5,418.22,2091.1,211.11
381,2024-03-08,afternoon,60,female,weekend,Antiseptic,General,3,890.7,2672.1,211.11
381,2024-03-08,afternoon,24,male,weekend,Sunscreen,General,4,289.11,1156.44,211.11
382,2024-01-15,afternoon,51,female,weekend,Toothpaste,General,4,812.19,3248.76,442.33
383,2024-02-21,afternoon,22,female,weekend,Antiseptic,General,3,338.59,1015.77,161.56
384,2024-02-16,afternoon,22,female,weekend,Vitamin C,General,2,805.64,1611.28,433.28
384,2024-02-16,morning,51,female,holiday,Lotion,General,1,522.31,522.31,433.28
384,2024-02-16,morning,71,female,weekend,Deodorant,General,1,735.59,735.59,433.28
385,2024-03-12,morning,44,male,daily_needs,Thermometer,General,5,312.33,1561.65,474.64
386,2024-02-03,evening,59,female,daily_needs,Paracetamol,General,1,801.37,801.37,233.11
386,2024-02-03,morning,52,male,daily_needs,Mouthwash,General,3,751.77,2255.31,233.11
387,2024-02-11,evening,55,male,holiday,Shampoo,General,4,645.21,2580.84,429.47
387,2024-02-11,afternoon,56,female,holiday,Thermometer,General,4,152.23,608.92,429.47
387,2024-02-11,afternoon,39,male,holiday,Bandages,General,1,225.55,225.55,429.47
388,2024-03-04,evening,18,female,weekend,Thermometer,General,1,474.76,474.76,241.57
388,2024-03-04,afternoon,66,female,weekend,Toothpaste,General,1,581.58,581.58,241.57
388,2024-03-04,afternoon,58,male,holiday,Bandages,General,1,890.51,890.51,241.57
389,2024-03-29,morning,60,female,daily_needs,Paracetamol,General,5,265.96,1329.8,158.86
390,2024-01-20,morning,40,male,weekend,Toothpaste,General,3,618.31,1854.93,448.4
390,2024-01-20,afternoon,30,female,daily_needs,Vitamin C,General,2,114.44,228.88,448.4
391,2024-03-11,afternoon,36,female,weekend,Antiseptic,General,5,377.99,1889.95,479.45
391,2024-03-11,evening,37,male,holiday,Thermometer,General,4,743.06,2972.24,479.45
391,2024-03-11,evening,51,male,daily_needs,Vitamin C,General,5,531.54,2657.7,479.45
391,2024-03-11,evening,26,female,holiday,Toothpaste,General,4,702.4,2809.6,479.45
392,2024-02-19,evening,44,male,daily_needs,Face Wash,General,2,184.95,369.9,456.6
393,2024-01-18,evening,53,female,holiday,Mouthwash,General,3,182.43,547.29,268.0
393,2024-01-18,afternoon,36,male,daily_needs,Deodorant,General,4,208.62,834.48,268.0
393,2024-01-18,morning,42,female,daily_needs,Deodorant,General,5,229.36,1146.8,268.0
394,2024-04-06,afternoon,23,male,weekend,Toothpaste,General,5,166.59,832.95,411.58
395,2024-03-03,afternoon,54,female,weekend,Mouthwash,General,5,601.85,3009.25,109.36
395,2024-03-03,afternoon,77,male,daily_needs,Paracetamol,General,4,730.43,2921.72,109.36
395,2024-03-03,morning,59,female,daily_needs,Sunscreen,General,5,512.54,2562.7,109.36
396,2024-03-29,morning,74,male,daily_needs,Sunscreen,General,5,75.48,377.4,383.37
397,2024-03-09,afternoon,73,female,daily_needs,Face Wash,General,5,294.96,1474.8,286.41
397,2024-03-09,afternoon,55,female,holiday,Bandages,General,1,634.58,634.58,286.41
397,2024-03-09,afternoon,44,female,weekend,Antiseptic,General,2,601.48,1202.96,286.41
398,2024-01-24,afternoon,65,male,weekend,Toothpaste,General,1,365.69,365.69,125.92
399,2024-03-18,evening,55,female,weekend,Toothpaste,General,5,766.86,3834.3,350.88
400,2024-02-05,evening,31,female,holiday,Toothpaste,General,4,422.8,1691.2,310.05
400,2024-02-05,morning,79,male,holiday,Sunscreen,General,4,97.69,390.76,310.05
400,2024-02-05,morning,55,female,holiday,Multivitamin,General,2,132.23,264.46,310.05
400,2024-02-05,evening,68,male,holiday,Deodorant,General,3,743.46,2230.38,310.05
401,2024-03-25,morning,77,female,holiday,Shampoo,General,1,520.53,520.53,153.53
402,2024-01-18,morning,76,female,weekend,Soap,General,5,55.91,279.55,147.37
402,2024-01-18,afternoon,55,male,daily_needs,Sunscreen,General,2,597.69,1195.38,147.37
402,2024-01-18,morning,42,male,daily_needs,Bandages,General,5,669.5,3347.5,147.37
402,2024-01-18,afternoon,60,female,holiday,Thermometer,General,4,922.89,3691.56,147.37
403,2024-02-15,morning,44,female,weekend,Sunscreen,General,5,621.9,3109.5,444.9
403,2024-02-15,evening,73,male,daily_needs,Antiseptic,General,3,696.71,2090.13,444.9
403,2024-02-15,morning,69,female,weekend,Cough Syrup,General,1,770.62,770.62,444.9
404,2024-04-08,morning,38,female,weekend,Face Wash,General,1,687.72,687.72,407.05
404,2024-04-08,afternoon,61,male,weekend,Paracetamol,General,1,534.3,534.3,407.05
405,2024-04-03,evening,35,female,weekend,Vitamin C,General,3,380.29,1140.87,303.64
405,2024-04-03,morning,24,male,weekend,Multivitamin,General,3,890.01,2670.03,303.64
406,2024-01-21,morning,77,male,holiday,Shampoo,General,3,853.82,2561.46,179.38
407,2024-03-23,morning,38,female,holiday,Mouthwash,General,1,748.78,748.78,333.11
407,2024-03-23,afternoon,74,female,holiday,Sunscreen,General,5,72.37,361.85,333.11
407,2024-03-23,morning,32,female,holiday,Bandages,General,3,437.82,1313.46,333.11
407,2024-03-23,afternoon,34,female,weekend,Mouthwash,General,3,44.24,132.72,333.11
408,2024-02-13,evening,72,female,weekend,Deodorant,General,1,85.07,85.07,187.17
408,2024-02-13,morning,57,female,weekend,Cough Syrup,General,4,515.91,2063.64,187.17
408,2024-02-13,morning,73,male,weekend,Mouthwash,General,4,378.73,1514.92,187.17
408,2024-02-13,evening,76,male,holiday,Thermometer,General,2,669.3,1338.6,187.17
409,2024-02-13,evening,43,male,holiday,Vitamin C,General,2,573.64,1147.28,135.49
410,2024-03-26,evening,60,female,holiday,Paracetamol,General,2,242.11,484.22,220.03
410,2024-03-26,afternoon,72,female,daily_needs,Toothpaste,General,3,634.29,1902.87,220.03
410,2024-03-26,afternoon,52,male,holiday,Lotion,General,4,43.49,173.96,220.03
411,2024-03-14,afternoon,36,female,weekend,Soap,General,3,401.0,1203.0,390.86
411,2024-03-14,afternoon,65,female,holiday,Bandages,General,1,923.15,923.15,390.86
412,2024-03-17,evening,77,male,weekend,Multivitamin,General,4,22.88,91.52,105.25
412,2024-03-17,morning,75,male,daily_needs,Toothpaste,General,1,416.4,416.4,105.25
412,2024-03-17,evening,22,female,daily_needs,Cough Syrup,General,3,841.02,2523.06,105.25
413,2024-04-09,afternoon,62,male,holiday,Mouthwash,General,3,820.95,2462.85,181.36
413,2024-04-09,afternoon,69,female,weekend,Vitamin C,General,2,599.66,1199.32,181.36
413,2024-04-09,evening,73,male,holiday,Lotion,General,3,671.15,2013.45,181.36
413,2024-04-09,morning,80,male,daily_needs,Shampoo,General,2,436.26,872.52,181.36
414,2024-04-05,evening,19,female,holiday,Deodorant,General,2,134.24,268.48,456.28
414,2024-04-05,afternoon,42,female,weekend,Multivitamin,General,5,751.33,3756.65,456.28
414,2024-04-05,afternoon,44,female,daily_needs,Vitamin C,General,2,997.43,1994.86,456.28
415,2024-03-05,afternoon,29,male,daily_needs,Shampoo,General,2,150.97,301.94,379.58
415,2024-03-05,morning,35,male,daily_needs,Thermometer,General,2,730.69,1461.38,379.58
416,2024-03-09,afternoon,49,female,holiday,Soap,General,1,111.91,111.91,445.7
416,2024-03-09,evening,22,female,daily_needs,Face Wash,General,3,290.56,871.68,445.7
417,2024-03-06,afternoon,36,male,holiday,Paracetamol,General,2,260.41,520.82,443.34
418,2024-01-23,afternoon,72,female,weekend,Lotion,General,3,157.31,471.93,423.6
418,2024-01-23,morning,25,female,daily_needs,Sunscreen,General,2,392.02,784.04,423.6
418,2024-01-23,morning,54,female,holiday,Thermometer,General,4,895.76,3583.04,423.6
418,2024-01-23,evening,39,female,holiday,Shampoo,General,2,646.57,1293.14,423.6
419,2024-03-17,afternoon,72,female,daily_needs,Bandages,General,5,64.08,320.4,186.53
419,2024-03-17,evening,38,male,daily_needs,Soap,General,3,356.41,1069.23,186.53
419,2024-03-17,evening,64,male,weekend,Shampoo,General,3,926.85,2780.55,186.53
419,2024-03-17,afternoon,74,female,weekend,Paracetamol,General,2,542.78,1085.56,186.53
420,2024-03-23,evening,18,female,weekend,Shampoo,General,2,957.57,1915.14,126.44
420,2024-03-23,afternoon,35,female,holiday,Soap,General,1,386.32,386.32,126.44
421,2024-03-16,evening,71,male,daily_needs,Antiseptic,General,1,132.17,132.17,378.67
421,2024-03-16,evening,47,female,holiday,Deodorant,General,3,229.38,688.14,378.67
421,2024-03-16,morning,73,male,weekend,Vitamin C,General,5,335.79,1678.95,378.67
422,2024-02-15,afternoon,59,female,weekend,Multivitamin,General,5,210.43,1052.15,379.35
422,2024-02-15,afternoon,50,male,daily_needs,Multivitamin,General,5,490.81,2454.05,379.35
422,2024-02-15,morning,23,female,daily_needs,Mouthwash,General,1,338.08,338.08,379.35
422,2024-02-15,morning,34,male,weekend,Sunscreen,General,5,424.3,2121.5,379.35
423,2024-04-04,morning,49,male,holiday,Sunscreen,General,1,64.43,64.43,368.56
424,2024-04-04,afternoon,37,male,weekend,Shampoo,General,4,842.17,3368.68,262.62
424,2024-04-04,evening,59,male,daily_needs,Deodorant,General,4,825.53,3302.12,262.62
424,2024-04-04,evening,30,male,holiday,Multivitamin,General,3,943.22,2829.66,262.62
425,2024-02-06,morning,43,male,daily_needs,Paracetamol,General,2,73.15,146.3,483.58
425,2024-02-06,afternoon,73,female,holiday,Soap,General,3,911.75,2735.25,483.58
426,2024-01-17,morning,28,female,holiday,Multivitamin,General,1,303.49,303.49,161.36
426,2024-01-17,afternoon,44,female,daily_needs,Multivitamin,General,3,93.88,281.64,161.36
426,2024-01-17,afternoon,65,male,daily_needs,Multivitamin,General,4,435.93,1743.72,161.36
427,2024-02-15,evening,51,male,daily_needs,Paracetamol,General,2,292.32,584.64,112.6
427,2024-02-15,afternoon,32,male,daily_needs,Face Wash,General,2,66.25,132.5,112.6
428,2024-03-03,evening,19,male,holiday,Soap,General,5,762.36,3811.8,440.13
428,2024-03-03,morning,66,male,weekend,Toothpaste,General,3,224.89,674.67,440.13
429,2024-03-28,morning,32,male,weekend,Paracetamol,General,5,391.26,1956.3,489.14
430,2024-02-11,morning,64,female,weekend,Deodorant,General,4,685.69,2742.76,233.3
430,2024-02-11,morning,37,male,holiday,Lotion,General,3,777.06,2331.18,233.3
431,2024-02-22,afternoon,68,male,daily_needs,Bandages,General,5,521.76,2608.8,271.76
431,2024-02-22,afternoon,29,male,holiday,Shampoo,General,5,951.74,4758.7,271.76
431,2024-02-22,morning,45,female,holiday,Face Wash,General,4,632.6,2530.4,271.76
431,2024-02-22,morning,35,female,daily_needs,Mouthwash,General,4,833.77,3335.08,271.76
432,2024-02-29,morning,39,male,weekend,Lotion,General,3,817.79,2453.37,325.09
432,2024-02-29,morning,35,female,weekend,Paracetamol,General,3,791.78,2375.34,325.09
432,2024-02-29,evening,50,male,holiday,Thermometer,General,4,428.16,1712.64,325.09
432,2024-02-29,morning,35,female,weekend,Cough Syrup,General,2,416.23,832.46,325.09
433,2024-03-29,morning,36,female,weekend,Thermometer,General,4,445.62,1782.48,227.11
433,2024-03-29,morning,39,male,holiday,Mouthwash,General,4,144.74,578.96,227.11
433,2024-03-29,evening,74,female,holiday,Cough Syrup,General,2,303.84,607.68,227.11
434,2024-03-04,evening,27,female,daily_needs,Antiseptic,General,4,100.16,400.64,356.38
434,2024-03-04,evening,62,female,daily_needs,Soap,General,5,932.6,4663.0,356.38
434,2024-03-04,afternoon,35,male,holiday,Bandages,General,4,557.56,2230.24,356.38
434,2024-03-04,evening,65,female,daily_needs,Face Wash,General,5,45.61,228.05,356.38
435,2024-01-27,evening,52,male,weekend,Mouthwash,General,4,598.43,2393.72,194.55
435,2024-01-27,evening,66,male,weekend,Multivitamin,General,3,863.24,2589.72,194.55
435,2024-01-27,evening,78,male,daily_needs,Lotion,General,5,662.66,3313.3,194.55
435,2024-01-27,evening,47,male,daily_needs,Cough Syrup,General,1,507.16,507.16,194.55
436,2024-02-10,morning,42,male,weekend,Soap,General,2,779.52,1559.04,409.31
436,2024-02-10,morning,35,female,weekend,Toothpaste,General,1,564.81,564.81,409.31
436,2024-02-10,morning,42,female,holiday,Cough Syrup,General,1,149.18,149.18,409.31
436,2024-02-10,morning,80,female,weekend,Shampoo,General,2,600.31,1200.62,409.31
437,2024-02-22,afternoon,29,female,holiday,Bandages,General,2,753.69,1507.38,496.6
437,2024-02-22,evening,28,female,holiday,Bandages,General,3,755.64,2266.92,496.6
437,2024-02-22,morning,76,male,holiday,Multivitamin,General,4,155.92,623.68,496.6
437,2024-02-22,evening,73,female,daily_needs,Cough Syrup,General,4,824.25,3297.0,496.6
438,2024-02-17,evening,25,male,holiday,Lotion,General,4,724.23,2896.92,326.86
439,2024-01-26,afternoon,61,male,weekend,Face Wash,General,5,239.71,1198.55,231.45
439,2024-01-26,evening,25,male,daily_needs,Lotion,General,1,186.41,186.41,231.45
439,2024-01-26,evening,19,male,weekend,Shampoo,General,2,576.33,1152.66,231.45
439,2024-01-26,afternoon,64,male,daily_needs,Cough Syrup,General,2,246.99,493.98,231.45
440,2024-02-18,afternoon,76,female,weekend,Face Wash,General,2,957.86,1915.72,209.45
440,2024-02-18,morning,36,male,holiday,Toothpaste,General,3,106.84,320.52,209.45
441,2024-01-22,afternoon,49,male,daily_needs,Multivitamin,General,3,910.54,2731.62,136.46
442,2024-03-06,afternoon,55,male,daily_needs,Vitamin C,General,3,663.03,1989.09,469.08
443,2024-01-19,evening,53,female,weekend,Thermometer,General,1,416.11,416.11,317.72
443,2024-01-19,morning,65,male,holiday,Mouthwash,General,1,261.52,261.52,317.72
444,2024-02-02,morning,34,female,weekend,Toothpaste,General,3,890.39,2671.17,498.57
445,2024-02-10,morning,22,female,daily_needs,Soap,General,4,574.16,2296.64,368.52
445,2024-02-10,afternoon,71,male,daily_needs,Thermometer,General,5,394.51,1972.55,368.52
445,2024-02-10,morning,38,female,daily_needs,Deodorant,General,1,794.9,794.9,368.52
446,2024-01-29,morning,68,male,holiday,Face Wash,General,3,927.7,2783.1,426.77
446,2024-01-29,morning,37,female,holiday,Deodorant,General,1,178.34,178.34,426.77
447,2024-03-21,afternoon,23,male,daily_needs,Deodorant,General,5,470.19,2350.95,352.8
448,2024-02-24,afternoon,77,male,holiday,Cough Syrup,General,4,486.91,1947.64,304.03
448,2024-02-24,afternoon,42,female,weekend,Cough Syrup,General,5,90.31,451.55,304.03
449,2024-03-25,morning,76,female,weekend,Mouthwash,General,1,664.47,664.47,251.58
450,2024-03-28,morning,33,male,daily_needs,Antiseptic,General,3,879.44,2638.32,130.45
450,2024-03-28,morning,23,female,daily_needs,Antiseptic,General,1,422.75,422.75,130.45
450,2024-03-28,evening,45,male,weekend,Multivitamin,General,4,556.91,2227.64,130.45
451,2024-02-28,morning,38,male,holiday,Sunscreen,General,3,895.55,2686.65,100.81
451,2024-02-28,evening,41,female,weekend,Soap,General,1,935.55,935.55,100.81
451,2024-02-28,afternoon,55,female,holiday,Toothpaste,General,3,437.4,1312.2,100.81
452,2024-04-01,evening,54,male,daily_needs,Vitamin C,General,3,123.85,371.55,496.16
452,2024-04-01,evening,64,female,weekend,Sunscreen,General,3,940.3,2820.9,496.16
452,2024-04-01,afternoon,31,female,weekend,Shampoo,General,5,310.32,1551.6,496.16
453,2024-02-02,afternoon,58,male,weekend,Paracetamol,General,4,416.12,1664.48,404.17
453,2024-02-02,afternoon,43,female,daily_needs,Bandages,General,4,876.49,3505.96,404.17
454,2024-03-15,evening,20,male,weekend,Deodorant,General,3,129.01,387.03,188.99
455,2024-03-03,morning,34,male,holiday,Toothpaste,General,4,782.47,3129.88,141.04
455,2024-03-03,morning,18,female,weekend,Toothpaste,General,5,77.81,389.05,141.04
455,2024-03-03,afternoon,80,male,weekend,Paracetamol,General,5,157.9,789.5,141.04
455,2024-03-03,afternoon,44,male,daily_needs,Toothpaste,General,1,139.28,139.28,141.04
456,2024-04-08,morning,32,male,holiday,Paracetamol,General,2,191.49,382.98,162.01
456,2024-04-08,morning,52,female,weekend,Antiseptic,General,2,535.49,1070.98,162.01
457,2024-02-29,morning,18,female,daily_needs,Vitamin C,General,5,282.62,1413.1,342.14
457,2024-02-29,morning,32,female,daily_needs,Soap,General,1,937.29,937.29,342.14
457,2024-02-29,afternoon,60,male,weekend,Cough Syrup,General,3,967.84,2903.52,342.14
458,2024-03-11,morning,67,male,daily_needs,Shampoo,General,4,303.48,1213.92,355.82
458,2024-03-11,evening,41,female,holiday,Vitamin C,General,5,763.99,3819.95,355.82
459,2024-03-22,morning,26,male,daily_needs,Vitamin C,General,3,120.28,360.84,215.08
459,2024-03-22,evening,78,female,daily_needs,Bandages,General,1,621.0,621.0,215.08
460,2024-01-31,evening,34,female,weekend,Toothpaste,General,4,803.87,3215.48,215.13
461,2024-04-04,evening,20,male,daily_needs,Face Wash,General,5,680.65,3403.25,470.54
461,2024-04-04,morning,19,female,daily_needs,Shampoo,General,3,507.77,1523.31,470.54
462,2024-03-26,evening,32,female,holiday,Mouthwash,General,1,674.28,674.28,138.94
463,2024-04-08,afternoon,77,male,holiday,Lotion,General,5,584.19,2920.95,227.57
463,2024-04-08,afternoon,53,female,weekend,Thermometer,General,4,788.56,3154.24,227.57
463,2024-04-08,evening,54,female,holiday,Shampoo,General,1,553.84,553.84,227.57
463,2024-04-08,afternoon,29,male,weekend,Mouthwash,General,4,575.11,2300.44,227.57
464,2024-01-21,afternoon,75,male,holiday,Mouthwash,General,5,440.57,2202.85,250.9
464,2024-01-21,evening,21,female,weekend,Lotion,General,4,255.78,1023.12,250.9
464,2024-01-21,afternoon,66,female,weekend,Sunscreen,General,1,101.33,101.33,250.9
465,2024-02-24,afternoon,44,male,daily_needs,Lotion,General,5,87.73,438.65,335.1
465,2024-02-24,evening,21,male,weekend,Cough Syrup,General,1,521.79,521.79,335.1
466,2024-02-08,evening,43,male,holiday,Mouthwash,General,4,309.85,1239.4,220.52
466,2024-02-08,afternoon,73,male,weekend,Shampoo,General,1,540.87,540.87,220.52
466,2024-02-08,evening,29,male,holiday,Paracetamol,General,3,190.63,571.89,220.52
466,2024-02-08,afternoon,50,male,daily_needs,Bandages,General,1,465.28,465.28,220.52
467,2024-01-31,morning,64,female,weekend,Cough Syrup,General,4,608.35,2433.4,231.05
467,2024-01-31,afternoon,38,female,weekend,Deodorant,General,5,929.6,4648.0,231.05
467,2024-01-31,afternoon,29,female,holiday,Shampoo,General,4,34.65,138.6,231.05
468,2024-02-19,afternoon,46,male,daily_needs,Shampoo,General,2,237.19,474.38,157.76
468,2024-02-19,afternoon,61,female,weekend,Paracetamol,General,2,851.36,1702.72,157.76
469,2024-02-25,evening,42,male,daily_needs,Bandages,General,1,913.42,913.42,155.93
469,2024-02-25,afternoon,43,male,holiday,Mouthwash,General,5,108.83,544.15,155.93
470,2024-02-04,afternoon,36,male,holiday,Paracetamol,General,2,45.91,91.82,134.81
471,2024-03-14,morning,40,male,holiday,Paracetamol,General,4,394.8,1579.2,183.97
471,2024-03-14,morning,43,male,daily_needs,Deodorant,General,3,756.49,2269.47,183.97
472,2024-02-11,morning,55,male,holiday,Vitamin C,General,3,541.01,1623.03,475.05
473,2024-02-29,morning,27,male,weekend,Multivitamin,General,5,67.77,338.85,330.58
474,2024-04-06,morning,41,male,weekend,Mouthwash,General,4,103.06,412.24,124.72
474,2024-04-06,morning,59,male,daily_needs,Soap,General,5,655.07,3275.35,124.72
475,2024-03-10,afternoon,27,male,weekend,Lotion,General,3,706.01,2118.03,125.6
476,2024-03-02,evening,37,male,holiday,Sunscreen,General,5,997.55,4987.75,424.76
476,2024-03-02,morning,32,male,weekend,Shampoo,General,3,732.42,2197.26,424.76
476,2024-03-02,morning,26,male,daily_needs,Lotion,General,4,476.16,1904.64,424.76
477,2024-03-23,afternoon,39,female,weekend,Sunscreen,General,3,841.11,2523.33,277.58
478,2024-01-30,afternoon,30,male,daily_needs,Face Wash,General,4,974.55,3898.2,271.16
478,2024-01-30,afternoon,63,female,weekend,Vitamin C,General,3,193.26,579.78,271.16
478,2024-01-30,afternoon,59,female,daily_needs,Paracetamol,General,1,788.08,788.08,271.16
479,2024-02-04,evening,59,female,weekend,Toothpaste,General,1,418.64,418.64,129.67
480,2024-04-03,morning,26,male,daily_needs,Face Wash,General,1,402.98,402.98,350.43
481,2024-04-11,morning,42,female,holiday,Lotion,General,2,348.59,697.18,154.19
481,2024-04-11,morning,61,female,daily_needs,Toothpaste,General,3,594.06,1782.18,154.19
481,2024-04-11,morning,73,male,weekend,Deodorant,General,5,726.05,3630.25,154.19
481,2024-04-11,evening,50,female,weekend,Cough Syrup,General,4,102.11,408.44,154.19
482,2024-02-20,evening,37,male,daily_needs,Vitamin C,General,1,940.18,940.18,197.94
482,2024-02-20,afternoon,67,male,holiday,Shampoo,General,5,573.31,2866.55,197.94
483,2024-04-13,morning,62,male,daily_needs,Paracetamol,General,3,448.61,1345.83,339.78
483,2024-04-13,evening,50,female,weekend,Mouthwash,General,2,144.27,288.54,339.78
484,2024-03-16,morning,49,male,holiday,Sunscreen,General,4,355.65,1422.6,128.63
484,2024-03-16,afternoon,75,male,holiday,Paracetamol,General,1,112.36,112.36,128.63
484,2024-03-16,afternoon,60,male,weekend,Shampoo,General,3,180.39,541.17,128.63
485,2024-03-09,afternoon,29,female,weekend,Deodorant,General,2,874.07,1748.14,247.52
485,2024-03-09,morning,49,male,weekend,Antiseptic,General,3,236.2,708.6,247.52
485,2024-03-09,morning,49,female,holiday,Lotion,General,3,931.75,2795.25,247.52
485,2024-03-09,afternoon,57,female,weekend,Bandages,General,5,452.46,2262.3,247.52
486,2024-02-21,morning,28,female,holiday,Bandages,General,3,833.85,2501.55,108.67
486,2024-02-21,afternoon,58,male,weekend,Vitamin C,General,4,587.02,2348.08,108.67
486,2024-02-21,evening,44,female,weekend,Toothpaste,General,3,861.57,2584.71,108.67
486,2024-02-21,morning,70,male,weekend,Shampoo,General,2,755.68,1511.36,108.67
487,2024-03-08,morning,56,male,holiday,Antiseptic,General,1,621.61,621.61,333.72
487,2024-03-08,morning,34,female,daily_needs,Multivitamin,General,2,584.02,1168.04,333.72
487,2024-03-08,afternoon,45,female,daily_needs,Paracetamol,General,2,791.67,1583.34,333.72
487,2024-03-08,afternoon,75,female,weekend,Toothpaste,General,1,301.14,301.14,333.72
488,2024-02-28,evening,54,female,daily_needs,Antiseptic,General,1,866.74,866.74,216.52
488,2024-02-28,evening,21,female,daily_needs,Cough Syrup,General,2,656.74,1313.48,216.52
488,2024-02-28,evening,26,male,weekend,Sunscreen,General,5,687.02,3435.1,216.52
488,2024-02-28,morning,67,male,daily_needs,Sunscreen,General,2,699.55,1399.1,216.52
489,2024-03-27,afternoon,22,female,weekend,Lotion,General,4,31.52,126.08,178.85
489,2024-03-27,evening,32,male,holiday,Lotion,General,2,24.26,48.52,178.85
489,2024-03-27,morning,26,male,daily_needs,Deodorant,General,1,893.51,893.51,178.85
490,2024-04-10,evening,76,female,daily_needs,Lotion,General,3,777.77,2333.31,447.87
490,2024-04-10,morning,31,male,weekend,Deodorant,General,4,682.18,2728.72,447.87
490,2024-04-10,afternoon,19,male,holiday,Toothpaste,General,5,417.36,2086.8,447.87
491,2024-04-05,evening,31,female,daily_needs,Deodorant,General,3,647.31,1941.93,201.28
492,2024-02-20,evening,26,male,holiday,Antiseptic,General,4,294.33,1177.32,386.08
492,2024-02-20,morning,25,male,daily_needs,Bandages,General,5,382.2,1911.0,386.08
492,2024-02-20,morning,76,male,weekend,Vitamin C,General,1,95.9,95.9,386.08
492,2024-02-20,afternoon,36,female,daily_needs,Sunscreen,General,3,791.34,2374.02,386.08
493,2024-03-22,evening,74,male,daily_needs,Toothpaste,General,5,585.54,2927.7,402.93
494,2024-01-19,afternoon,58,male,daily_needs,Bandages,General,1,286.5,286.5,125.55
494,2024-01-19,afternoon,42,female,daily_needs,Face Wash,General,2,836.97,1673.94,125.55
494,2024-01-19,morning,51,male,weekend,Toothpaste,General,2,487.77,975.54,125.55
495,2024-03-13,afternoon,50,male,daily_needs,Vitamin C,General,5,646.38,3231.9,141.24
495,2024-03-13,afternoon,51,female,weekend,Bandages,General,4,127.79,511.16,141.24
495,2024-03-13,afternoon,53,female,daily_needs,Multivitamin,General,5,56.46,282.3,141.24
496,2024-03-14,afternoon,75,male,weekend,Soap,General,1,447.21,447.21,142.68
497,2024-03-21,afternoon,80,female,daily_needs,Multivitamin,General,5,579.86,2899.3,430.64
497,2024-03-21,afternoon,46,female,holiday,Soap,General,5,217.93,1089.65,430.64
497,2024-03-21,morning,28,female,daily_needs,Sunscreen,General,1,725.03,725.03,430.64
497,2024-03-21,morning,39,male,weekend,Cough Syrup,General,3,369.41,1108.23,430.64
498,2024-03-24,evening,40,female,weekend,Sunscreen,General,2,554.52,1109.04,198.77
499,2024-02-14,evening,59,male,weekend,Paracetamol,General,4,412.18,1648.72,156.81
499,2024-02-14,afternoon,75,female,weekend,Toothpaste,General,1,85.21,85.21,156.81
500,2024-02-26,afternoon,45,female,holiday,Deodorant,General,2,24.21,48.42,449.99
500,2024-02-26,morning,18,male,holiday,Antiseptic,General,2,174.44,348.88,449.99
500,2024-02-26,afternoon,29,female,weekend,Lotion,General,5,568.97,2844.85,449.99
