transaction_id,date,time_of_day,customer_age,customer_gender,occasion,product_name,category,quantity,unit_price,total_item_price,total_spent
1,2024-03-24,afternoon,55,male,weekend,Organic Eggs,General,4,47.37,189.48,340.86
2,2024-02-02,morning,42,female,holiday,Organic Rice,General,3,929.51,2788.53,448.05
2,2024-02-02,morning,80,female,holiday,Organic Carrots,General,3,477.74,1433.22,448.05
2,2024-02-02,evening,49,female,weekend,Organic Tomatoes,General,5,275.74,1378.7,448.05
3,2024-01-24,afternoon,52,female,weekend,Organic Apples,General,2,461.16,922.32,332.39
4,2024-01-21,morning,66,male,holiday,Organic Honey,General,4,791.88,3167.52,427.63
4,2024-01-21,morning,25,female,holiday,Organic Flour,General,1,744.71,744.71,427.63
4,2024-01-21,morning,56,male,weekend,Organic Flour,General,1,595.88,595.88,427.63
4,2024-01-21,morning,55,female,holiday,Organic Tomatoes,General,5,85.9,429.5,427.63
5,2024-02-29,morning,73,male,daily_needs,Organic Cheese,General,4,673.44,2693.76,310.95
6,2024-02-14,afternoon,70,female,weekend,Organic Beans,General,1,102.93,102.93,368.41
6,2024-02-14,afternoon,26,female,holiday,Organic Apples,General,1,123.08,123.08,368.41
6,2024-02-14,afternoon,45,female,weekend,Organic Bread,General,1,964.86,964.86,368.41
6,2024-02-14,afternoon,30,female,holiday,Organic Milk,General,4,701.46,2805.84,368.41
7,2024-03-13,evening,70,male,daily_needs,Organic Tomatoes,General,3,868.01,2604.03,460.63
8,2024-01-16,afternoon,43,male,holiday,Organic Flour,General,5,935.08,4675.4,365.16
8,2024-01-16,afternoon,64,male,weekend,Organic Tomatoes,General,1,506.07,506.07,365.16
9,2024-01-14,afternoon,65,female,holiday,Organic Yogurt,General,4,646.18,2584.72,175.65
9,2024-01-14,evening,25,male,holiday,Organic Lettuce,General,4,732.4,2929.6,175.65
9,2024-01-14,afternoon,50,female,weekend,Organic Cheese,General,4,615.07,2460.28,175.65
9,2024-01-14,afternoon,73,female,holiday,Organic Yogurt,General,3,231.84,695.52,175.65
10,2024-01-31,afternoon,56,female,daily_needs,Organic Apples,General,3,161.7,485.1,114.44
10,2024-01-31,morning,57,male,daily_needs,Organic Rice,General,4,894.22,3576.88,114.44
10,2024-01-31,afternoon,58,male,daily_needs,Organic Bread,General,4,129.7,518.8,114.44
11,2024-01-12,evening,54,male,daily_needs,Organic Milk,General,2,684.68,1369.36,185.16
11,2024-01-12,morning,33,female,holiday,Organic Carrots,General,1,334.52,334.52,185.16
11,2024-01-12,afternoon,51,male,holiday,Organic Beans,General,4,386.43,1545.72,185.16
11,2024-01-12,morning,39,female,daily_needs,Organic Bread,General,2,72.2,144.4,185.16
12,2024-03-17,evening,79,female,weekend,Organic Cheese,General,5,141.41,707.05,174.52
12,2024-03-17,morning,43,male,weekend,Organic Rice,General,3,139.78,419.34,174.52
12,2024-03-17,morning,54,male,daily_needs,Organic Apples,General,5,236.61,1183.05,174.52
13,2024-02-26,evening,45,female,daily_needs,Organic Beans,General,2,576.3,1152.6,210.76
13,2024-02-26,evening,69,female,weekend,Organic Flour,General,1,329.94,329.94,210.76
13,2024-02-26,afternoon,62,female,holiday,Organic Cheese,General,5,97.3,486.5,210.76
13,2024-02-26,afternoon,31,male,daily_needs,Organic Honey,General,3,227.45,682.35,210.76
14,2024-03-23,morning,40,male,holiday,Organic Oil,General,1,87.34,87.34,232.17
14,2024-03-23,afternoon,20,male,weekend,Organic Apples,General,1,626.52,626.52,232.17
14,2024-03-23,evening,20,male,weekend,Organic Butter,General,3,461.69,1385.07,232.17
15,2024-02-15,morning,74,female,daily_needs,Organic Carrots,General,5,118.41,592.05,314.34
15,2024-02-15,afternoon,80,male,holiday,Organic Yogurt,General,3,338.02,1014.06,314.34
15,2024-02-15,afternoon,54,female,daily_needs,Organic Beans,General,5,650.35,3251.75,314.34
15,2024-02-15,afternoon,35,male,daily_needs,Organic Beans,General,1,35.33,35.33,314.34
16,2024-01-19,evening,55,female,weekend,Organic Butter,General,2,361.83,723.66,436.6
16,2024-01-19,morning,25,male,daily_needs,Organic Flour,General,5,803.7,4018.5,436.6
16,2024-01-19,evening,52,female,holiday,Organic Oil,General,5,648.67,3243.35,436.6
16,2024-01-19,morning,79,male,holiday,Organic Butter,General,2,382.32,764.64,436.6
17,2024-02-11,evening,37,male,daily_needs,Organic Lettuce,General,3,722.31,2166.93,115.03
17,2024-02-11,morning,37,female,weekend,Organic Bread,General,1,650.17,650.17,115.03
18,2024-02-22,evening,28,female,daily_needs,Organic Eggs,General,3,910.42,2731.26,213.53
18,2024-02-22,morning,18,male,daily_needs,Organic Flour,General,2,354.85,709.7,213.53
18,2024-02-22,afternoon,68,female,holiday,Organic Rice,General,2,161.2,322.4,213.53
19,2024-02-01,morning,49,male,weekend,Organic Carrots,General,3,244.49,733.47,253.97
19,2024-02-01,morning,76,female,weekend,Organic Cheese,General,1,726.33,726.33,253.97
19,2024-02-01,morning,44,male,daily_needs,Organic Oil,General,5,534.98,2674.9,253.97
20,2024-01-10,afternoon,54,female,daily_needs,Organic Bread,General,2,350.55,701.1,129.82
21,2024-03-21,evening,29,male,daily_needs,Organic Apples,General,3,640.45,1921.35,295.04
22,2024-02-21,afternoon,50,male,holiday,Organic Milk,General,4,268.03,1072.12,432.0
23,2024-03-08,afternoon,25,male,daily_needs,Organic Honey,General,2,446.06,892.12,243.86
23,2024-03-08,morning,26,female,holiday,Organic Beans,General,1,342.16,342.16,243.86
23,2024-03-08,afternoon,62,female,holiday,Organic Lettuce,General,4,653.86,2615.44,243.86
24,2024-01-13,evening,48,male,holiday,Organic Tomatoes,General,3,194.13,582.39,421.2
24,2024-01-13,evening,29,male,daily_needs,Organic Flour,General,5,865.53,4327.65,421.2
24,2024-01-13,evening,61,male,holiday,Organic Eggs,General,2,579.02,1158.04,421.2
25,2024-03-18,evening,25,female,daily_needs,Organic Eggs,General,1,756.06,756.06,186.56
25,2024-03-18,evening,79,female,holiday,Organic Rice,General,4,903.25,3613.0,186.56
25,2024-03-18,evening,30,male,weekend,Organic Flour,General,2,423.94,847.88,186.56
26,2024-01-20,morning,71,male,holiday,Organic Tomatoes,General,1,461.22,461.22,456.01
27,2024-01-20,evening,75,female,holiday,Organic Eggs,General,4,625.91,2503.64,301.28
28,2024-03-07,afternoon,41,female,holiday,Organic Lettuce,General,5,163.94,819.7,174.65
28,2024-03-07,evening,25,male,holiday,Organic Bread,General,4,889.18,3556.72,174.65
28,2024-03-07,afternoon,78,male,weekend,Organic Eggs,General,3,699.97,2099.91,174.65
28,2024-03-07,evening,25,female,daily_needs,Organic Beans,General,2,724.94,1449.88,174.65
29,2024-03-12,morning,24,male,daily_needs,Organic Yogurt,General,3,885.02,2655.06,187.09
30,2024-02-15,evening,67,male,daily_needs,Organic Eggs,General,2,552.28,1104.56,473.63
30,2024-02-15,morning,64,male,daily_needs,Organic Oil,General,3,406.65,1219.95,473.63
30,2024-02-15,afternoon,48,male,holiday,Organic Carrots,General,2,29.83,59.66,473.63
30,2024-02-15,morning,38,male,weekend,Organic Apples,General,2,546.16,1092.32,473.63
31,2024-02-26,afternoon,48,female,daily_needs,Organic Eggs,General,2,626.7,1253.4,392.7
32,2024-03-24,evening,63,female,holiday,Organic Bread,General,4,316.34,1265.36,488.54
32,2024-03-24,evening,74,female,weekend,Organic Flour,General,2,93.54,187.08,488.54
32,2024-03-24,afternoon,59,female,daily_needs,Organic Beans,General,3,845.98,2537.94,488.54
32,2024-03-24,morning,19,male,daily_needs,Organic Rice,General,1,884.82,884.82,488.54
33,2024-02-17,morning,62,female,daily_needs,Organic Eggs,General,4,808.24,3232.96,155.03
34,2024-02-05,afternoon,40,female,daily_needs,Organic Bread,General,5,600.76,3003.8,182.95
34,2024-02-05,morning,49,female,holiday,Organic Beans,General,2,589.31,1178.62,182.95
35,2024-02-10,morning,53,male,holiday,Organic Apples,General,5,585.03,2925.15,463.13
35,2024-02-10,evening,30,male,weekend,Organic Yogurt,General,4,525.65,2102.6,463.13
36,2024-03-02,afternoon,29,male,weekend,Organic Oil,General,4,777.81,3111.24,192.39
37,2024-03-07,evening,33,male,daily_needs,Organic Rice,General,4,688.06,2752.24,337.27
37,2024-03-07,evening,23,male,weekend,Organic Carrots,General,3,712.97,2138.91,337.27
37,2024-03-07,evening,21,female,daily_needs,Organic Flour,General,4,983.74,3934.96,337.27
38,2024-03-24,afternoon,48,female,daily_needs,Organic Rice,General,5,560.55,2802.75,409.73
39,2024-02-08,evening,54,female,daily_needs,Organic Beans,General,3,466.95,1400.85,301.83
39,2024-02-08,evening,79,female,daily_needs,Organic Beans,General,1,252.93,252.93,301.83
39,2024-02-08,morning,69,female,holiday,Organic Milk,General,1,618.67,618.67,301.83
40,2024-02-02,evening,40,female,holiday,Organic Apples,General,2,902.22,1804.44,333.08
40,2024-02-02,afternoon,24,male,daily_needs,Organic Rice,General,1,747.65,747.65,333.08
40,2024-02-02,evening,22,female,weekend,Organic Lettuce,General,5,425.2,2126.0,333.08
41,2024-03-25,morning,76,male,daily_needs,Organic Butter,General,4,507.93,2031.72,237.05
41,2024-03-25,evening,32,female,daily_needs,Organic Bread,General,3,739.45,2218.35,237.05
41,2024-03-25,morning,78,female,holiday,Organic Tomatoes,General,3,83.59,250.77,237.05
42,2024-01-31,morning,27,male,weekend,Organic Apples,General,4,868.85,3475.4,294.75
42,2024-01-31,evening,68,female,daily_needs,Organic Rice,General,2,885.85,1771.7,294.75
42,2024-01-31,evening,29,male,holiday,Organic Flour,General,5,129.8,649.0,294.75
42,2024-01-31,evening,23,female,daily_needs,Organic Oil,General,5,819.69,4098.45,294.75
43,2024-03-24,afternoon,78,female,holiday,Organic Cheese,General,3,879.78,2639.34,481.69
43,2024-03-24,morning,22,male,weekend,Organic Rice,General,3,949.03,2847.09,481.69
44,2024-02-24,afternoon,75,male,daily_needs,Organic Lettuce,General,3,614.2,1842.6,481.59
44,2024-02-24,morning,24,male,holiday,Organic Yogurt,General,4,178.73,714.92,481.59
45,2024-01-31,afternoon,64,female,holiday,Organic Oil,General,3,679.87,2039.61,110.54
46,2024-01-31,evening,69,male,daily_needs,Organic Rice,General,4,311.88,1247.52,480.73
47,2024-01-12,morning,26,male,holiday,Organic Apples,General,3,94.29,282.87,201.13
48,2024-03-10,afternoon,20,male,holiday,Organic Eggs,General,4,81.43,325.72,353.76
49,2024-03-01,evening,68,male,daily_needs,Organic Beans,General,1,295.92,295.92,342.63
49,2024-03-01,afternoon,73,male,daily_needs,Organic Honey,General,2,963.39,1926.78,342.63
49,2024-03-01,afternoon,30,female,holiday,Organic Cheese,General,3,228.78,686.34,342.63
49,2024-03-01,morning,37,female,daily_needs,Organic Lettuce,General,1,423.13,423.13,342.63
50,2024-01-09,morning,36,female,daily_needs,Organic Lettuce,General,1,636.43,636.43,144.21
51,2024-01-16,afternoon,41,female,holiday,Organic Cheese,General,5,317.39,1586.95,118.93
51,2024-01-16,afternoon,66,male,holiday,Organic Honey,General,2,685.43,1370.86,118.93
52,2024-03-17,afternoon,66,female,daily_needs,Organic Honey,General,1,499.34,499.34,417.96
52,2024-03-17,morning,63,female,holiday,Organic Yogurt,General,4,501.28,2005.12,417.96
52,2024-03-17,afternoon,65,female,weekend,Organic Flour,General,1,233.38,233.38,417.96
53,2024-03-02,evening,22,male,daily_needs,Organic Butter,General,5,102.34,511.7,488.38
53,2024-03-02,morning,57,female,holiday,Organic Honey,General,2,60.89,121.78,488.38
53,2024-03-02,evening,48,male,daily_needs,Organic Eggs,General,3,134.57,403.71,488.38
53,2024-03-02,afternoon,38,female,holiday,Organic Yogurt,General,4,930.8,3723.2,488.38
54,2024-01-11,evening,32,female,daily_needs,Organic Yogurt,General,5,900.85,4504.25,112.25
54,2024-01-11,evening,60,female,weekend,Organic Rice,General,1,263.02,263.02,112.25
54,2024-01-11,evening,68,male,weekend,Organic Oil,General,4,808.76,3235.04,112.25
54,2024-01-11,evening,39,male,holiday,Organic Lettuce,General,5,644.81,3224.05,112.25
55,2024-01-31,evening,26,male,weekend,Organic Oil,General,3,830.69,2492.07,340.38
55,2024-01-31,morning,55,male,weekend,Organic Lettuce,General,5,329.88,1649.4,340.38
55,2024-01-31,morning,78,female,daily_needs,Organic Yogurt,General,3,850.49,2551.47,340.38
55,2024-01-31,afternoon,18,male,daily_needs,Organic Rice,General,4,964.26,3857.04,340.38
56,2024-01-10,morning,47,female,daily_needs,Organic Tomatoes,General,3,371.86,1115.58,359.55
56,2024-01-10,evening,39,male,holiday,Organic Milk,General,3,296.77,890.31,359.55
56,2024-01-10,morning,46,female,weekend,Organic Cheese,General,5,877.04,4385.2,359.55
57,2024-03-09,evening,63,male,daily_needs,Organic Beans,General,1,745.46,745.46,282.21
57,2024-03-09,morning,61,male,weekend,Organic Tomatoes,General,5,324.15,1620.75,282.21
58,2024-01-09,morning,36,female,daily_needs,Organic Rice,General,4,379.72,1518.88,296.71
59,2024-03-29,afternoon,24,male,holiday,Organic Eggs,General,5,438.97,2194.85,293.39
60,2024-03-07,afternoon,78,female,daily_needs,Organic Bread,General,2,774.2,1548.4,220.25
60,2024-03-07,afternoon,21,female,holiday,Organic Yogurt,General,4,480.62,1922.48,220.25
60,2024-03-07,morning,69,male,daily_needs,Organic Yogurt,General,4,476.88,1907.52,220.25
60,2024-03-07,morning,32,male,daily_needs,Organic Milk,General,4,781.03,3124.12,220.25
61,2024-03-29,evening,36,male,daily_needs,Organic Cheese,General,2,151.91,303.82,436.04
61,2024-03-29,evening,45,female,holiday,Organic Oil,General,3,608.7,1826.1,436.04
61,2024-03-29,evening,21,male,holiday,Organic Beans,General,1,275.57,275.57,436.04
62,2024-01-30,afternoon,46,male,weekend,Organic Bread,General,5,177.63,888.15,286.85
63,2024-02-06,morning,77,male,daily_needs,Organic Lettuce,General,5,437.48,2187.4,491.04
64,2024-02-01,morning,23,female,weekend,Organic Rice,General,4,819.28,3277.12,138.76
64,2024-02-01,morning,28,female,weekend,Organic Butter,General,1,899.59,899.59,138.76
65,2024-03-01,morning,33,female,daily_needs,Organic Oil,General,4,285.4,1141.6,391.53
66,2024-01-20,afternoon,69,female,weekend,Organic Tomatoes,General,3,225.79,677.37,155.23
66,2024-01-20,morning,74,male,daily_needs,Organic Lettuce,General,1,825.19,825.19,155.23
66,2024-01-20,afternoon,24,male,daily_needs,Organic Butter,General,1,647.28,647.28,155.23
67,2024-01-04,morning,49,male,daily_needs,Organic Rice,General,4,656.62,2626.48,181.56
67,2024-01-04,morning,41,male,daily_needs,Organic Lettuce,General,3,279.48,838.44,181.56
67,2024-01-04,evening,73,female,weekend,Organic Honey,General,2,753.3,1506.6,181.56
67,2024-01-04,afternoon,70,male,holiday,Organic Eggs,General,2,329.64,659.28,181.56
68,2024-02-24,morning,71,female,daily_needs,Organic Honey,General,3,674.71,2024.13,348.47
69,2024-03-19,afternoon,65,male,weekend,Organic Beans,General,1,543.26,543.26,440.41
69,2024-03-19,afternoon,38,male,weekend,Organic Beans,General,3,544.61,1633.83,440.41
69,2024-03-19,morning,43,male,holiday,Organic Honey,General,5,381.37,1906.85,440.41
70,2024-03-09,afternoon,72,female,daily_needs,Organic Apples,General,2,150.9,301.8,238.93
71,2024-02-17,afternoon,50,male,holiday,Organic Carrots,General,3,878.38,2635.14,168.56
71,2024-02-17,evening,19,female,daily_needs,Organic Oil,General,4,329.83,1319.32,168.56
72,2024-03-04,evening,61,female,daily_needs,Organic Milk,General,3,792.6,2377.8,428.98
73,2024-01-17,morning,35,female,weekend,Organic Cheese,General,4,268.05,1072.2,411.44
73,2024-01-17,afternoon,54,female,weekend,Organic Beans,General,5,260.38,1301.9,411.44
73,2024-01-17,afternoon,45,female,daily_needs,Organic Tomatoes,General,4,28.53,114.12,411.44
74,2024-03-13,afternoon,37,female,daily_needs,Organic Rice,General,4,376.87,1507.48,246.0
74,2024-03-13,morning,49,female,holiday,Organic Carrots,General,5,364.6,1823.0,246.0
75,2024-03-24,evening,69,female,daily_needs,Organic Butter,General,1,156.92,156.92,108.86
75,2024-03-24,afternoon,19,female,daily_needs,Organic Flour,General,3,268.22,804.66,108.86
75,2024-03-24,afternoon,64,male,holiday,Organic Bread,General,1,110.73,110.73,108.86
76,2024-02-25,evening,71,male,daily_needs,Organic Flour,General,3,479.36,1438.08,276.14
77,2024-01-19,morning,41,male,holiday,Organic Cheese,General,3,217.27,651.81,374.26
77,2024-01-19,morning,31,male,weekend,Organic Tomatoes,General,2,754.53,1509.06,374.26
77,2024-01-19,evening,67,female,daily_needs,Organic Honey,General,5,518.35,2591.75,374.26
77,2024-01-19,evening,34,female,daily_needs,Organic Cheese,General,5,581.74,2908.7,374.26
78,2024-01-20,afternoon,23,female,holiday,Organic Oil,General,3,578.51,1735.53,390.36
78,2024-01-20,afternoon,77,female,holiday,Organic Rice,General,3,717.03,2151.09,390.36
79,2024-02-15,evening,50,male,daily_needs,Organic Cheese,General,2,731.13,1462.26,297.2
79,2024-02-15,afternoon,61,male,weekend,Organic Rice,General,1,538.5,538.5,297.2
79,2024-02-15,morning,72,male,holiday,Organic Eggs,General,1,178.17,178.17,297.2
79,2024-02-15,evening,79,male,weekend,Organic Flour,General,2,486.28,972.56,297.2
80,2024-01-14,afternoon,76,female,holiday,Organic Tomatoes,General,3,978.92,2936.76,211.27
80,2024-01-14,afternoon,39,female,daily_needs,Organic Lettuce,General,2,561.38,1122.76,211.27
80,2024-01-14,morning,50,male,daily_needs,Organic Tomatoes,General,3,26.42,79.26,211.27
80,2024-01-14,morning,63,male,holiday,Organic Rice,General,5,178.7,893.5,211.27
81,2024-03-02,evening,58,female,holiday,Organic Milk,General,2,797.28,1594.56,472.82
81,2024-03-02,evening,78,male,weekend,Organic Beans,General,4,500.56,2002.24,472.82
81,2024-03-02,afternoon,29,male,holiday,Organic Carrots,General,3,705.23,2115.69,472.82
82,2024-01-28,evening,74,female,daily_needs,Organic Rice,General,2,721.14,1442.28,308.01
82,2024-01-28,morning,56,female,holiday,Organic Butter,General,2,98.22,196.44,308.01
83,2024-02-14,morning,18,male,weekend,Organic Tomatoes,General,4,452.2,1808.8,166.05
84,2024-02-02,evening,58,female,holiday,Organic Yogurt,General,4,957.29,3829.16,327.7
84,2024-02-02,afternoon,80,female,daily_needs,Organic Flour,General,4,86.92,347.68,327.7
85,2024-02-15,morning,25,male,weekend,Organic Apples,General,1,569.11,569.11,323.77
85,2024-02-15,morning,53,female,daily_needs,Organic Tomatoes,General,5,988.38,4941.9,323.77
85,2024-02-15,morning,48,male,daily_needs,Organic Cheese,General,4,852.99,3411.96,323.77
85,2024-02-15,morning,24,male,holiday,Organic Cheese,General,2,891.31,1782.62,323.77
86,2024-02-05,evening,37,female,daily_needs,Organic Oil,General,2,690.68,1381.36,281.55
87,2024-02-17,evening,27,female,holiday,Organic Rice,General,1,20.25,20.25,123.52
88,2024-01-20,morning,53,female,daily_needs,Organic Flour,General,2,944.89,1889.78,148.5
88,2024-01-20,evening,72,female,weekend,Organic Apples,General,2,604.28,1208.56,148.5
89,2024-03-23,evening,44,male,daily_needs,Organic Carrots,General,2,93.88,187.76,231.14
89,2024-03-23,evening,76,female,weekend,Organic Lettuce,General,4,373.56,1494.24,231.14
89,2024-03-23,evening,19,male,daily_needs,Organic Carrots,General,1,822.67,822.67,231.14
90,2024-03-11,afternoon,73,male,holiday,Organic Eggs,General,1,475.56,475.56,104.71
91,2024-02-05,morning,77,male,daily_needs,Organic Cheese,General,5,632.77,3163.85,269.28
92,2024-03-24,evening,62,female,weekend,Organic Milk,General,5,351.32,1756.6,496.36
92,2024-03-24,evening,39,male,weekend,Organic Milk,General,1,310.74,310.74,496.36
92,2024-03-24,afternoon,29,male,weekend,Organic Bread,General,5,305.44,1527.2,496.36
93,2024-02-20,afternoon,29,female,weekend,Organic Lettuce,General,5,913.05,4565.25,215.21
93,2024-02-20,evening,26,male,weekend,Organic Beans,General,2,658.27,1316.54,215.21
94,2024-02-04,morning,61,female,weekend,Organic Apples,General,1,497.25,497.25,254.43
94,2024-02-04,evening,30,female,holiday,Organic Flour,General,2,861.15,1722.3,254.43
94,2024-02-04,afternoon,24,female,holiday,Organic Beans,General,4,460.15,1840.6,254.43
95,2024-01-05,evening,75,female,holiday,Organic Yogurt,General,3,542.24,1626.72,278.61
95,2024-01-05,evening,22,male,daily_needs,Organic Bread,General,4,468.58,1874.32,278.61
95,2024-01-05,morning,80,female,weekend,Organic Lettuce,General,5,458.65,2293.25,278.61
95,2024-01-05,morning,59,female,holiday,Organic Butter,General,3,232.29,696.87,278.61
96,2024-03-01,morning,79,male,weekend,Organic Butter,General,2,881.24,1762.48,143.81
97,2024-02-04,evening,60,male,weekend,Organic Carrots,General,4,555.65,2222.6,208.16
97,2024-02-04,morning,36,male,weekend,Organic Honey,General,5,216.89,1084.45,208.16
97,2024-02-04,afternoon,22,female,weekend,Organic Bread,General,5,194.87,974.35,208.16
98,2024-02-25,morning,71,male,holiday,Organic Rice,General,2,480.23,960.46,183.34
98,2024-02-25,afternoon,67,female,daily_needs,Organic Apples,General,3,401.6,1204.8,183.34
99,2024-03-02,morning,27,male,daily_needs,Organic Tomatoes,General,5,784.82,3924.1,283.13
99,2024-03-02,evening,73,female,holiday,Organic Lettuce,General,3,249.45,748.35,283.13
100,2024-02-09,afternoon,67,female,weekend,Organic Tomatoes,General,1,588.73,588.73,413.79
100,2024-02-09,morning,74,female,weekend,Organic Beans,General,5,228.6,1143.0,413.79
101,2024-03-24,evening,79,male,daily_needs,Organic Carrots,General,3,91.71,275.13,464.09
102,2024-02-01,afternoon,59,male,daily_needs,Organic Butter,General,5,336.71,1683.55,392.91
102,2024-02-01,evening,35,female,holiday,Organic Beans,General,4,820.04,3280.16,392.91
102,2024-02-01,morning,65,female,daily_needs,Organic Bread,General,1,44.4,44.4,392.91
102,2024-02-01,afternoon,78,female,daily_needs,Organic Flour,General,3,791.44,2374.32,392.91
103,2024-02-01,morning,21,female,holiday,Organic Butter,General,1,734.98,734.98,364.19
103,2024-02-01,afternoon,75,female,daily_needs,Organic Bread,General,5,448.93,2244.65,364.19
103,2024-02-01,evening,64,female,daily_needs,Organic Yogurt,General,4,447.93,1791.72,364.19
103,2024-02-01,morning,76,female,weekend,Organic Rice,General,4,803.99,3215.96,364.19
104,2024-01-01,afternoon,80,female,holiday,Organic Bread,General,4,139.5,558.0,159.7
104,2024-01-01,evening,64,female,weekend,Organic Lettuce,General,3,186.93,560.79,159.7
104,2024-01-01,evening,41,male,holiday,Organic Lettuce,General,3,126.65,379.95,159.7
105,2024-03-18,morning,44,male,holiday,Organic Eggs,General,5,188.58,942.9,353.2
105,2024-03-18,morning,31,male,holiday,Organic Flour,General,5,837.81,4189.05,353.2
105,2024-03-18,evening,75,male,daily_needs,Organic Milk,General,5,789.77,3948.85,353.2
105,2024-03-18,morning,47,male,daily_needs,Organic Flour,General,2,668.58,1337.16,353.2
106,2024-01-01,evening,35,female,weekend,Organic Bread,General,4,925.19,3700.76,293.19
106,2024-01-01,afternoon,71,female,daily_needs,Organic Rice,General,4,656.91,2627.64,293.19
106,2024-01-01,afternoon,42,male,weekend,Organic Milk,General,4,557.1,2228.4,293.19
107,2024-01-30,morning,43,female,weekend,Organic Cheese,General,4,501.72,2006.88,414.76
108,2024-03-26,afternoon,77,female,weekend,Organic Rice,General,4,397.17,1588.68,444.53
108,2024-03-26,afternoon,80,female,daily_needs,Organic Yogurt,General,3,143.21,429.63,444.53
108,2024-03-26,evening,60,female,holiday,Organic Apples,General,5,447.07,2235.35,444.53
108,2024-03-26,afternoon,74,female,daily_needs,Organic Lettuce,General,4,376.48,1505.92,444.53
109,2024-02-06,evening,26,female,daily_needs,Organic Cheese,General,3,313.1,939.3,210.35
109,2024-02-06,morning,18,female,daily_needs,Organic Honey,General,5,374.58,1872.9,210.35
109,2024-02-06,morning,44,male,holiday,Organic Flour,General,5,478.06,2390.3,210.35
109,2024-02-06,evening,32,female,holiday,Organic Eggs,General,1,80.47,80.47,210.35
110,2024-03-02,afternoon,44,female,daily_needs,Organic Butter,General,1,260.84,260.84,420.04
110,2024-03-02,morning,34,male,daily_needs,Organic Carrots,General,1,553.11,553.11,420.04
111,2024-01-25,morning,70,male,daily_needs,Organic Lettuce,General,1,804.95,804.95,303.32
111,2024-01-25,evening,19,female,weekend,Organic Eggs,General,5,541.14,2705.7,303.32
112,2024-02-13,afternoon,41,male,holiday,Organic Eggs,General,3,170.41,511.23,257.08
112,2024-02-13,afternoon,22,female,daily_needs,Organic Bread,General,5,468.31,2341.55,257.08
112,2024-02-13,afternoon,40,female,holiday,Organic Yogurt,General,2,331.03,662.06,257.08
112,2024-02-13,afternoon,79,male,holiday,Organic Yogurt,General,4,718.37,2873.48,257.08
113,2024-01-12,afternoon,40,female,weekend,Organic Oil,General,5,443.39,2216.95,450.71
113,2024-01-12,evening,31,female,holiday,Organic Oil,General,5,448.62,2243.1,450.71
114,2024-02-02,afternoon,59,male,weekend,Organic Honey,General,4,905.88,3623.52,377.0
115,2024-03-17,evening,45,male,weekend,Organic Flour,General,4,935.59,3742.36,222.61
116,2024-03-01,evening,78,male,holiday,Organic Carrots,General,4,805.67,3222.68,373.6
116,2024-03-01,evening,36,male,weekend,Organic Yogurt,General,3,839.78,2519.34,373.6
116,2024-03-01,afternoon,79,female,daily_needs,Organic Bread,General,4,573.3,2293.2,373.6
116,2024-03-01,evening,74,male,daily_needs,Organic Flour,General,1,148.49,148.49,373.6
117,2024-03-04,evening,66,male,holiday,Organic Beans,General,5,326.55,1632.75,388.12
118,2024-03-27,morning,30,female,daily_needs,Organic Lettuce,General,2,141.72,283.44,444.18
118,2024-03-27,afternoon,58,male,holiday,Organic Tomatoes,General,3,901.06,2703.18,444.18
119,2024-02-18,afternoon,70,female,weekend,Organic Rice,General,2,167.49,334.98,137.54
119,2024-02-18,afternoon,45,female,daily_needs,Organic Honey,General,2,609.59,1219.18,137.54
120,2024-03-27,morning,51,male,weekend,Organic Carrots,General,2,395.6,791.2,229.21
120,2024-03-27,evening,52,male,weekend,Organic Tomatoes,General,2,72.58,145.16,229.21
120,2024-03-27,afternoon,38,female,holiday,Organic Beans,General,5,841.42,4207.1,229.21
121,2024-01-09,morning,21,male,weekend,Organic Yogurt,General,3,205.83,617.49,479.23
121,2024-01-09,morning,49,female,weekend,Organic Tomatoes,General,5,228.11,1140.55,479.23
121,2024-01-09,morning,78,male,holiday,Organic Tomatoes,General,5,646.86,3234.3,479.23
122,2024-03-13,morning,26,female,weekend,Organic Tomatoes,General,3,929.32,2787.96,180.88
122,2024-03-13,morning,76,male,weekend,Organic Cheese,General,1,675.89,675.89,180.88
122,2024-03-13,morning,33,female,holiday,Organic Rice,General,2,939.93,1879.86,180.88
122,2024-03-13,morning,66,female,weekend,Organic Honey,General,2,499.73,999.46,180.88
123,2024-02-15,afternoon,46,female,daily_needs,Organic Cheese,General,2,454.94,909.88,290.33
123,2024-02-15,morning,39,female,weekend,Organic Yogurt,General,1,302.34,302.34,290.33
123,2024-02-15,morning,29,female,weekend,Organic Bread,General,1,352.79,352.79,290.33
124,2024-03-28,evening,31,male,holiday,Organic Eggs,General,2,473.42,946.84,120.4
124,2024-03-28,morning,79,male,weekend,Organic Tomatoes,General,1,223.54,223.54,120.4
125,2024-02-02,evening,33,male,weekend,Organic Apples,General,4,626.36,2505.44,396.34
125,2024-02-02,evening,59,female,holiday,Organic Apples,General,3,816.11,2448.33,396.34
126,2024-03-01,morning,63,male,daily_needs,Organic Butter,General,5,867.26,4336.3,188.42
126,2024-03-01,morning,62,male,daily_needs,Organic Cheese,General,3,607.47,1822.41,188.42
127,2024-03-13,afternoon,47,male,weekend,Organic Beans,General,2,102.59,205.18,395.76
127,2024-03-13,afternoon,78,male,daily_needs,Organic Tomatoes,General,4,859.25,3437.0,395.76
127,2024-03-13,evening,61,female,holiday,Organic Lettuce,General,1,23.78,23.78,395.76
128,2024-02-05,morning,43,female,daily_needs,Organic Bread,General,3,304.3,912.9,184.11
128,2024-02-05,morning,65,female,holiday,Organic Lettuce,General,3,164.41,493.23,184.11
128,2024-02-05,evening,66,male,holiday,Organic Tomatoes,General,4,636.67,2546.68,184.11
129,2024-01-22,afternoon,63,male,weekend,Organic Apples,General,4,518.44,2073.76,438.87
129,2024-01-22,evening,75,female,holiday,Organic Milk,General,4,124.3,497.2,438.87
129,2024-01-22,evening,76,male,daily_needs,Organic Yogurt,General,3,233.69,701.07,438.87
129,2024-01-22,morning,20,male,daily_needs,Organic Honey,General,4,227.47,909.88,438.87
130,2024-01-18,evening,64,female,holiday,Organic Cheese,General,4,887.01,3548.04,213.47
130,2024-01-18,afternoon,53,female,daily_needs,Organic Cheese,General,2,561.69,1123.38,213.47
130,2024-01-18,afternoon,79,female,holiday,Organic Tomatoes,General,2,303.51,607.02,213.47
131,2024-02-23,morning,29,female,weekend,Organic Milk,General,4,858.56,3434.24,311.34
131,2024-02-23,morning,39,female,holiday,Organic Bread,General,2,346.24,692.48,311.34
132,2024-02-29,afternoon,31,female,daily_needs,Organic Flour,General,5,379.12,1895.6,415.04
132,2024-02-29,afternoon,43,female,weekend,Organic Rice,General,5,373.71,1868.55,415.04
132,2024-02-29,evening,44,female,weekend,Organic Tomatoes,General,1,789.93,789.93,415.04
133,2024-03-22,evening,32,female,holiday,Organic Milk,General,2,198.69,397.38,437.2
133,2024-03-22,evening,35,female,holiday,Organic Apples,General,1,28.53,28.53,437.2
134,2024-01-21,morning,38,male,holiday,Organic Eggs,General,3,366.06,1098.18,467.12
134,2024-01-21,evening,41,male,weekend,Organic Honey,General,2,245.26,490.52,467.12
135,2024-02-20,morning,35,male,weekend,Organic Apples,General,4,320.75,1283.0,122.97
135,2024-02-20,evening,72,female,daily_needs,Organic Yogurt,General,1,236.27,236.27,122.97
135,2024-02-20,afternoon,27,male,holiday,Organic Yogurt,General,2,139.42,278.84,122.97
135,2024-02-20,evening,67,male,weekend,Organic Honey,General,2,325.17,650.34,122.97
136,2024-03-26,evening,27,male,holiday,Organic Honey,General,3,52.28,156.84,386.52
136,2024-03-26,evening,60,female,holiday,Organic Bread,General,2,565.85,1131.7,386.52
137,2024-01-04,afternoon,61,female,daily_needs,Organic Butter,General,1,922.72,922.72,287.14
137,2024-01-04,morning,60,female,weekend,Organic Bread,General,4,693.3,2773.2,287.14
137,2024-01-04,morning,21,female,holiday,Organic Apples,General,3,317.38,952.14,287.14
137,2024-01-04,afternoon,80,female,weekend,Organic Butter,General,3,694.08,2082.24,287.14
138,2024-01-29,evening,70,male,holiday,Organic Butter,General,3,226.15,678.45,263.39
138,2024-01-29,morning,74,female,holiday,Organic Tomatoes,General,5,340.44,1702.2,263.39
138,2024-01-29,evening,29,female,holiday,Organic Bread,General,2,579.45,1158.9,263.39
138,2024-01-29,morning,42,female,holiday,Organic Beans,General,2,226.5,453.0,263.39
139,2024-01-19,afternoon,65,male,weekend,Organic Carrots,General,3,723.48,2170.44,452.79
139,2024-01-19,evening,70,male,weekend,Organic Tomatoes,General,3,478.17,1434.51,452.79
139,2024-01-19,morning,67,male,weekend,Organic Honey,General,3,877.73,2633.19,452.79
140,2024-02-25,afternoon,24,male,weekend,Organic Lettuce,General,3,607.51,1822.53,397.46
140,2024-02-25,morning,52,male,weekend,Organic Flour,General,5,407.94,2039.7,397.46
140,2024-02-25,evening,70,female,holiday,Organic Rice,General,5,701.49,3507.45,397.46
140,2024-02-25,afternoon,78,male,weekend,Organic Eggs,General,5,896.25,4481.25,397.46
141,2024-02-02,morning,61,female,daily_needs,Organic Yogurt,General,4,629.15,2516.6,229.6
142,2024-01-12,evening,37,female,daily_needs,Organic Flour,General,5,975.52,4877.6,191.14
142,2024-01-12,evening,33,male,holiday,Organic Carrots,General,5,47.11,235.55,191.14
143,2024-02-20,afternoon,48,female,holiday,Organic Lettuce,General,2,652.49,1304.98,415.99
143,2024-02-20,morning,49,female,holiday,Organic Beans,General,2,639.01,1278.02,415.99
144,2024-03-19,morning,67,male,daily_needs,Organic Oil,General,1,95.24,95.24,186.02
145,2024-03-05,morning,19,male,holiday,Organic Apples,General,2,588.34,1176.68,245.52
145,2024-03-05,morning,22,male,daily_needs,Organic Flour,General,4,644.42,2577.68,245.52
145,2024-03-05,evening,31,male,weekend,Organic Beans,General,1,601.77,601.77,245.52
146,2024-01-23,morning,49,male,daily_needs,Organic Carrots,General,1,558.28,558.28,466.06
147,2024-03-02,morning,71,male,daily_needs,Organic Butter,General,3,612.31,1836.93,459.03
147,2024-03-02,morning,24,female,weekend,Organic Honey,General,3,410.88,1232.64,459.03
148,2024-03-14,morning,62,male,holiday,Organic Lettuce,General,5,646.08,3230.4,400.73
149,2024-01-11,afternoon,73,female,daily_needs,Organic Flour,General,2,940.23,1880.46,439.97
149,2024-01-11,evening,33,female,daily_needs,Organic Beans,General,5,911.48,4557.4,439.97
149,2024-01-11,afternoon,25,female,daily_needs,Organic Milk,General,3,724.41,2173.23,439.97
149,2024-01-11,afternoon,45,male,daily_needs,Organic Cheese,General,1,899.95,899.95,439.97
150,2024-03-29,morning,26,female,daily_needs,Organic Yogurt,General,2,907.99,1815.98,437.51
150,2024-03-29,morning,20,male,holiday,Organic Rice,General,5,29.48,147.4,437.51
150,2024-03-29,evening,77,male,weekend,Organic Honey,General,5,648.68,3243.4,437.51
150,2024-03-29,morning,71,male,daily_needs,Organic Lettuce,General,4,672.74,2690.96,437.51
151,2024-01-02,afternoon,73,male,daily_needs,Organic Eggs,General,1,555.46,555.46,155.53
152,2024-02-14,evening,46,female,daily_needs,Organic Milk,General,2,662.43,1324.86,117.17
152,2024-02-14,morning,23,male,daily_needs,Organic Lettuce,General,4,477.98,1911.92,117.17
153,2024-02-14,morning,51,male,daily_needs,Organic Oil,General,4,504.23,2016.92,110.63
153,2024-02-14,evening,66,male,weekend,Organic Cheese,General,5,128.6,643.0,110.63
153,2024-02-14,afternoon,77,female,holiday,Organic Yogurt,General,4,742.12,2968.48,110.63
154,2024-03-17,morning,38,male,weekend,Organic Carrots,General,5,409.04,2045.2,202.64
155,2024-01-22,afternoon,32,male,daily_needs,Organic Apples,General,1,622.5,622.5,219.55
155,2024-01-22,afternoon,61,female,daily_needs,Organic Honey,General,1,297.25,297.25,219.55
155,2024-01-22,evening,18,female,daily_needs,Organic Lettuce,General,5,531.47,2657.35,219.55
155,2024-01-22,morning,21,female,daily_needs,Organic Cheese,General,3,799.46,2398.38,219.55
156,2024-01-01,evening,38,male,holiday,Organic Eggs,General,4,930.51,3722.04,278.63
156,2024-01-01,morning,68,female,holiday,Organic Eggs,General,4,463.04,1852.16,278.63
156,2024-01-01,afternoon,21,male,holiday,Organic Honey,General,2,996.26,1992.52,278.63
157,2024-03-24,afternoon,35,female,daily_needs,Organic Milk,General,5,247.65,1238.25,231.07
157,2024-03-24,morning,23,female,daily_needs,Organic Cheese,General,2,465.47,930.94,231.07
157,2024-03-24,evening,80,female,daily_needs,Organic Oil,General,2,557.53,1115.06,231.07
157,2024-03-24,evening,19,male,holiday,Organic Yogurt,General,2,147.83,295.66,231.07
158,2024-02-16,morning,66,male,daily_needs,Organic Flour,General,2,270.51,541.02,270.87
159,2024-01-26,evening,19,male,holiday,Organic Butter,General,1,376.6,376.6,171.51
159,2024-01-26,morning,43,female,daily_needs,Organic Lettuce,General,4,645.28,2581.12,171.51
159,2024-01-26,afternoon,72,female,daily_needs,Organic Rice,General,1,471.67,471.67,171.51
159,2024-01-26,evening,43,female,holiday,Organic Milk,General,4,575.41,2301.64,171.51
160,2024-03-06,morning,58,male,daily_needs,Organic Oil,General,3,832.87,2498.61,279.13
160,2024-03-06,evening,56,male,weekend,Organic Honey,General,3,552.16,1656.48,279.13
160,2024-03-06,morning,78,male,holiday,Organic Honey,General,5,138.06,690.3,279.13
160,2024-03-06,morning,76,male,daily_needs,Organic Beans,General,3,824.53,2473.59,279.13
161,2024-02-12,afternoon,68,female,weekend,Organic Cheese,General,4,904.08,3616.32,333.79
161,2024-02-12,afternoon,26,female,holiday,Organic Bread,General,1,114.5,114.5,333.79
161,2024-02-12,morning,54,male,daily_needs,Organic Cheese,General,4,320.3,1281.2,333.79
161,2024-02-12,morning,77,female,weekend,Organic Beans,General,1,146.36,146.36,333.79
162,2024-01-20,evening,18,female,holiday,Organic Milk,General,2,319.23,638.46,301.92
162,2024-01-20,morning,46,female,holiday,Organic Apples,General,3,864.8,2594.4,301.92
163,2024-01-20,evening,76,female,holiday,Organic Butter,General,2,541.47,1082.94,309.65
164,2024-03-12,morning,41,female,daily_needs,Organic Cheese,General,2,627.01,1254.02,450.56
164,2024-03-12,morning,31,female,holiday,Organic Cheese,General,1,180.14,180.14,450.56
164,2024-03-12,afternoon,19,male,holiday,Organic Yogurt,General,4,672.66,2690.64,450.56
164,2024-03-12,morning,63,female,weekend,Organic Eggs,General,5,300.28,1501.4,450.56
165,2024-01-18,morning,55,male,weekend,Organic Rice,General,4,800.14,3200.56,238.72
165,2024-01-18,evening,33,male,holiday,Organic Rice,General,5,427.98,2139.9,238.72
165,2024-01-18,afternoon,43,male,daily_needs,Organic Cheese,General,2,346.82,693.64,238.72
165,2024-01-18,morning,71,male,weekend,Organic Oil,General,1,940.3,940.3,238.72
166,2024-03-21,morning,72,male,weekend,Organic Bread,General,2,260.93,521.86,411.82
166,2024-03-21,morning,34,male,daily_needs,Organic Milk,General,4,695.92,2783.68,411.82
167,2024-02-02,morning,80,female,daily_needs,Organic Bread,General,2,803.72,1607.44,311.27
167,2024-02-02,afternoon,29,male,daily_needs,Organic Milk,General,4,51.51,206.04,311.27
167,2024-02-02,afternoon,35,female,weekend,Organic Beans,General,1,745.39,745.39,311.27
168,2024-03-24,morning,35,female,daily_needs,Organic Lettuce,General,1,123.15,123.15,235.81
168,2024-03-24,evening,34,female,holiday,Organic Milk,General,4,648.71,2594.84,235.81
168,2024-03-24,morning,66,male,holiday,Organic Yogurt,General,5,724.22,3621.1,235.81
169,2024-01-23,afternoon,33,male,weekend,Organic Lettuce,General,2,631.56,1263.12,149.21
169,2024-01-23,afternoon,35,female,holiday,Organic Butter,General,2,904.03,1808.06,149.21
169,2024-01-23,evening,42,female,daily_needs,Organic Butter,General,5,880.87,4404.35,149.21
170,2024-02-26,afternoon,46,male,weekend,Organic Carrots,General,5,625.95,3129.75,452.86
170,2024-02-26,afternoon,66,male,weekend,Organic Carrots,General,1,79.93,79.93,452.86
171,2024-02-10,afternoon,41,male,holiday,Organic Carrots,General,3,490.5,1471.5,327.53
172,2024-03-28,morning,39,female,holiday,Organic Apples,General,3,337.8,1013.4,178.63
172,2024-03-28,morning,19,male,daily_needs,Organic Eggs,General,4,980.1,3920.4,178.63
173,2024-01-31,evening,58,female,daily_needs,Organic Eggs,General,2,749.88,1499.76,495.11
173,2024-01-31,evening,22,female,holiday,Organic Bread,General,1,437.26,437.26,495.11
173,2024-01-31,evening,65,female,daily_needs,Organic Rice,General,1,390.07,390.07,495.11
173,2024-01-31,evening,58,female,daily_needs,Organic Rice,General,4,914.87,3659.48,495.11
174,2024-03-18,morning,69,male,holiday,Organic Oil,General,4,605.77,2423.08,380.02
175,2024-01-05,afternoon,18,female,daily_needs,Organic Flour,General,3,449.02,1347.06,240.0
175,2024-01-05,morning,24,male,daily_needs,Organic Milk,General,1,156.02,156.02,240.0
175,2024-01-05,morning,23,female,daily_needs,Organic Tomatoes,General,3,766.31,2298.93,240.0
175,2024-01-05,morning,76,female,daily_needs,Organic Yogurt,General,5,550.31,2751.55,240.0
176,2024-03-06,evening,26,male,daily_needs,Organic Tomatoes,General,5,403.29,2016.45,131.98
176,2024-03-06,evening,62,female,daily_needs,Organic Milk,General,1,853.46,853.46,131.98
177,2024-03-20,afternoon,57,female,holiday,Organic Oil,General,3,180.65,541.95,472.57
177,2024-03-20,evening,22,female,daily_needs,Organic Eggs,General,3,153.69,461.07,472.57
177,2024-03-20,afternoon,18,female,daily_needs,Organic Flour,General,4,186.19,744.76,472.57
177,2024-03-20,evening,72,female,daily_needs,Organic Rice,General,3,587.24,1761.72,472.57
178,2024-01-22,evening,56,female,weekend,Organic Milk,General,4,703.58,2814.32,185.34
178,2024-01-22,afternoon,62,male,holiday,Organic Carrots,General,1,353.21,353.21,185.34
178,2024-01-22,afternoon,48,female,holiday,Organic Flour,General,5,648.49,3242.45,185.34
179,2024-01-27,afternoon,45,male,weekend,Organic Eggs,General,1,59.55,59.55,334.65
179,2024-01-27,evening,35,male,weekend,Organic Tomatoes,General,3,820.96,2462.88,334.65
179,2024-01-27,morning,54,male,daily_needs,Organic Milk,General,4,747.23,2988.92,334.65
179,2024-01-27,morning,51,female,holiday,Organic Honey,General,4,626.59,2506.36,334.65
180,2024-02-19,evening,18,female,daily_needs,Organic Milk,General,3,682.98,2048.94,462.88
180,2024-02-19,afternoon,19,female,weekend,Organic Flour,General,1,801.25,801.25,462.88
180,2024-02-19,morning,21,male,holiday,Organic Eggs,General,2,401.63,803.26,462.88
180,2024-02-19,evening,26,female,weekend,Organic Flour,General,3,916.58,2749.74,462.88
181,2024-03-08,morning,72,female,weekend,Organic Butter,General,3,79.67,239.01,239.62
182,2024-03-18,afternoon,43,female,daily_needs,Organic Milk,General,2,805.08,1610.16,356.36
182,2024-03-18,afternoon,67,female,holiday,Organic Butter,General,3,57.31,171.93,356.36
183,2024-02-27,evening,77,female,weekend,Organic Cheese,General,2,496.12,992.24,443.89
183,2024-02-27,evening,69,female,holiday,Organic Oil,General,2,343.65,687.3,443.89
183,2024-02-27,morning,28,female,holiday,Organic Yogurt,General,3,430.92,1292.76,443.89
183,2024-02-27,evening,72,male,daily_needs,Organic Honey,General,4,809.33,3237.32,443.89
184,2024-01-22,afternoon,55,male,holiday,Organic Eggs,General,5,691.94,3459.7,439.0
184,2024-01-22,afternoon,38,male,daily_needs,Organic Beans,General,5,409.46,2047.3,439.0
185,2024-02-02,morning,21,male,holiday,Organic Yogurt,General,3,283.82,851.46,275.06
186,2024-01-08,morning,39,male,daily_needs,Organic Eggs,General,2,426.55,853.1,395.92
186,2024-01-08,afternoon,74,female,daily_needs,Organic Flour,General,5,353.89,1769.45,395.92
186,2024-01-08,evening,30,female,weekend,Organic Rice,General,2,347.04,694.08,395.92
187,2024-03-19,afternoon,22,female,daily_needs,Organic Rice,General,4,752.88,3011.52,108.71
187,2024-03-19,morning,50,female,daily_needs,Organic Tomatoes,General,4,794.79,3179.16,108.71
187,2024-03-19,morning,34,female,daily_needs,Organic Lettuce,General,5,606.84,3034.2,108.71
188,2024-03-08,morning,46,male,holiday,Organic Apples,General,4,903.9,3615.6,498.64
188,2024-03-08,morning,60,male,holiday,Organic Yogurt,General,1,301.12,301.12,498.64
188,2024-03-08,evening,79,male,weekend,Organic Lettuce,General,4,67.3,269.2,498.64
188,2024-03-08,morning,30,male,daily_needs,Organic Yogurt,General,3,306.04,918.12,498.64
189,2024-01-12,morning,44,female,daily_needs,Organic Honey,General,2,683.44,1366.88,352.18
189,2024-01-12,morning,23,male,weekend,Organic Oil,General,5,549.48,2747.4,352.18
189,2024-01-12,evening,28,male,daily_needs,Organic Butter,General,2,931.2,1862.4,352.18
190,2024-03-03,afternoon,78,female,weekend,Organic Cheese,General,2,856.25,1712.5,236.83
190,2024-03-03,afternoon,42,female,weekend,Organic Milk,General,3,344.21,1032.63,236.83
190,2024-03-03,morning,31,female,holiday,Organic Lettuce,General,5,344.21,1721.05,236.83
190,2024-03-03,evening,34,male,weekend,Organic Beans,General,1,125.72,125.72,236.83
191,2024-01-07,afternoon,57,male,holiday,Organic Milk,General,3,221.32,663.96,429.03
191,2024-01-07,evening,57,male,daily_needs,Organic Rice,General,2,204.82,409.64,429.03
192,2024-01-11,afternoon,61,male,weekend,Organic Honey,General,5,328.6,1643.0,398.68
192,2024-01-11,morning,47,male,daily_needs,Organic Bread,General,3,37.02,111.06,398.68
193,2024-01-18,morning,42,female,weekend,Organic Rice,General,1,333.43,333.43,499.63
193,2024-01-18,evening,70,female,weekend,Organic Flour,General,5,487.96,2439.8,499.63
193,2024-01-18,morning,24,female,weekend,Organic Yogurt,General,2,740.07,1480.14,499.63
193,2024-01-18,afternoon,60,male,weekend,Organic Rice,General,5,464.54,2322.7,499.63
194,2024-01-07,evening,36,male,weekend,Organic Butter,General,3,828.55,2485.65,467.29
194,2024-01-07,afternoon,28,male,daily_needs,Organic Carrots,General,3,517.1,1551.3,467.29
195,2024-01-27,afternoon,67,male,daily_needs,Organic Milk,General,5,197.12,985.6,205.79
195,2024-01-27,evening,56,male,holiday,Organic Honey,General,5,954.64,4773.2,205.79
195,2024-01-27,afternoon,71,female,daily_needs,Organic Bread,General,3,632.44,1897.32,205.79
195,2024-01-27,morning,65,female,weekend,Organic Flour,General,4,663.68,2654.72,205.79
196,2024-02-07,afternoon,34,female,daily_needs,Organic Carrots,General,5,25.79,128.95,203.13
196,2024-02-07,afternoon,28,female,daily_needs,Organic Oil,General,5,388.17,1940.85,203.13
196,2024-02-07,evening,41,female,weekend,Organic Cheese,General,1,791.71,791.71,203.13
197,2024-03-05,afternoon,56,female,daily_needs,Organic Lettuce,General,3,388.24,1164.72,475.55
197,2024-03-05,evening,77,male,weekend,Organic Cheese,General,2,763.59,1527.18,475.55
197,2024-03-05,afternoon,75,male,holiday,Organic Apples,General,5,703.73,3518.65,475.55
197,2024-03-05,morning,69,female,holiday,Organic Lettuce,General,4,493.89,1975.56,475.55
198,2024-01-05,morning,35,female,daily_needs,Organic Honey,General,2,123.73,247.46,139.1
198,2024-01-05,evening,37,male,holiday,Organic Cheese,General,5,625.72,3128.6,139.1
198,2024-01-05,evening,65,male,weekend,Organic Oil,General,3,363.05,1089.15,139.1
198,2024-01-05,afternoon,71,male,weekend,Organic Milk,General,3,654.65,1963.95,139.1
199,2024-03-05,morning,66,female,weekend,Organic Honey,General,5,351.68,1758.4,136.12
199,2024-03-05,afternoon,61,male,weekend,Organic Oil,General,4,530.65,2122.6,136.12
200,2024-03-06,afternoon,40,female,daily_needs,Organic Rice,General,3,377.51,1132.53,266.35
201,2024-02-23,afternoon,44,female,daily_needs,Organic Butter,General,2,432.17,864.34,398.51
202,2024-02-19,afternoon,58,male,weekend,Organic Butter,General,3,327.31,981.93,378.24
202,2024-02-19,morning,73,male,daily_needs,Organic Carrots,General,5,347.54,1737.7,378.24
202,2024-02-19,morning,29,male,weekend,Organic Oil,General,3,932.48,2797.44,378.24
203,2024-03-06,afternoon,43,female,daily_needs,Organic Butter,General,2,99.89,199.78,158.13
203,2024-03-06,evening,45,female,holiday,Organic Oil,General,3,566.88,1700.64,158.13
204,2024-03-30,evening,49,female,holiday,Organic Cheese,General,5,758.59,3792.95,302.99
204,2024-03-30,evening,44,male,daily_needs,Organic Butter,General,4,931.12,3724.48,302.99
204,2024-03-30,morning,40,male,weekend,Organic Honey,General,1,274.67,274.67,302.99
204,2024-03-30,morning,42,male,daily_needs,Organic Beans,General,3,817.43,2452.29,302.99
205,2024-01-11,afternoon,26,male,daily_needs,Organic Lettuce,General,2,493.02,986.04,262.15
205,2024-01-11,evening,67,male,daily_needs,Organic Cheese,General,4,219.72,878.88,262.15
205,2024-01-11,morning,66,male,holiday,Organic Flour,General,5,865.01,4325.05,262.15
205,2024-01-11,morning,47,male,holiday,Organic Milk,General,3,241.7,725.1,262.15
206,2024-02-19,afternoon,68,male,daily_needs,Organic Carrots,General,1,424.96,424.96,239.32
207,2024-03-01,evening,65,female,weekend,Organic Cheese,General,3,403.76,1211.28,392.56
207,2024-03-01,morning,67,female,daily_needs,Organic Tomatoes,General,3,882.28,2646.84,392.56
208,2024-01-05,evening,28,female,daily_needs,Organic Tomatoes,General,2,757.35,1514.7,223.42
208,2024-01-05,evening,29,female,weekend,Organic Flour,General,4,222.88,891.52,223.42
209,2024-02-11,evening,64,male,weekend,Organic Flour,General,4,99.25,397.0,322.72
209,2024-02-11,evening,66,male,daily_needs,Organic Carrots,General,5,23.24,116.2,322.72
210,2024-02-24,evening,60,female,daily_needs,Organic Honey,General,1,570.94,570.94,179.95
210,2024-02-24,evening,79,male,holiday,Organic Lettuce,General,1,662.74,662.74,179.95
210,2024-02-24,morning,50,male,weekend,Organic Cheese,General,5,49.42,247.1,179.95
211,2024-01-27,afternoon,42,female,daily_needs,Organic Bread,General,5,317.64,1588.2,170.07
211,2024-01-27,morning,59,male,daily_needs,Organic Bread,General,3,589.88,1769.64,170.07
211,2024-01-27,afternoon,39,male,daily_needs,Organic Carrots,General,4,618.89,2475.56,170.07
211,2024-01-27,evening,29,female,daily_needs,Organic Flour,General,2,500.76,1001.52,170.07
212,2024-01-28,evening,62,male,holiday,Organic Rice,General,1,666.95,666.95,162.12
212,2024-01-28,afternoon,65,female,daily_needs,Organic Flour,General,4,953.8,3815.2,162.12
212,2024-01-28,afternoon,44,female,daily_needs,Organic Butter,General,3,66.49,199.47,162.12
213,2024-02-01,afternoon,43,female,holiday,Organic Tomatoes,General,4,793.89,3175.56,150.32
214,2024-02-20,morning,36,female,holiday,Organic Butter,General,1,510.49,510.49,163.99
214,2024-02-20,evening,56,male,holiday,Organic Yogurt,General,2,911.14,1822.28,163.99
214,2024-02-20,evening,22,female,daily_needs,Organic Eggs,General,5,477.47,2387.35,163.99
215,2024-03-04,afternoon,54,male,daily_needs,Organic Bread,General,1,420.05,420.05,240.82
215,2024-03-04,afternoon,71,female,daily_needs,Organic Yogurt,General,2,959.63,1919.26,240.82
215,2024-03-04,evening,78,female,daily_needs,Organic Flour,General,5,662.4,3312.0,240.82
215,2024-03-04,evening,35,male,daily_needs,Organic Butter,General,3,570.66,1711.98,240.82
216,2024-02-03,morning,60,female,holiday,Organic Flour,General,3,468.86,1406.58,433.46
216,2024-02-03,afternoon,73,female,daily_needs,Organic Rice,General,2,920.19,1840.38,433.46
216,2024-02-03,evening,72,female,weekend,Organic Honey,General,3,36.13,108.39,433.46
217,2024-01-05,evening,41,female,holiday,Organic Bread,General,4,525.26,2101.04,156.66
218,2024-01-27,evening,66,male,weekend,Organic Beans,General,1,925.21,925.21,331.67
218,2024-01-27,afternoon,23,male,holiday,Organic Cheese,General,1,426.77,426.77,331.67
218,2024-01-27,morning,53,female,holiday,Organic Carrots,General,4,53.65,214.6,331.67
219,2024-03-08,evening,20,female,daily_needs,Organic Tomatoes,General,2,48.49,96.98,443.17
219,2024-03-08,morning,77,male,holiday,Organic Yogurt,General,1,944.63,944.63,443.17
219,2024-03-08,morning,18,female,weekend,Organic Flour,General,4,440.04,1760.16,443.17
219,2024-03-08,morning,46,male,daily_needs,Organic Carrots,General,4,239.07,956.28,443.17
220,2024-02-02,afternoon,41,female,weekend,Organic Tomatoes,General,4,647.79,2591.16,331.72
220,2024-02-02,evening,18,female,weekend,Organic Honey,General,3,500.58,1501.74,331.72
221,2024-02-06,evening,44,female,weekend,Organic Tomatoes,General,3,275.43,826.29,427.48
221,2024-02-06,morning,56,male,daily_needs,Organic Bread,General,3,731.29,2193.87,427.48
222,2024-01-01,afternoon,45,female,holiday,Organic Carrots,General,1,759.95,759.95,306.99
222,2024-01-01,evening,45,male,daily_needs,Organic Flour,General,2,343.91,687.82,306.99
222,2024-01-01,morning,26,male,weekend,Organic Flour,General,4,145.22,580.88,306.99
223,2024-02-04,evening,75,male,holiday,Organic Tomatoes,General,5,341.22,1706.1,120.7
223,2024-02-04,morning,72,male,weekend,Organic Bread,General,1,835.34,835.34,120.7
223,2024-02-04,evening,68,female,holiday,Organic Tomatoes,General,1,45.06,45.06,120.7
223,2024-02-04,evening,60,male,daily_needs,Organic Cheese,General,2,528.67,1057.34,120.7
224,2024-02-10,afternoon,46,male,holiday,Organic Eggs,General,4,297.4,1189.6,437.82
224,2024-02-10,evening,32,male,holiday,Organic Butter,General,3,122.54,367.62,437.82
224,2024-02-10,morning,54,female,holiday,Organic Bread,General,4,86.33,345.32,437.82
225,2024-01-29,morning,30,male,weekend,Organic Eggs,General,2,933.86,1867.72,316.63
225,2024-01-29,afternoon,59,male,weekend,Organic Honey,General,1,121.49,121.49,316.63
226,2024-03-15,morning,66,female,holiday,Organic Eggs,General,1,586.27,586.27,166.42
227,2024-03-14,morning,70,male,weekend,Organic Butter,General,4,629.02,2516.08,395.33
227,2024-03-14,evening,20,male,daily_needs,Organic Carrots,General,5,551.4,2757.0,395.33
227,2024-03-14,afternoon,61,female,weekend,Organic Bread,General,4,55.55,222.2,395.33
228,2024-03-21,morning,71,female,daily_needs,Organic Oil,General,2,785.48,1570.96,432.58
228,2024-03-21,morning,59,male,holiday,Organic Butter,General,4,559.11,2236.44,432.58
228,2024-03-21,evening,47,female,weekend,Organic Honey,General,2,40.92,81.84,432.58
228,2024-03-21,morning,50,male,weekend,Organic Carrots,General,2,696.77,1393.54,432.58
229,2024-03-13,evening,57,female,holiday,Organic Tomatoes,General,2,397.13,794.26,252.75
229,2024-03-13,evening,28,male,weekend,Organic Lettuce,General,3,934.74,2804.22,252.75
230,2024-03-12,evening,38,male,daily_needs,Organic Carrots,General,1,96.13,96.13,287.96
231,2024-02-23,afternoon,46,female,weekend,Organic Flour,General,4,503.43,2013.72,337.17
232,2024-03-26,morning,73,male,daily_needs,Organic Oil,General,2,540.05,1080.1,493.03
232,2024-03-26,afternoon,38,female,weekend,Organic Tomatoes,General,3,513.41,1540.23,493.03
233,2024-01-24,evening,71,male,daily_needs,Organic Bread,General,1,390.51,390.51,295.52
233,2024-01-24,afternoon,25,male,weekend,Organic Beans,General,5,482.71,2413.55,295.52
234,2024-01-23,afternoon,39,female,daily_needs,Organic Carrots,General,4,296.17,1184.68,436.61
234,2024-01-23,afternoon,78,female,holiday,Organic Milk,General,1,700.5,700.5,436.61
234,2024-01-23,afternoon,38,male,weekend,Organic Milk,General,2,368.34,736.68,436.61
234,2024-01-23,evening,37,female,holiday,Organic Beans,General,5,541.21,2706.05,436.61
235,2024-02-11,evening,44,male,holiday,Organic Lettuce,General,5,377.99,1889.95,141.69
235,2024-02-11,morning,70,male,weekend,Organic Rice,General,4,486.8,1947.2,141.69
236,2024-02-01,evening,73,female,daily_needs,Organic Milk,General,4,439.27,1757.08,394.41
236,2024-02-01,afternoon,20,female,daily_needs,Organic Honey,General,4,755.89,3023.56,394.41
237,2024-03-09,evening,52,male,holiday,Organic Rice,General,2,992.64,1985.28,443.79
238,2024-01-29,afternoon,38,male,daily_needs,Organic Beans,General,4,333.64,1334.56,481.23
238,2024-01-29,morning,33,female,holiday,Organic Rice,General,3,389.29,1167.87,481.23
238,2024-01-29,evening,33,male,holiday,Organic Butter,General,2,259.33,518.66,481.23
239,2024-03-20,morning,35,female,weekend,Organic Tomatoes,General,3,95.59,286.77,445.43
239,2024-03-20,afternoon,64,female,holiday,Organic Honey,General,2,414.38,828.76,445.43
239,2024-03-20,evening,52,male,holiday,Organic Carrots,General,2,962.28,1924.56,445.43
240,2024-03-27,afternoon,23,female,daily_needs,Organic Honey,General,5,752.49,3762.45,255.87
240,2024-03-27,morning,63,female,holiday,Organic Oil,General,4,959.41,3837.64,255.87
241,2024-02-02,afternoon,64,male,daily_needs,Organic Honey,General,4,44.09,176.36,373.81
241,2024-02-02,afternoon,59,female,weekend,Organic Yogurt,General,4,757.06,3028.24,373.81
241,2024-02-02,evening,29,female,holiday,Organic Lettuce,General,5,991.06,4955.3,373.81
241,2024-02-02,morning,76,male,holiday,Organic Apples,General,2,729.43,1458.86,373.81
242,2024-02-05,evening,79,male,holiday,Organic Carrots,General,2,520.22,1040.44,378.88
243,2024-02-20,afternoon,33,female,holiday,Organic Lettuce,General,5,373.32,1866.6,236.69
243,2024-02-20,afternoon,22,male,weekend,Organic Yogurt,General,5,890.06,4450.3,236.69
244,2024-01-31,afternoon,67,male,daily_needs,Organic Oil,General,2,360.21,720.42,189.86
245,2024-01-26,evening,27,female,weekend,Organic Carrots,General,3,674.38,2023.14,448.43
245,2024-01-26,morning,37,female,holiday,Organic Flour,General,5,952.2,4761.0,448.43
246,2024-02-16,morning,45,female,holiday,Organic Apples,General,1,210.8,210.8,411.78
246,2024-02-16,afternoon,21,female,daily_needs,Organic Flour,General,5,419.63,2098.15,411.78
246,2024-02-16,evening,38,female,weekend,Organic Honey,General,2,312.1,624.2,411.78
246,2024-02-16,afternoon,21,male,daily_needs,Organic Tomatoes,General,5,186.6,933.0,411.78
247,2024-02-16,morning,51,female,weekend,Organic Cheese,General,2,405.07,810.14,131.21
247,2024-02-16,morning,33,male,holiday,Organic Eggs,General,4,61.04,244.16,131.21
247,2024-02-16,afternoon,28,female,daily_needs,Organic Yogurt,General,1,250.9,250.9,131.21
247,2024-02-16,morning,62,female,weekend,Organic Butter,General,1,525.26,525.26,131.21
248,2024-02-06,afternoon,54,male,holiday,Organic Lettuce,General,4,810.87,3243.48,195.82
248,2024-02-06,evening,63,male,holiday,Organic Tomatoes,General,2,943.93,1887.86,195.82
248,2024-02-06,morning,63,male,weekend,Organic Bread,General,2,773.23,1546.46,195.82
248,2024-02-06,afternoon,29,male,holiday,Organic Eggs,General,3,840.34,2521.02,195.82
249,2024-02-09,afternoon,66,male,holiday,Organic Honey,General,3,464.64,1393.92,465.52
250,2024-02-18,morning,75,female,daily_needs,Organic Beans,General,1,641.18,641.18,304.58
250,2024-02-18,evening,45,male,daily_needs,Organic Bread,General,4,752.51,3010.04,304.58
251,2024-03-25,morning,73,female,daily_needs,Organic Eggs,General,4,599.32,2397.28,354.86
252,2024-02-26,evening,60,female,daily_needs,Organic Yogurt,General,5,123.83,619.15,429.13
252,2024-02-26,afternoon,75,male,weekend,Organic Eggs,General,1,965.12,965.12,429.13
252,2024-02-26,afternoon,42,female,holiday,Organic Yogurt,General,3,333.06,999.18,429.13
253,2024-03-01,morning,76,male,weekend,Organic Milk,General,1,877.35,877.35,464.47
253,2024-03-01,afternoon,27,male,holiday,Organic Butter,General,2,359.61,719.22,464.47
254,2024-02-02,afternoon,22,male,holiday,Organic Oil,General,1,693.28,693.28,402.38
255,2024-03-19,morning,28,male,holiday,Organic Honey,General,1,990.66,990.66,355.48
255,2024-03-19,evening,19,female,weekend,Organic Cheese,General,1,267.53,267.53,355.48
255,2024-03-19,afternoon,32,male,holiday,Organic Carrots,General,1,509.62,509.62,355.48
256,2024-01-11,afternoon,54,female,weekend,Organic Eggs,General,1,187.29,187.29,467.64
256,2024-01-11,evening,62,male,weekend,Organic Beans,General,5,194.22,971.1,467.64
256,2024-01-11,morning,70,male,holiday,Organic Honey,General,5,90.78,453.9,467.64
257,2024-03-24,morning,50,female,daily_needs,Organic Lettuce,General,4,875.48,3501.92,319.02
257,2024-03-24,morning,80,male,weekend,Organic Butter,General,4,182.92,731.68,319.02
258,2024-01-06,morning,48,male,holiday,Organic Apples,General,3,754.84,2264.52,340.06
258,2024-01-06,morning,74,female,daily_needs,Organic Tomatoes,General,2,821.97,1643.94,340.06
258,2024-01-06,evening,66,male,weekend,Organic Tomatoes,General,2,496.62,993.24,340.06
259,2024-03-17,morning,68,male,holiday,Organic Carrots,General,5,961.08,4805.4,218.28
259,2024-03-17,evening,71,male,weekend,Organic Honey,General,4,367.68,1470.72,218.28
259,2024-03-17,morning,56,female,daily_needs,Organic Flour,General,5,762.36,3811.8,218.28
259,2024-03-17,evening,51,male,daily_needs,Organic Carrots,General,1,532.28,532.28,218.28
260,2024-03-22,morning,36,female,holiday,Organic Carrots,General,2,598.97,1197.94,118.72
260,2024-03-22,afternoon,69,male,weekend,Organic Tomatoes,General,3,938.61,2815.83,118.72
260,2024-03-22,evening,72,female,holiday,Organic Lettuce,General,3,592.86,1778.58,118.72
261,2024-02-10,evening,26,male,weekend,Organic Cheese,General,2,122.68,245.36,345.72
262,2024-03-02,afternoon,34,female,holiday,Organic Rice,General,2,576.64,1153.28,376.73
262,2024-03-02,afternoon,25,female,weekend,Organic Flour,General,1,48.97,48.97,376.73
262,2024-03-02,evening,34,female,weekend,Organic Yogurt,General,5,694.05,3470.25,376.73
263,2024-03-08,afternoon,61,female,daily_needs,Organic Cheese,General,3,785.12,2355.36,339.55
263,2024-03-08,afternoon,42,male,weekend,Organic Apples,General,2,405.88,811.76,339.55
263,2024-03-08,evening,21,female,weekend,Organic Eggs,General,1,165.02,165.02,339.55
263,2024-03-08,evening,24,male,daily_needs,Organic Bread,General,5,602.33,3011.65,339.55
264,2024-03-05,afternoon,71,male,holiday,Organic Honey,General,5,632.65,3163.25,101.9
264,2024-03-05,morning,55,male,weekend,Organic Lettuce,General,4,37.85,151.4,101.9
265,2024-02-20,afternoon,80,female,weekend,Organic Apples,General,4,430.36,1721.44,215.87
265,2024-02-20,evening,77,male,daily_needs,Organic Honey,General,1,438.81,438.81,215.87
265,2024-02-20,afternoon,48,male,weekend,Organic Milk,General,2,276.39,552.78,215.87
266,2024-03-23,morning,39,male,weekend,Organic Bread,General,3,173.6,520.8,431.99
267,2024-03-06,evening,32,male,daily_needs,Organic Butter,General,3,255.52,766.56,246.68
267,2024-03-06,evening,62,female,daily_needs,Organic Yogurt,General,5,982.05,4910.25,246.68
268,2024-01-25,evening,69,female,daily_needs,Organic Eggs,General,1,111.13,111.13,201.58
268,2024-01-25,evening,49,female,weekend,Organic Milk,General,3,732.96,2198.88,201.58
269,2024-01-26,afternoon,20,female,holiday,Organic Butter,General,1,584.41,584.41,266.8
269,2024-01-26,evening,22,female,weekend,Organic Flour,General,4,977.13,3908.52,266.8
269,2024-01-26,afternoon,54,female,weekend,Organic Carrots,General,5,397.25,1986.25,266.8
269,2024-01-26,morning,60,male,holiday,Organic Eggs,General,1,356.26,356.26,266.8
270,2024-01-27,evening,75,male,daily_needs,Organic Yogurt,General,1,307.47,307.47,143.8
270,2024-01-27,evening,49,female,weekend,Organic Butter,General,3,892.6,2677.8,143.8
270,2024-01-27,morning,48,male,daily_needs,Organic Oil,General,5,667.03,3335.15,143.8
270,2024-01-27,evening,47,female,daily_needs,Organic Honey,General,4,953.83,3815.32,143.8
271,2024-03-14,afternoon,38,female,daily_needs,Organic Carrots,General,4,262.3,1049.2,405.28
272,2024-01-16,afternoon,52,female,weekend,Organic Yogurt,General,4,460.27,1841.08,465.16
273,2024-01-19,afternoon,69,female,holiday,Organic Apples,General,5,835.28,4176.4,321.29
273,2024-01-19,morning,71,male,daily_needs,Organic Flour,General,4,762.98,3051.92,321.29
273,2024-01-19,evening,59,female,holiday,Organic Apples,General,3,585.9,1757.7,321.29
273,2024-01-19,evening,55,male,holiday,Organic Oil,General,4,45.32,181.28,321.29
274,2024-03-08,morning,64,female,holiday,Organic Yogurt,General,3,878.15,2634.45,177.32
274,2024-03-08,evening,32,male,holiday,Organic Beans,General,3,230.21,690.63,177.32
274,2024-03-08,afternoon,31,male,holiday,Organic Milk,General,3,574.18,1722.54,177.32
275,2024-03-04,afternoon,70,male,weekend,Organic Beans,General,5,837.92,4189.6,202.11
276,2024-01-13,evening,37,male,daily_needs,Organic Tomatoes,General,3,55.49,166.47,277.83
276,2024-01-13,afternoon,20,male,daily_needs,Organic Beans,General,1,69.9,69.9,277.83
276,2024-01-13,afternoon,37,male,weekend,Organic Beans,General,5,496.54,2482.7,277.83
277,2024-03-15,evening,65,male,daily_needs,Organic Rice,General,5,513.24,2566.2,459.35
277,2024-03-15,evening,68,female,daily_needs,Organic Cheese,General,2,747.79,1495.58,459.35
277,2024-03-15,afternoon,55,female,holiday,Organic Flour,General,5,166.22,831.1,459.35
277,2024-03-15,afternoon,25,female,holiday,Organic Carrots,General,4,419.71,1678.84,459.35
278,2024-02-11,afternoon,64,female,holiday,Organic Oil,General,4,839.59,3358.36,380.9
278,2024-02-11,evening,79,male,holiday,Organic Cheese,General,1,912.05,912.05,380.9
278,2024-02-11,evening,38,male,holiday,Organic Rice,General,2,367.51,735.02,380.9
279,2024-03-16,afternoon,62,female,weekend,Organic Lettuce,General,5,337.34,1686.7,385.89
280,2024-01-01,afternoon,36,male,holiday,Organic Tomatoes,General,3,80.04,240.12,469.89
281,2024-02-14,morning,20,female,daily_needs,Organic Carrots,General,1,420.83,420.83,258.74
281,2024-02-14,afternoon,47,female,daily_needs,Organic Cheese,General,1,449.06,449.06,258.74
281,2024-02-14,morning,74,female,holiday,Organic Rice,General,4,120.53,482.12,258.74
281,2024-02-14,afternoon,31,female,daily_needs,Organic Bread,General,3,194.88,584.64,258.74
282,2024-03-30,morning,54,male,holiday,Organic Eggs,General,2,521.49,1042.98,351.63
282,2024-03-30,afternoon,76,female,weekend,Organic Bread,General,2,934.26,1868.52,351.63
282,2024-03-30,morning,72,female,daily_needs,Organic Apples,General,3,325.77,977.31,351.63
282,2024-03-30,morning,43,male,holiday,Organic Lettuce,General,3,520.07,1560.21,351.63
283,2024-02-23,afternoon,26,female,weekend,Organic Tomatoes,General,3,396.27,1188.81,286.96
283,2024-02-23,evening,28,male,holiday,Organic Carrots,General,4,627.95,2511.8,286.96
283,2024-02-23,afternoon,62,male,weekend,Organic Rice,General,3,52.16,156.48,286.96
284,2024-01-24,morning,33,female,daily_needs,Organic Rice,General,5,873.43,4367.15,288.51
284,2024-01-24,morning,73,male,daily_needs,Organic Beans,General,1,819.23,819.23,288.51
284,2024-01-24,evening,45,female,weekend,Organic Bread,General,4,970.74,3882.96,288.51
284,2024-01-24,afternoon,59,male,weekend,Organic Carrots,General,2,292.16,584.32,288.51
285,2024-03-21,evening,73,female,holiday,Organic Eggs,General,2,348.24,696.48,380.51
286,2024-03-05,morning,47,male,weekend,Organic Yogurt,General,1,254.97,254.97,486.81
286,2024-03-05,morning,79,female,weekend,Organic Carrots,General,2,133.43,266.86,486.81
286,2024-03-05,afternoon,67,female,holiday,Organic Beans,General,5,397.15,1985.75,486.81
286,2024-03-05,afternoon,39,female,daily_needs,Organic Bread,General,1,329.0,329.0,486.81
287,2024-01-04,morning,65,female,holiday,Organic Milk,General,4,28.23,112.92,485.61
287,2024-01-04,morning,57,female,daily_needs,Organic Yogurt,General,4,540.97,2163.88,485.61
287,2024-01-04,afternoon,36,male,daily_needs,Organic Beans,General,2,356.8,713.6,485.61
287,2024-01-04,evening,55,female,holiday,Organic Apples,General,3,570.09,1710.27,485.61
288,2024-03-17,afternoon,33,female,weekend,Organic Tomatoes,General,1,395.22,395.22,174.83
288,2024-03-17,evening,40,male,weekend,Organic Lettuce,General,4,804.33,3217.32,174.83
289,2024-03-16,evening,78,female,daily_needs,Organic Flour,General,5,216.74,1083.7,451.0
289,2024-03-16,afternoon,55,female,daily_needs,Organic Lettuce,General,2,465.26,930.52,451.0
289,2024-03-16,morning,35,female,weekend,Organic Yogurt,General,1,675.66,675.66,451.0
289,2024-03-16,evening,49,female,holiday,Organic Apples,General,1,213.41,213.41,451.0
290,2024-02-04,morning,43,female,holiday,Organic Bread,General,1,333.45,333.45,475.4
290,2024-02-04,afternoon,67,female,daily_needs,Organic Apples,General,2,144.96,289.92,475.4
290,2024-02-04,evening,68,female,weekend,Organic Tomatoes,General,5,112.88,564.4,475.4
290,2024-02-04,morning,24,female,holiday,Organic Rice,General,1,184.47,184.47,475.4
291,2024-02-26,evening,53,female,daily_needs,Organic Beans,General,5,609.07,3045.35,486.98
292,2024-02-02,afternoon,67,female,holiday,Organic Honey,General,1,813.31,813.31,457.7
292,2024-02-02,evening,25,female,holiday,Organic Carrots,General,1,733.27,733.27,457.7
293,2024-03-07,afternoon,50,male,weekend,Organic Flour,General,5,60.96,304.8,148.3
294,2024-01-03,morning,36,male,weekend,Organic Tomatoes,General,5,842.07,4210.35,144.92
294,2024-01-03,evening,75,male,weekend,Organic Bread,General,2,354.45,708.9,144.92
295,2024-03-23,evening,55,male,holiday,Organic Apples,General,1,782.34,782.34,499.86
295,2024-03-23,morning,44,female,holiday,Organic Eggs,General,4,41.6,166.4,499.86
295,2024-03-23,morning,79,male,daily_needs,Organic Oil,General,3,907.6,2722.8,499.86
295,2024-03-23,afternoon,71,female,weekend,Organic Apples,General,5,132.46,662.3,499.86
296,2024-03-28,evening,51,male,weekend,Organic Beans,General,2,70.54,141.08,427.3
296,2024-03-28,afternoon,57,female,holiday,Organic Oil,General,3,606.84,1820.52,427.3
296,2024-03-28,morning,42,male,holiday,Organic Apples,General,1,259.8,259.8,427.3
297,2024-01-11,evening,45,female,weekend,Organic Honey,General,3,505.53,1516.59,460.6
297,2024-01-11,morning,66,female,weekend,Organic Milk,General,4,853.61,3414.44,460.6
297,2024-01-11,evening,58,male,daily_needs,Organic Tomatoes,General,3,980.37,2941.11,460.6
298,2024-03-20,morning,37,male,holiday,Organic Butter,General,4,304.89,1219.56,140.17
298,2024-03-20,afternoon,40,male,holiday,Organic Bread,General,2,878.13,1756.26,140.17
298,2024-03-20,evening,77,female,daily_needs,Organic Beans,General,2,773.49,1546.98,140.17
299,2024-01-29,afternoon,27,female,holiday,Organic Yogurt,General,4,397.84,1591.36,137.61
300,2024-01-24,morning,75,male,holiday,Organic Flour,General,5,376.79,1883.95,435.91
300,2024-01-24,afternoon,49,female,weekend,Organic Yogurt,General,4,136.2,544.8,435.91
300,2024-01-24,evening,18,female,holiday,Organic Carrots,General,5,260.49,1302.45,435.91
300,2024-01-24,morning,51,male,weekend,Organic Eggs,General,3,843.59,2530.77,435.91
301,2024-03-27,evening,51,female,holiday,Organic Yogurt,General,5,142.48,712.4,168.79
301,2024-03-27,afternoon,57,female,weekend,Organic Bread,General,5,212.22,1061.1,168.79
301,2024-03-27,afternoon,60,female,daily_needs,Organic Cheese,General,4,694.57,2778.28,168.79
301,2024-03-27,morning,33,female,holiday,Organic Carrots,General,1,810.08,810.08,168.79
302,2024-03-01,morning,75,female,daily_needs,Organic Yogurt,General,2,620.76,1241.52,342.93
302,2024-03-01,afternoon,79,female,holiday,Organic Cheese,General,5,824.77,4123.85,342.93
302,2024-03-01,morning,28,male,holiday,Organic Tomatoes,General,1,863.68,863.68,342.93
303,2024-03-04,evening,80,male,weekend,Organic Apples,General,5,310.28,1551.4,447.02
304,2024-01-03,evening,42,female,weekend,Organic Cheese,General,2,781.41,1562.82,366.78
304,2024-01-03,afternoon,24,female,holiday,Organic Carrots,General,5,91.76,458.8,366.78
305,2024-01-28,morning,65,male,holiday,Organic Bread,General,4,967.01,3868.04,442.7
305,2024-01-28,evening,21,female,weekend,Organic Honey,General,4,960.51,3842.04,442.7
306,2024-02-02,afternoon,59,male,daily_needs,Organic Rice,General,1,97.88,97.88,448.99
306,2024-02-02,afternoon,18,male,holiday,Organic Eggs,General,2,746.85,1493.7,448.99
306,2024-02-02,evening,29,female,daily_needs,Organic Beans,General,1,649.56,649.56,448.99
306,2024-02-02,afternoon,48,female,holiday,Organic Beans,General,3,651.46,1954.38,448.99
307,2024-01-25,morning,26,female,daily_needs,Organic Butter,General,2,942.35,1884.7,151.87
307,2024-01-25,afternoon,26,female,weekend,Organic Cheese,General,4,774.56,3098.24,151.87
307,2024-01-25,afternoon,47,female,weekend,Organic Cheese,General,3,66.94,200.82,151.87
308,2024-01-14,morning,23,male,weekend,Organic Yogurt,General,3,443.34,1330.02,113.94
308,2024-01-14,evening,42,male,holiday,Organic Carrots,General,5,830.56,4152.8,113.94
308,2024-01-14,evening,67,female,holiday,Organic Flour,General,5,875.72,4378.6,113.94
309,2024-01-23,evening,68,female,weekend,Organic Milk,General,5,776.42,3882.1,198.63
310,2024-03-25,afternoon,66,female,daily_needs,Organic Oil,General,4,584.7,2338.8,480.87
310,2024-03-25,morning,61,male,holiday,Organic Milk,General,2,148.19,296.38,480.87
310,2024-03-25,evening,21,male,weekend,Organic Eggs,General,4,99.59,398.36,480.87
311,2024-02-23,evening,78,female,weekend,Organic Rice,General,4,651.95,2607.8,310.14
311,2024-02-23,morning,51,female,daily_needs,Organic Rice,General,4,751.37,3005.48,310.14
311,2024-02-23,morning,73,male,holiday,Organic Milk,General,5,724.27,3621.35,310.14
311,2024-02-23,evening,38,male,holiday,Organic Lettuce,General,1,718.1,718.1,310.14
312,2024-02-12,morning,32,female,holiday,Organic Tomatoes,General,1,626.4,626.4,284.25
312,2024-02-12,afternoon,49,female,daily_needs,Organic Bread,General,2,515.08,1030.16,284.25
312,2024-02-12,evening,42,female,weekend,Organic Beans,General,5,944.78,4723.9,284.25
312,2024-02-12,afternoon,61,female,holiday,Organic Lettuce,General,4,562.88,2251.52,284.25
313,2024-03-21,morning,19,male,holiday,Organic Rice,General,1,42.78,42.78,112.06
313,2024-03-21,evening,34,male,holiday,Organic Flour,General,4,674.45,2697.8,112.06
314,2024-03-17,afternoon,29,female,daily_needs,Organic Milk,General,4,336.9,1347.6,236.08
315,2024-02-02,evening,62,female,weekend,Organic Lettuce,General,1,670.52,670.52,103.17
316,2024-02-03,evening,62,female,daily_needs,Organic Eggs,General,2,665.78,1331.56,293.51
316,2024-02-03,evening,75,female,holiday,Organic Rice,General,5,959.43,4797.15,293.51
316,2024-02-03,afternoon,40,male,holiday,Organic Eggs,General,5,214.41,1072.05,293.51
317,2024-01-06,morning,47,male,holiday,Organic Cheese,General,2,748.08,1496.16,125.58
317,2024-01-06,evening,31,female,daily_needs,Organic Beans,General,2,341.0,682.0,125.58
317,2024-01-06,afternoon,47,female,holiday,Organic Cheese,General,4,507.75,2031.0,125.58
318,2024-01-28,evening,68,male,weekend,Organic Beans,General,3,541.39,1624.17,292.84
318,2024-01-28,morning,31,male,daily_needs,Organic Eggs,General,5,448.85,2244.25,292.84
318,2024-01-28,morning,34,male,weekend,Organic Oil,General,4,93.51,374.04,292.84
319,2024-03-28,evening,19,female,daily_needs,Organic Honey,General,5,604.4,3022.0,292.55
319,2024-03-28,afternoon,43,female,holiday,Organic Bread,General,5,767.69,3838.45,292.55
320,2024-03-26,afternoon,27,male,weekend,Organic Lettuce,General,2,304.03,608.06,192.11
320,2024-03-26,afternoon,45,male,holiday,Organic Tomatoes,General,2,170.57,341.14,192.11
320,2024-03-26,morning,42,female,holiday,Organic Apples,General,3,339.41,1018.23,192.11
321,2024-02-27,afternoon,31,female,holiday,Organic Tomatoes,General,4,970.19,3880.76,403.71
321,2024-02-27,evening,21,female,daily_needs,Organic Yogurt,General,2,659.41,1318.82,403.71
321,2024-02-27,afternoon,69,female,weekend,Organic Eggs,General,4,754.18,3016.72,403.71
321,2024-02-27,morning,29,female,daily_needs,Organic Eggs,General,5,703.72,3518.6,403.71
322,2024-03-18,evening,43,male,daily_needs,Organic Beans,General,5,406.96,2034.8,444.25
322,2024-03-18,afternoon,39,female,holiday,Organic Eggs,General,3,238.51,715.53,444.25
323,2024-01-05,morning,58,female,weekend,Organic Oil,General,4,233.36,933.44,106.6
323,2024-01-05,evening,43,male,weekend,Organic Apples,General,1,796.69,796.69,106.6
323,2024-01-05,morning,40,male,weekend,Organic Eggs,General,1,456.43,456.43,106.6
324,2024-02-29,afternoon,71,male,daily_needs,Organic Carrots,General,3,769.84,2309.52,456.8
325,2024-01-26,evening,58,male,holiday,Organic Bread,General,3,932.39,2797.17,293.09
325,2024-01-26,evening,74,male,holiday,Organic Milk,General,5,754.31,3771.55,293.09
325,2024-01-26,afternoon,46,female,weekend,Organic Rice,General,1,347.95,347.95,293.09
325,2024-01-26,afternoon,51,male,weekend,Organic Lettuce,General,2,699.53,1399.06,293.09
326,2024-03-18,evening,66,male,weekend,Organic Eggs,General,5,199.42,997.1,428.84
326,2024-03-18,afternoon,18,male,holiday,Organic Apples,General,5,262.34,1311.7,428.84
326,2024-03-18,evening,70,male,daily_needs,Organic Apples,General,4,519.13,2076.52,428.84
326,2024-03-18,morning,48,female,weekend,Organic Tomatoes,General,2,83.05,166.1,428.84
327,2024-02-25,morning,41,female,weekend,Organic Lettuce,General,2,747.01,1494.02,496.33
327,2024-02-25,evening,35,male,holiday,Organic Honey,General,3,81.86,245.58,496.33
327,2024-02-25,evening,40,female,daily_needs,Organic Cheese,General,4,673.1,2692.4,496.33
328,2024-02-16,evening,56,male,daily_needs,Organic Carrots,General,3,374.3,1122.9,151.86
328,2024-02-16,evening,38,female,holiday,Organic Tomatoes,General,4,211.06,844.24,151.86
328,2024-02-16,evening,27,male,holiday,Organic Beans,General,2,616.19,1232.38,151.86
329,2024-01-29,afternoon,78,male,holiday,Organic Flour,General,4,536.61,2146.44,299.14
329,2024-01-29,afternoon,64,male,weekend,Organic Beans,General,5,655.94,3279.7,299.14
330,2024-02-08,morning,44,female,holiday,Organic Cheese,General,3,424.11,1272.33,370.36
330,2024-02-08,afternoon,20,female,holiday,Organic Apples,General,5,260.48,1302.4,370.36
330,2024-02-08,morning,77,male,holiday,Organic Milk,General,1,535.81,535.81,370.36
330,2024-02-08,morning,77,female,weekend,Organic Bread,General,3,822.45,2467.35,370.36
331,2024-02-14,evening,61,female,holiday,Organic Lettuce,General,1,333.66,333.66,104.21
332,2024-01-01,afternoon,56,female,weekend,Organic Eggs,General,4,446.54,1786.16,335.31
332,2024-01-01,afternoon,52,female,weekend,Organic Carrots,General,4,790.09,3160.36,335.31
332,2024-01-01,afternoon,42,female,daily_needs,Organic Oil,General,2,249.29,498.58,335.31
332,2024-01-01,afternoon,46,female,holiday,Organic Butter,General,4,974.59,3898.36,335.31
333,2024-01-26,evening,75,male,daily_needs,Organic Beans,General,4,921.48,3685.92,168.11
333,2024-01-26,morning,57,male,weekend,Organic Tomatoes,General,2,234.21,468.42,168.11
333,2024-01-26,afternoon,31,female,daily_needs,Organic Eggs,General,3,69.27,207.81,168.11
333,2024-01-26,morning,25,female,daily_needs,Organic Milk,General,1,267.45,267.45,168.11
334,2024-01-17,morning,57,female,holiday,Organic Butter,General,4,180.57,722.28,130.41
334,2024-01-17,afternoon,78,female,weekend,Organic Carrots,General,4,390.1,1560.4,130.41
334,2024-01-17,evening,52,female,holiday,Organic Lettuce,General,5,565.52,2827.6,130.41
334,2024-01-17,afternoon,66,female,weekend,Organic Rice,General,2,401.09,802.18,130.41
335,2024-02-16,evening,46,female,holiday,Organic Cheese,General,3,515.85,1547.55,338.24
335,2024-02-16,evening,40,female,weekend,Organic Lettuce,General,2,130.97,261.94,338.24
336,2024-03-21,afternoon,34,female,daily_needs,Organic Oil,General,4,258.3,1033.2,325.79
336,2024-03-21,morning,39,female,weekend,Organic Cheese,General,4,493.71,1974.84,325.79
336,2024-03-21,morning,46,male,daily_needs,Organic Apples,General,2,517.44,1034.88,325.79
337,2024-03-06,afternoon,41,female,daily_needs,Organic Beans,General,5,99.76,498.8,319.31
337,2024-03-06,evening,71,female,weekend,Organic Milk,General,4,600.77,2403.08,319.31
337,2024-03-06,evening,52,male,daily_needs,Organic Rice,General,2,817.7,1635.4,319.31
337,2024-03-06,morning,58,male,daily_needs,Organic Milk,General,5,32.05,160.25,319.31
338,2024-02-06,evening,25,female,daily_needs,Organic Bread,General,3,559.52,1678.56,213.75
338,2024-02-06,afternoon,64,male,holiday,Organic Carrots,General,3,316.86,950.58,213.75
338,2024-02-06,morning,36,female,daily_needs,Organic Flour,General,4,121.09,484.36,213.75
339,2024-01-18,evening,32,male,daily_needs,Organic Beans,General,4,349.51,1398.04,180.87
339,2024-01-18,morning,74,female,holiday,Organic Cheese,General,3,934.05,2802.15,180.87
340,2024-03-15,evening,43,male,holiday,Organic Apples,General,1,602.52,602.52,466.49
341,2024-03-08,evening,49,female,holiday,Organic Cheese,General,5,658.61,3293.05,320.81
341,2024-03-08,evening,68,female,daily_needs,Organic Cheese,General,4,262.6,1050.4,320.81
341,2024-03-08,evening,77,female,weekend,Organic Carrots,General,5,648.4,3242.0,320.81
341,2024-03-08,evening,64,male,weekend,Organic Flour,General,4,423.68,1694.72,320.81
342,2024-03-13,evening,54,female,holiday,Organic Beans,General,3,931.33,2793.99,490.43
342,2024-03-13,morning,61,female,weekend,Organic Milk,General,1,454.82,454.82,490.43
342,2024-03-13,morning,56,female,daily_needs,Organic Butter,General,1,692.54,692.54,490.43
342,2024-03-13,morning,77,female,holiday,Organic Carrots,General,2,695.94,1391.88,490.43
343,2024-01-19,afternoon,27,female,holiday,Organic Apples,General,3,303.86,911.58,195.04
343,2024-01-19,afternoon,57,female,holiday,Organic Lettuce,General,3,436.85,1310.55,195.04
343,2024-01-19,morning,22,female,weekend,Organic Milk,General,2,592.37,1184.74,195.04
343,2024-01-19,evening,78,female,daily_needs,Organic Eggs,General,3,562.54,1687.62,195.04
344,2024-03-16,evening,20,female,daily_needs,Organic Cheese,General,3,717.6,2152.8,405.93
344,2024-03-16,evening,53,male,weekend,Organic Carrots,General,4,351.96,1407.84,405.93
344,2024-03-16,evening,48,male,weekend,Organic Yogurt,General,2,873.02,1746.04,405.93
344,2024-03-16,afternoon,20,female,holiday,Organic Rice,General,1,362.22,362.22,405.93
345,2024-01-25,afternoon,56,female,weekend,Organic Apples,General,1,783.89,783.89,313.89
346,2024-02-10,evening,33,female,daily_needs,Organic Flour,General,2,493.84,987.68,477.74
346,2024-02-10,afternoon,32,female,holiday,Organic Oil,General,5,775.49,3877.45,477.74
346,2024-02-10,morning,36,male,weekend,Organic Lettuce,General,2,483.67,967.34,477.74
346,2024-02-10,afternoon,33,male,weekend,Organic Rice,General,2,575.03,1150.06,477.74
347,2024-03-08,evening,31,male,weekend,Organic Yogurt,General,3,689.8,2069.4,300.74
347,2024-03-08,afternoon,67,male,weekend,Organic Cheese,General,2,214.97,429.94,300.74
347,2024-03-08,afternoon,45,female,holiday,Organic Bread,General,1,935.62,935.62,300.74
348,2024-03-01,afternoon,77,female,holiday,Organic Milk,General,4,788.97,3155.88,394.01
348,2024-03-01,afternoon,36,male,daily_needs,Organic Milk,General,4,491.76,1967.04,394.01
348,2024-03-01,evening,26,female,daily_needs,Organic Eggs,General,1,195.26,195.26,394.01
348,2024-03-01,evening,70,male,daily_needs,Organic Honey,General,5,913.71,4568.55,394.01
349,2024-02-11,morning,31,female,weekend,Organic Yogurt,General,3,760.95,2282.85,413.67
349,2024-02-11,evening,27,male,holiday,Organic Tomatoes,General,2,302.37,604.74,413.67
349,2024-02-11,morning,19,female,daily_needs,Organic Milk,General,1,793.43,793.43,413.67
349,2024-02-11,evening,78,female,holiday,Organic Carrots,General,1,417.95,417.95,413.67
350,2024-01-02,afternoon,67,male,daily_needs,Organic Milk,General,3,637.09,1911.27,487.68
351,2024-01-12,evening,36,male,holiday,Organic Eggs,General,4,670.29,2681.16,242.52
351,2024-01-12,morning,20,female,weekend,Organic Yogurt,General,3,53.24,159.72,242.52
352,2024-03-23,morning,58,female,daily_needs,Organic Bread,General,5,630.51,3152.55,114.86
352,2024-03-23,evening,42,female,holiday,Organic Beans,General,3,631.34,1894.02,114.86
353,2024-02-12,evening,40,male,holiday,Organic Carrots,General,4,226.94,907.76,187.01
353,2024-02-12,afternoon,49,male,daily_needs,Organic Eggs,General,3,338.7,1016.1,187.01
353,2024-02-12,evening,76,male,weekend,Organic Tomatoes,General,5,734.96,3674.8,187.01
353,2024-02-12,morning,40,male,weekend,Organic Flour,General,2,275.42,550.84,187.01
354,2024-03-23,afternoon,62,male,holiday,Organic Butter,General,1,775.01,775.01,391.85
354,2024-03-23,afternoon,40,male,holiday,Organic Oil,General,5,37.81,189.05,391.85
354,2024-03-23,evening,80,female,weekend,Organic Honey,General,2,845.33,1690.66,391.85
354,2024-03-23,morning,37,male,holiday,Organic Butter,General,4,127.3,509.2,391.85
355,2024-02-26,evening,55,female,daily_needs,Organic Lettuce,General,4,828.14,3312.56,480.96
356,2024-03-05,afternoon,80,female,holiday,Organic Oil,General,5,120.59,602.95,457.33
357,2024-01-30,afternoon,56,male,holiday,Organic Apples,General,5,114.01,570.05,121.86
357,2024-01-30,afternoon,34,female,weekend,Organic Oil,General,4,397.35,1589.4,121.86
357,2024-01-30,morning,41,female,daily_needs,Organic Lettuce,General,2,868.76,1737.52,121.86
358,2024-01-29,morning,26,female,weekend,Organic Butter,General,5,463.38,2316.9,168.89
358,2024-01-29,morning,68,female,weekend,Organic Beans,General,5,942.98,4714.9,168.89
358,2024-01-29,afternoon,35,female,daily_needs,Organic Yogurt,General,1,638.25,638.25,168.89
358,2024-01-29,evening,50,female,daily_needs,Organic Cheese,General,2,658.99,1317.98,168.89
359,2024-01-12,afternoon,24,female,daily_needs,Organic Oil,General,3,189.04,567.12,475.13
359,2024-01-12,morning,34,female,weekend,Organic Lettuce,General,4,346.31,1385.24,475.13
359,2024-01-12,afternoon,34,male,weekend,Organic Apples,General,4,276.01,1104.04,475.13
360,2024-02-14,evening,75,female,holiday,Organic Butter,General,3,733.83,2201.49,247.64
360,2024-02-14,morning,60,male,daily_needs,Organic Oil,General,4,566.55,2266.2,247.64
361,2024-02-02,afternoon,26,male,holiday,Organic Carrots,General,5,811.81,4059.05,277.7
361,2024-02-02,evening,43,female,holiday,Organic Apples,General,3,900.98,2702.94,277.7
361,2024-02-02,afternoon,60,female,daily_needs,Organic Rice,General,4,295.69,1182.76,277.7
361,2024-02-02,evening,25,female,weekend,Organic Eggs,General,3,23.33,69.99,277.7
362,2024-01-22,evening,25,male,weekend,Organic Carrots,General,3,171.82,515.46,241.29
362,2024-01-22,afternoon,23,male,daily_needs,Organic Flour,General,4,725.47,2901.88,241.29
362,2024-01-22,morning,31,female,daily_needs,Organic Flour,General,3,357.78,1073.34,241.29
362,2024-01-22,morning,54,female,weekend,Organic Oil,General,2,873.32,1746.64,241.29
363,2024-03-21,morning,73,female,weekend,Organic Tomatoes,General,3,413.92,1241.76,316.47
363,2024-03-21,evening,21,female,holiday,Organic Oil,General,5,924.21,4621.05,316.47
363,2024-03-21,evening,18,female,daily_needs,Organic Cheese,General,1,168.27,168.27,316.47
364,2024-01-25,afternoon,20,male,holiday,Organic Butter,General,2,498.94,997.88,474.52
364,2024-01-25,evening,68,male,daily_needs,Organic Bread,General,4,175.19,700.76,474.52
365,2024-02-01,morning,74,female,daily_needs,Organic Cheese,General,4,917.57,3670.28,271.82
365,2024-02-01,afternoon,45,female,holiday,Organic Beans,General,5,862.72,4313.6,271.82
366,2024-03-15,afternoon,52,female,holiday,Organic Rice,General,4,757.51,3030.04,333.43
366,2024-03-15,morning,80,female,weekend,Organic Butter,General,5,210.0,1050.0,333.43
366,2024-03-15,morning,30,female,weekend,Organic Milk,General,4,173.84,695.36,333.43
367,2024-02-21,evening,34,male,holiday,Organic Milk,General,2,416.25,832.5,269.08
367,2024-02-21,afternoon,59,male,daily_needs,Organic Tomatoes,General,2,94.13,188.26,269.08
367,2024-02-21,morning,75,male,daily_needs,Organic Cheese,General,4,604.94,2419.76,269.08
367,2024-02-21,afternoon,33,female,daily_needs,Organic Oil,General,2,563.49,1126.98,269.08
368,2024-03-09,morning,30,male,holiday,Organic Milk,General,1,521.85,521.85,142.16
368,2024-03-09,afternoon,35,male,daily_needs,Organic Carrots,General,4,152.47,609.88,142.16
369,2024-01-08,evening,32,female,daily_needs,Organic Lettuce,General,1,366.54,366.54,409.96
370,2024-03-26,evening,48,male,weekend,Organic Cheese,General,2,274.89,549.78,134.63
370,2024-03-26,afternoon,55,male,daily_needs,Organic Honey,General,4,779.4,3117.6,134.63
371,2024-01-02,morning,33,female,weekend,Organic Tomatoes,General,3,409.23,1227.69,480.23
371,2024-01-02,afternoon,76,male,daily_needs,Organic Eggs,General,4,561.15,2244.6,480.23
371,2024-01-02,evening,26,male,weekend,Organic Lettuce,General,5,993.27,4966.35,480.23
371,2024-01-02,morning,73,female,holiday,Organic Lettuce,General,2,350.6,701.2,480.23
372,2024-02-23,morning,21,female,daily_needs,Organic Lettuce,General,3,869.12,2607.36,437.74
372,2024-02-23,evening,49,male,weekend,Organic Apples,General,5,886.59,4432.95,437.74
373,2024-01-09,evening,57,female,holiday,Organic Milk,General,2,869.91,1739.82,269.06
374,2024-02-20,afternoon,21,male,weekend,Organic Yogurt,General,1,767.54,767.54,322.86
374,2024-02-20,evening,77,male,daily_needs,Organic Eggs,General,1,453.67,453.67,322.86
374,2024-02-20,morning,48,male,daily_needs,Organic Yogurt,General,4,101.1,404.4,322.86
374,2024-02-20,afternoon,66,male,holiday,Organic Tomatoes,General,2,626.74,1253.48,322.86
375,2024-03-18,morning,76,male,weekend,Organic Flour,General,4,193.54,774.16,418.44
375,2024-03-18,afternoon,18,male,holiday,Organic Oil,General,3,502.59,1507.77,418.44
376,2024-03-06,evening,46,male,daily_needs,Organic Carrots,General,2,472.61,945.22,313.18
376,2024-03-06,afternoon,78,male,daily_needs,Organic Butter,General,2,189.46,378.92,313.18
376,2024-03-06,evening,47,male,weekend,Organic Eggs,General,1,129.89,129.89,313.18
377,2024-03-16,evening,61,female,weekend,Organic Beans,General,3,305.81,917.43,356.35
377,2024-03-16,evening,52,female,weekend,Organic Milk,General,5,282.9,1414.5,356.35
378,2024-03-10,morning,48,male,holiday,Organic Eggs,General,4,232.35,929.4,264.44
379,2024-03-17,afternoon,71,female,weekend,Organic Honey,General,3,655.36,1966.08,212.06
379,2024-03-17,afternoon,52,male,holiday,Organic Cheese,General,3,57.92,173.76,212.06
380,2024-03-04,morning,57,male,holiday,Organic Carrots,General,1,454.92,454.92,157.92
380,2024-03-04,evening,74,male,daily_needs,Organic Beans,General,3,991.55,2974.65,157.92
380,2024-03-04,evening,50,male,weekend,Organic Carrots,General,2,251.75,503.5,157.92
380,2024-03-04,afternoon,61,female,holiday,Organic Bread,General,3,38.02,114.06,157.92
381,2024-01-07,afternoon,43,male,daily_needs,Organic Oil,General,5,683.63,3418.15,495.59
382,2024-01-27,morning,18,female,daily_needs,Organic Apples,General,4,73.47,293.88,326.82
382,2024-01-27,morning,42,female,daily_needs,Organic Beans,General,4,410.64,1642.56,326.82
382,2024-01-27,morning,32,male,weekend,Organic Lettuce,General,3,71.44,214.32,326.82
383,2024-03-11,morning,24,male,daily_needs,Organic Cheese,General,1,697.28,697.28,148.43
383,2024-03-11,evening,36,female,weekend,Organic Oil,General,3,65.28,195.84,148.43
384,2024-01-15,morning,53,male,holiday,Organic Oil,General,1,25.57,25.57,432.02
384,2024-01-15,afternoon,44,female,daily_needs,Organic Honey,General,3,174.15,522.45,432.02
384,2024-01-15,afternoon,32,female,holiday,Organic Milk,General,1,482.41,482.41,432.02
385,2024-02-25,afternoon,29,female,daily_needs,Organic Carrots,General,1,167.07,167.07,174.29
385,2024-02-25,evening,68,female,weekend,Organic Lettuce,General,1,408.92,408.92,174.29
386,2024-02-11,morning,28,female,holiday,Organic Apples,General,2,379.01,758.02,278.3
386,2024-02-11,afternoon,36,male,holiday,Organic Eggs,General,5,62.97,314.85,278.3
386,2024-02-11,afternoon,23,female,weekend,Organic Carrots,General,2,145.93,291.86,278.3
386,2024-02-11,afternoon,73,female,holiday,Organic Beans,General,3,179.95,539.85,278.3
387,2024-01-16,evening,47,male,weekend,Organic Flour,General,5,864.63,4323.15,139.45
387,2024-01-16,morning,38,male,daily_needs,Organic Lettuce,General,3,179.23,537.69,139.45
387,2024-01-16,afternoon,25,male,weekend,Organic Rice,General,5,325.52,1627.6,139.45
388,2024-02-16,afternoon,46,male,daily_needs,Organic Oil,General,2,454.8,909.6,469.24
388,2024-02-16,afternoon,75,female,daily_needs,Organic Butter,General,1,688.75,688.75,469.24
388,2024-02-16,afternoon,56,female,weekend,Organic Oil,General,3,661.56,1984.68,469.24
389,2024-03-10,afternoon,65,male,daily_needs,Organic Eggs,General,1,894.93,894.93,359.81
389,2024-03-10,morning,77,female,weekend,Organic Oil,General,1,472.28,472.28,359.81
389,2024-03-10,afternoon,24,male,holiday,Organic Oil,General,1,131.09,131.09,359.81
390,2024-03-27,afternoon,31,male,daily_needs,Organic Honey,General,5,638.84,3194.2,359.99
390,2024-03-27,afternoon,28,male,daily_needs,Organic Milk,General,4,595.39,2381.56,359.99
391,2024-02-15,afternoon,18,male,daily_needs,Organic Butter,General,1,672.39,672.39,440.83
391,2024-02-15,evening,76,female,weekend,Organic Flour,General,2,785.52,1571.04,440.83
391,2024-02-15,evening,21,female,holiday,Organic Flour,General,2,854.76,1709.52,440.83
391,2024-02-15,morning,25,female,weekend,Organic Carrots,General,3,767.06,2301.18,440.83
392,2024-01-23,evening,63,male,daily_needs,Organic Eggs,General,4,330.76,1323.04,216.66
392,2024-01-23,afternoon,78,female,daily_needs,Organic Eggs,General,5,162.94,814.7,216.66
392,2024-01-23,morning,78,male,holiday,Organic Bread,General,3,143.77,431.31,216.66
393,2024-01-10,afternoon,76,female,weekend,Organic Tomatoes,General,2,528.15,1056.3,479.71
394,2024-03-17,morning,58,female,holiday,Organic Apples,General,2,293.5,587.0,375.78
394,2024-03-17,afternoon,38,male,daily_needs,Organic Flour,General,4,300.89,1203.56,375.78
394,2024-03-17,afternoon,38,male,daily_needs,Organic Lettuce,General,4,757.02,3028.08,375.78
395,2024-02-04,morning,45,male,weekend,Organic Honey,General,3,121.33,363.99,376.41
395,2024-02-04,morning,48,male,daily_needs,Organic Honey,General,3,647.95,1943.85,376.41
395,2024-02-04,evening,74,male,holiday,Organic Lettuce,General,1,947.55,947.55,376.41
396,2024-03-10,evening,48,female,holiday,Organic Flour,General,3,463.81,1391.43,250.3
397,2024-01-15,morning,35,male,holiday,Organic Honey,General,3,641.32,1923.96,486.76
397,2024-01-15,evening,36,female,weekend,Organic Flour,General,4,255.64,1022.56,486.76
398,2024-02-04,afternoon,59,female,daily_needs,Organic Bread,General,5,488.26,2441.3,137.51
398,2024-02-04,afternoon,50,female,daily_needs,Organic Flour,General,3,839.95,2519.85,137.51
399,2024-01-10,afternoon,21,female,daily_needs,Organic Beans,General,5,229.98,1149.9,107.42
399,2024-01-10,evening,25,female,holiday,Organic Bread,General,5,580.85,2904.25,107.42
399,2024-01-10,afternoon,35,male,holiday,Organic Butter,General,3,185.77,557.31,107.42
399,2024-01-10,morning,38,female,daily_needs,Organic Butter,General,3,493.43,1480.29,107.42
400,2024-03-14,evening,22,female,weekend,Organic Rice,General,2,402.76,805.52,302.13
400,2024-03-14,afternoon,78,male,holiday,Organic Oil,General,5,613.49,3067.45,302.13
401,2024-01-23,morning,45,male,daily_needs,Organic Butter,General,3,864.6,2593.8,114.09
401,2024-01-23,evening,64,female,daily_needs,Organic Rice,General,4,522.54,2090.16,114.09
401,2024-01-23,evening,19,male,weekend,Organic Yogurt,General,2,107.25,214.5,114.09
402,2024-01-16,evening,70,male,weekend,Organic Oil,General,5,345.59,1727.95,155.82
402,2024-01-16,evening,27,male,daily_needs,Organic Carrots,General,1,201.67,201.67,155.82
403,2024-02-19,afternoon,26,female,daily_needs,Organic Flour,General,2,528.72,1057.44,237.61
403,2024-02-19,afternoon,25,female,daily_needs,Organic Rice,General,4,705.32,2821.28,237.61
403,2024-02-19,afternoon,23,male,weekend,Organic Beans,General,2,506.87,1013.74,237.61
403,2024-02-19,evening,49,male,daily_needs,Organic Carrots,General,3,657.55,1972.65,237.61
404,2024-01-30,afternoon,29,male,holiday,Organic Oil,General,3,727.98,2183.94,104.75
404,2024-01-30,afternoon,29,male,weekend,Organic Butter,General,2,898.46,1796.92,104.75
404,2024-01-30,afternoon,25,female,holiday,Organic Yogurt,General,4,84.2,336.8,104.75
404,2024-01-30,evening,57,female,daily_needs,Organic Milk,General,1,977.98,977.98,104.75
405,2024-03-25,evening,26,female,daily_needs,Organic Flour,General,1,866.25,866.25,329.87
405,2024-03-25,afternoon,62,female,weekend,Organic Butter,General,5,239.26,1196.3,329.87
405,2024-03-25,afternoon,60,male,weekend,Organic Carrots,General,4,593.27,2373.08,329.87
406,2024-02-28,morning,51,male,weekend,Organic Honey,General,1,145.11,145.11,159.44
406,2024-02-28,morning,38,male,daily_needs,Organic Honey,General,1,254.59,254.59,159.44
407,2024-01-27,morning,19,female,weekend,Organic Carrots,General,3,946.63,2839.89,370.56
408,2024-01-23,afternoon,80,female,holiday,Organic Flour,General,3,717.24,2151.72,450.74
408,2024-01-23,morning,31,male,holiday,Organic Apples,General,2,243.58,487.16,450.74
408,2024-01-23,morning,76,male,holiday,Organic Cheese,General,2,533.25,1066.5,450.74
409,2024-02-11,morning,78,female,daily_needs,Organic Butter,General,1,263.58,263.58,104.77
409,2024-02-11,evening,80,female,holiday,Organic Oil,General,4,959.61,3838.44,104.77
409,2024-02-11,morning,48,male,daily_needs,Organic Carrots,General,1,435.77,435.77,104.77
409,2024-02-11,evening,53,male,daily_needs,Organic Bread,General,1,525.55,525.55,104.77
410,2024-03-20,afternoon,22,female,daily_needs,Organic Butter,General,2,93.02,186.04,279.66
410,2024-03-20,evening,37,female,holiday,Organic Butter,General,5,567.93,2839.65,279.66
411,2024-02-01,morning,46,female,holiday,Organic Cheese,General,2,552.86,1105.72,138.29
412,2024-01-27,morning,60,female,holiday,Organic Eggs,General,4,185.67,742.68,436.93
412,2024-01-27,afternoon,37,male,weekend,Organic Flour,General,4,884.69,3538.76,436.93
412,2024-01-27,morning,18,female,daily_needs,Organic Oil,General,3,335.47,1006.41,436.93
412,2024-01-27,evening,51,male,daily_needs,Organic Oil,General,3,560.73,1682.19,436.93
413,2024-01-13,evening,19,male,holiday,Organic Honey,General,2,527.12,1054.24,228.8
414,2024-01-18,afternoon,48,male,weekend,Organic Yogurt,General,4,741.59,2966.36,187.67
414,2024-01-18,morning,41,female,weekend,Organic Lettuce,General,3,886.57,2659.71,187.67
414,2024-01-18,morning,31,male,weekend,Organic Beans,General,1,393.7,393.7,187.67
415,2024-02-23,morning,59,female,daily_needs,Organic Beans,General,2,108.8,217.6,329.23
415,2024-02-23,morning,63,female,holiday,Organic Lettuce,General,1,989.42,989.42,329.23
415,2024-02-23,evening,39,female,holiday,Organic Carrots,General,1,603.07,603.07,329.23
415,2024-02-23,afternoon,31,male,daily_needs,Organic Eggs,General,1,245.76,245.76,329.23
416,2024-03-04,afternoon,18,male,weekend,Organic Butter,General,2,46.93,93.86,139.01
417,2024-03-09,morning,75,male,weekend,Organic Oil,General,3,527.01,1581.03,118.03
417,2024-03-09,morning,69,male,weekend,Organic Apples,General,3,459.79,1379.37,118.03
418,2024-03-29,morning,37,female,holiday,Organic Eggs,General,4,258.96,1035.84,244.07
418,2024-03-29,afternoon,21,female,weekend,Organic Flour,General,2,584.02,1168.04,244.07
418,2024-03-29,evening,19,female,holiday,Organic Oil,General,2,396.9,793.8,244.07
419,2024-02-26,morning,19,female,daily_needs,Organic Oil,General,1,628.97,628.97,290.67
420,2024-03-25,morning,38,female,daily_needs,Organic Oil,General,5,116.74,583.7,341.8
421,2024-02-23,afternoon,38,female,weekend,Organic Rice,General,4,998.92,3995.68,397.65
421,2024-02-23,evening,52,male,holiday,Organic Cheese,General,3,308.54,925.62,397.65
421,2024-02-23,morning,20,female,weekend,Organic Tomatoes,General,3,906.1,2718.3,397.65
422,2024-02-17,afternoon,48,female,daily_needs,Organic Butter,General,2,67.53,135.06,391.74
422,2024-02-17,evening,49,female,holiday,Organic Rice,General,5,685.96,3429.8,391.74
422,2024-02-17,morning,77,male,daily_needs,Organic Carrots,General,3,866.81,2600.43,391.74
423,2024-01-11,morning,40,male,weekend,Organic Honey,General,4,38.72,154.88,128.86
423,2024-01-11,afternoon,68,female,weekend,Organic Milk,General,3,528.76,1586.28,128.86
423,2024-01-11,morning,80,male,daily_needs,Organic Tomatoes,General,3,56.66,169.98,128.86
424,2024-02-07,afternoon,72,female,weekend,Organic Butter,General,4,397.34,1589.36,416.77
424,2024-02-07,afternoon,64,female,weekend,Organic Apples,General,3,418.16,1254.48,416.77
424,2024-02-07,afternoon,75,male,weekend,Organic Bread,General,4,151.86,607.44,416.77
424,2024-02-07,afternoon,45,male,daily_needs,Organic Carrots,General,5,58.73,293.65,416.77
425,2024-03-01,evening,23,male,holiday,Organic Lettuce,General,2,674.24,1348.48,142.71
425,2024-03-01,afternoon,40,male,holiday,Organic Honey,General,3,78.68,236.04,142.71
425,2024-03-01,evening,25,female,holiday,Organic Milk,General,5,42.05,210.25,142.71
426,2024-01-31,afternoon,78,male,weekend,Organic Flour,General,1,780.36,780.36,202.69
427,2024-03-21,evening,35,female,weekend,Organic Flour,General,4,880.53,3522.12,427.42
427,2024-03-21,morning,58,male,holiday,Organic Oil,General,2,781.36,1562.72,427.42
427,2024-03-21,morning,62,male,daily_needs,Organic Butter,General,4,413.96,1655.84,427.42
427,2024-03-21,morning,28,female,weekend,Organic Bread,General,1,425.03,425.03,427.42
428,2024-02-02,afternoon,42,female,weekend,Organic Milk,General,5,614.8,3074.0,403.64
428,2024-02-02,afternoon,61,female,daily_needs,Organic Honey,General,5,243.37,1216.85,403.64
428,2024-02-02,evening,75,male,daily_needs,Organic Flour,General,2,866.67,1733.34,403.64
429,2024-03-21,afternoon,78,female,weekend,Organic Oil,General,5,820.68,4103.4,162.85
429,2024-03-21,evening,47,female,holiday,Organic Lettuce,General,3,917.14,2751.42,162.85
430,2024-02-08,morning,74,male,holiday,Organic Honey,General,3,396.8,1190.4,440.29
430,2024-02-08,evening,34,female,daily_needs,Organic Oil,General,5,171.57,857.85,440.29
430,2024-02-08,evening,36,female,holiday,Organic Tomatoes,General,4,756.91,3027.64,440.29
431,2024-03-02,evening,58,female,weekend,Organic Beans,General,3,856.63,2569.89,288.01
431,2024-03-02,morning,46,male,weekend,Organic Carrots,General,3,859.34,2578.02,288.01
431,2024-03-02,afternoon,25,male,holiday,Organic Cheese,General,1,434.99,434.99,288.01
431,2024-03-02,evening,54,female,weekend,Organic Cheese,General,4,810.6,3242.4,288.01
432,2024-02-25,evening,78,female,daily_needs,Organic Rice,General,5,99.98,499.9,148.2
432,2024-02-25,morning,75,female,daily_needs,Organic Bread,General,3,143.66,430.98,148.2
432,2024-02-25,evening,60,male,daily_needs,Organic Cheese,General,4,867.38,3469.52,148.2
432,2024-02-25,afternoon,72,male,holiday,Organic Beans,General,3,432.05,1296.15,148.2
433,2024-02-27,evening,25,male,holiday,Organic Milk,General,4,738.99,2955.96,185.02
433,2024-02-27,evening,55,female,weekend,Organic Tomatoes,General,3,858.61,2575.83,185.02
433,2024-02-27,afternoon,48,female,daily_needs,Organic Eggs,General,1,368.33,368.33,185.02
434,2024-02-27,morning,26,female,holiday,Organic Tomatoes,General,1,372.78,372.78,485.08
434,2024-02-27,afternoon,57,female,daily_needs,Organic Honey,General,5,698.13,3490.65,485.08
434,2024-02-27,evening,38,female,weekend,Organic Apples,General,3,401.65,1204.95,485.08
434,2024-02-27,evening,31,female,weekend,Organic Oil,General,3,935.12,2805.36,485.08
435,2024-03-11,afternoon,39,female,holiday,Organic Honey,General,4,402.57,1610.28,433.38
435,2024-03-11,evening,44,male,daily_needs,Organic Flour,General,3,696.05,2088.15,433.38
435,2024-03-11,morning,18,female,daily_needs,Organic Butter,General,3,952.97,2858.91,433.38
436,2024-01-02,morning,48,female,daily_needs,Organic Yogurt,General,2,485.31,970.62,328.71
436,2024-01-02,evening,50,female,daily_needs,Organic Rice,General,5,589.45,2947.25,328.71
436,2024-01-02,afternoon,71,male,holiday,Organic Oil,General,4,820.57,3282.28,328.71
436,2024-01-02,morning,33,female,weekend,Organic Beans,General,5,549.5,2747.5,328.71
437,2024-03-22,afternoon,45,female,weekend,Organic Yogurt,General,2,648.6,1297.2,408.11
437,2024-03-22,afternoon,30,female,daily_needs,Organic Tomatoes,General,4,611.09,2444.36,408.11
438,2024-02-20,afternoon,40,male,weekend,Organic Cheese,General,4,687.15,2748.6,202.42
439,2024-02-05,morning,44,female,holiday,Organic Lettuce,General,5,129.46,647.3,177.22
439,2024-02-05,evening,45,female,daily_needs,Organic Flour,General,4,806.76,3227.04,177.22
439,2024-02-05,afternoon,56,male,weekend,Organic Tomatoes,General,1,400.43,400.43,177.22
439,2024-02-05,morning,40,female,holiday,Organic Cheese,General,5,80.74,403.7,177.22
440,2024-03-20,morning,21,female,holiday,Organic Tomatoes,General,1,533.41,533.41,178.67
440,2024-03-20,evening,37,male,daily_needs,Organic Carrots,General,4,313.66,1254.64,178.67
441,2024-01-23,evening,73,male,weekend,Organic Butter,General,3,115.72,347.16,101.51
441,2024-01-23,evening,42,female,holiday,Organic Butter,General,1,135.62,135.62,101.51
441,2024-01-23,evening,29,female,weekend,Organic Oil,General,3,58.64,175.92,101.51
441,2024-01-23,morning,24,male,holiday,Organic Cheese,General,5,907.57,4537.85,101.51
442,2024-02-03,afternoon,55,female,daily_needs,Organic Lettuce,General,2,46.94,93.88,175.43
442,2024-02-03,morning,54,male,weekend,Organic Butter,General,4,984.19,3936.76,175.43
442,2024-02-03,evening,45,female,daily_needs,Organic Carrots,General,5,948.5,4742.5,175.43
442,2024-02-03,afternoon,70,male,holiday,Organic Honey,General,2,726.59,1453.18,175.43
443,2024-02-15,morning,51,female,weekend,Organic Carrots,General,4,725.12,2900.48,196.53
443,2024-02-15,evening,53,female,daily_needs,Organic Rice,General,2,29.53,59.06,196.53
443,2024-02-15,evening,29,female,weekend,Organic Beans,General,2,690.11,1380.22,196.53
444,2024-01-11,evening,31,male,weekend,Organic Apples,General,3,65.65,196.95,436.57
444,2024-01-11,afternoon,30,male,weekend,Organic Cheese,General,5,614.2,3071.0,436.57
444,2024-01-11,afternoon,73,female,holiday,Organic Beans,General,5,261.16,1305.8,436.57
444,2024-01-11,afternoon,27,female,holiday,Organic Rice,General,4,767.05,3068.2,436.57
445,2024-03-03,evening,50,female,holiday,Organic Lettuce,General,2,857.93,1715.86,487.01
445,2024-03-03,afternoon,28,female,weekend,Organic Eggs,General,4,792.68,3170.72,487.01
446,2024-02-19,morning,36,male,weekend,Organic Bread,General,2,604.87,1209.74,446.48
447,2024-02-18,morning,71,female,daily_needs,Organic Rice,General,3,496.36,1489.08,129.72
447,2024-02-18,evening,21,male,daily_needs,Organic Eggs,General,1,278.6,278.6,129.72
447,2024-02-18,evening,75,male,weekend,Organic Beans,General,1,575.44,575.44,129.72
448,2024-01-18,morning,68,male,weekend,Organic Tomatoes,General,2,433.89,867.78,275.12
448,2024-01-18,morning,36,female,daily_needs,Organic Beans,General,3,331.49,994.47,275.12
448,2024-01-18,morning,55,male,weekend,Organic Carrots,General,1,668.49,668.49,275.12
449,2024-01-04,evening,38,female,weekend,Organic Bread,General,4,846.48,3385.92,481.76
450,2024-01-12,afternoon,21,male,holiday,Organic Rice,General,1,987.36,987.36,377.22
450,2024-01-12,afternoon,54,male,daily_needs,Organic Oil,General,4,372.27,1489.08,377.22
451,2024-01-04,morning,18,male,daily_needs,Organic Rice,General,4,228.85,915.4,185.23
451,2024-01-04,evening,48,male,daily_needs,Organic Flour,General,1,115.75,115.75,185.23
451,2024-01-04,afternoon,54,male,weekend,Organic Apples,General,1,830.54,830.54,185.23
451,2024-01-04,evening,57,male,daily_needs,Organic Rice,General,3,35.24,105.72,185.23
452,2024-01-01,morning,31,female,weekend,Organic Eggs,General,5,437.83,2189.15,261.14
452,2024-01-01,morning,76,female,daily_needs,Organic Eggs,General,2,354.56,709.12,261.14
452,2024-01-01,evening,20,female,weekend,Organic Lettuce,General,1,833.45,833.45,261.14
452,2024-01-01,evening,72,male,daily_needs,Organic Eggs,General,3,71.54,214.62,261.14
453,2024-02-10,morning,63,male,holiday,Organic Milk,General,5,967.67,4838.35,457.7
453,2024-02-10,evening,44,male,daily_needs,Organic Cheese,General,4,608.42,2433.68,457.7
454,2024-01-25,afternoon,49,female,weekend,Organic Tomatoes,General,3,271.54,814.62,300.97
454,2024-01-25,afternoon,42,male,weekend,Organic Cheese,General,3,28.07,84.21,300.97
454,2024-01-25,afternoon,28,male,weekend,Organic Bread,General,3,761.98,2285.94,300.97
455,2024-02-19,evening,65,female,daily_needs,Organic Beans,General,4,350.76,1403.04,203.14
455,2024-02-19,morning,65,male,weekend,Organic Beans,General,4,127.18,508.72,203.14
455,2024-02-19,morning,37,male,weekend,Organic Tomatoes,General,3,965.22,2895.66,203.14
456,2024-01-03,evening,49,female,weekend,Organic Oil,General,4,61.2,244.8,168.16
457,2024-03-03,afternoon,74,male,weekend,Organic Eggs,General,3,109.58,328.74,219.6
457,2024-03-03,afternoon,65,male,holiday,Organic Oil,General,3,770.44,2311.32,219.6
457,2024-03-03,evening,43,female,holiday,Organic Tomatoes,General,5,548.04,2740.2,219.6
457,2024-03-03,evening,40,male,daily_needs,Organic Milk,General,1,242.78,242.78,219.6
458,2024-03-26,morning,44,female,holiday,Organic Cheese,General,1,307.45,307.45,201.91
458,2024-03-26,afternoon,64,male,weekend,Organic Apples,General,1,456.38,456.38,201.91
458,2024-03-26,afternoon,60,male,weekend,Organic Honey,General,1,63.21,63.21,201.91
458,2024-03-26,evening,22,female,daily_needs,Organic Bread,General,3,585.25,1755.75,201.91
459,2024-01-20,evening,65,female,weekend,Organic Bread,General,1,689.51,689.51,225.16
459,2024-01-20,morning,73,female,daily_needs,Organic Milk,General,1,48.71,48.71,225.16
460,2024-03-04,morning,23,female,weekend,Organic Beans,General,1,716.15,716.15,314.75
460,2024-03-04,morning,18,female,weekend,Organic Yogurt,General,3,195.44,586.32,314.75
460,2024-03-04,afternoon,80,female,weekend,Organic Cheese,General,4,120.59,482.36,314.75
460,2024-03-04,evening,45,female,weekend,Organic Beans,General,1,444.8,444.8,314.75
461,2024-03-03,evening,23,male,daily_needs,Organic Yogurt,General,2,313.41,626.82,445.65
461,2024-03-03,afternoon,31,male,holiday,Organic Butter,General,2,128.53,257.06,445.65
462,2024-01-21,morning,65,female,holiday,Organic Cheese,General,5,237.61,1188.05,269.13
462,2024-01-21,afternoon,76,female,holiday,Organic Tomatoes,General,5,684.31,3421.55,269.13
462,2024-01-21,morning,28,male,weekend,Organic Butter,General,5,812.24,4061.2,269.13
462,2024-01-21,afternoon,62,female,holiday,Organic Oil,General,4,599.08,2396.32,269.13
463,2024-03-09,morning,29,male,weekend,Organic Beans,General,4,801.65,3206.6,124.33
464,2024-01-28,morning,65,male,holiday,Organic Yogurt,General,1,165.75,165.75,296.36
464,2024-01-28,evening,20,male,weekend,Organic Flour,General,2,723.33,1446.66,296.36
464,2024-01-28,evening,59,female,holiday,Organic Carrots,General,4,81.02,324.08,296.36
464,2024-01-28,afternoon,77,female,holiday,Organic Milk,General,5,123.5,617.5,296.36
465,2024-01-16,afternoon,75,female,daily_needs,Organic Bread,General,4,168.64,674.56,329.02
465,2024-01-16,afternoon,52,female,holiday,Organic Carrots,General,4,858.76,3435.04,329.02
465,2024-01-16,morning,26,female,daily_needs,Organic Flour,General,4,523.16,2092.64,329.02
465,2024-01-16,morning,77,male,daily_needs,Organic Butter,General,2,194.23,388.46,329.02
466,2024-02-05,morning,69,male,weekend,Organic Butter,General,3,37.97,113.91,275.68
466,2024-02-05,afternoon,70,male,holiday,Organic Flour,General,5,508.06,2540.3,275.68
466,2024-02-05,morning,70,male,holiday,Organic Oil,General,3,894.19,2682.57,275.68
467,2024-01-08,evening,18,female,weekend,Organic Milk,General,5,307.02,1535.1,214.88
468,2024-01-31,morning,66,male,weekend,Organic Bread,General,1,240.64,240.64,424.77
468,2024-01-31,evening,63,female,daily_needs,Organic Rice,General,5,617.04,3085.2,424.77
469,2024-03-21,morning,42,female,holiday,Organic Flour,General,2,480.9,961.8,349.53
469,2024-03-21,morning,36,female,weekend,Organic Oil,General,5,977.98,4889.9,349.53
469,2024-03-21,evening,71,female,holiday,Organic Yogurt,General,2,76.53,153.06,349.53
469,2024-03-21,afternoon,18,male,weekend,Organic Honey,General,5,585.41,2927.05,349.53
470,2024-01-21,afternoon,34,female,daily_needs,Organic Carrots,General,1,691.92,691.92,407.18
470,2024-01-21,afternoon,76,male,daily_needs,Organic Oil,General,5,554.51,2772.55,407.18
470,2024-01-21,afternoon,76,female,weekend,Organic Eggs,General,4,225.56,902.24,407.18
470,2024-01-21,evening,50,male,holiday,Organic Eggs,General,2,495.02,990.04,407.18
471,2024-01-04,morning,50,male,holiday,Organic Milk,General,1,455.52,455.52,237.79
471,2024-01-04,morning,29,male,weekend,Organic Rice,General,2,962.82,1925.64,237.79
471,2024-01-04,afternoon,22,female,weekend,Organic Oil,General,1,134.72,134.72,237.79
471,2024-01-04,afternoon,28,female,weekend,Organic Lettuce,General,1,804.96,804.96,237.79
472,2024-03-11,evening,66,female,daily_needs,Organic Rice,General,3,139.64,418.92,493.35
472,2024-03-11,evening,65,male,holiday,Organic Honey,General,3,106.04,318.12,493.35
472,2024-03-11,morning,40,male,weekend,Organic Lettuce,General,2,41.62,83.24,493.35
472,2024-03-11,evening,77,male,weekend,Organic Eggs,General,1,977.98,977.98,493.35
473,2024-02-17,afternoon,45,male,daily_needs,Organic Beans,General,2,483.37,966.74,380.06
474,2024-01-19,evening,54,female,weekend,Organic Carrots,General,5,476.16,2380.8,344.7
474,2024-01-19,morning,54,male,holiday,Organic Milk,General,2,853.76,1707.52,344.7
474,2024-01-19,evening,21,female,daily_needs,Organic Milk,General,4,214.72,858.88,344.7
474,2024-01-19,morning,46,male,daily_needs,Organic Eggs,General,1,219.51,219.51,344.7
475,2024-01-27,evening,23,male,holiday,Organic Milk,General,5,988.7,4943.5,127.81
475,2024-01-27,morning,75,female,weekend,Organic Butter,General,3,872.24,2616.72,127.81
475,2024-01-27,afternoon,37,male,weekend,Organic Milk,General,2,102.36,204.72,127.81
476,2024-02-09,evening,80,female,weekend,Organic Bread,General,5,765.42,3827.1,247.26
476,2024-02-09,evening,55,female,daily_needs,Organic Oil,General,3,393.84,1181.52,247.26
476,2024-02-09,morning,68,male,holiday,Organic Cheese,General,5,559.58,2797.9,247.26
477,2024-03-02,morning,33,male,daily_needs,Organic Carrots,General,1,295.57,295.57,424.18
477,2024-03-02,morning,33,male,holiday,Organic Yogurt,General,5,638.73,3193.65,424.18
477,2024-03-02,morning,24,female,daily_needs,Organic Beans,General,2,337.91,675.82,424.18
477,2024-03-02,evening,64,male,weekend,Organic Tomatoes,General,3,25.65,76.95,424.18
478,2024-02-09,evening,76,female,weekend,Organic Bread,General,5,317.15,1585.75,116.04
478,2024-02-09,afternoon,59,male,weekend,Organic Tomatoes,General,2,474.83,949.66,116.04
479,2024-03-02,afternoon,30,female,holiday,Organic Tomatoes,General,3,221.06,663.18,498.23
479,2024-03-02,morning,51,male,holiday,Organic Beans,General,5,976.58,4882.9,498.23
479,2024-03-02,morning,30,male,daily_needs,Organic Butter,General,4,48.95,195.8,498.23
479,2024-03-02,evening,69,male,weekend,Organic Cheese,General,4,69.37,277.48,498.23
480,2024-03-28,afternoon,24,female,daily_needs,Organic Lettuce,General,1,572.17,572.17,364.09
480,2024-03-28,evening,71,female,daily_needs,Organic Bread,General,4,536.85,2147.4,364.09
480,2024-03-28,evening,29,male,weekend,Organic Yogurt,General,5,399.46,1997.3,364.09
480,2024-03-28,morning,42,female,holiday,Organic Honey,General,5,82.03,410.15,364.09
481,2024-01-21,evening,21,female,holiday,Organic Flour,General,2,382.1,764.2,317.72
481,2024-01-21,afternoon,42,female,holiday,Organic Oil,General,1,433.84,433.84,317.72
481,2024-01-21,morning,61,female,holiday,Organic Apples,General,2,638.67,1277.34,317.72
481,2024-01-21,morning,60,female,holiday,Organic Cheese,General,1,232.6,232.6,317.72
482,2024-01-06,evening,31,female,holiday,Organic Rice,General,1,625.45,625.45,465.65
483,2024-02-14,afternoon,76,female,holiday,Organic Butter,General,1,945.24,945.24,419.33
483,2024-02-14,afternoon,75,male,daily_needs,Organic Eggs,General,4,902.07,3608.28,419.33
483,2024-02-14,afternoon,52,female,holiday,Organic Cheese,General,2,399.15,798.3,419.33
484,2024-01-24,morning,22,male,weekend,Organic Rice,General,4,752.74,3010.96,266.01
485,2024-01-08,evening,56,female,holiday,Organic Honey,General,3,238.12,714.36,109.72
485,2024-01-08,afternoon,64,male,holiday,Organic Carrots,General,4,533.56,2134.24,109.72
485,2024-01-08,evening,67,female,holiday,Organic Oil,General,2,450.04,900.08,109.72
486,2024-01-17,evening,74,female,daily_needs,Organic Eggs,General,1,346.96,346.96,481.87
486,2024-01-17,afternoon,52,male,daily_needs,Organic Honey,General,4,216.28,865.12,481.87
486,2024-01-17,morning,36,male,daily_needs,Organic Flour,General,4,675.28,2701.12,481.87
486,2024-01-17,afternoon,80,male,weekend,Organic Cheese,General,5,610.24,3051.2,481.87
487,2024-02-02,morning,71,male,weekend,Organic Yogurt,General,2,460.59,921.18,388.96
487,2024-02-02,morning,40,female,weekend,Organic Bread,General,2,51.39,102.78,388.96
488,2024-02-09,afternoon,51,female,holiday,Organic Oil,General,4,268.01,1072.04,105.42
489,2024-01-15,afternoon,46,female,weekend,Organic Bread,General,2,134.51,269.02,345.78
489,2024-01-15,afternoon,50,female,weekend,Organic Milk,General,2,329.77,659.54,345.78
489,2024-01-15,afternoon,60,female,daily_needs,Organic Eggs,General,3,570.97,1712.91,345.78
490,2024-02-24,afternoon,29,male,holiday,Organic Butter,General,1,994.1,994.1,164.81
490,2024-02-24,evening,44,female,holiday,Organic Eggs,General,1,444.79,444.79,164.81
490,2024-02-24,morning,24,female,weekend,Organic Lettuce,General,2,526.43,1052.86,164.81
490,2024-02-24,afternoon,63,male,holiday,Organic Bread,General,5,535.1,2675.5,164.81
491,2024-01-31,morning,71,female,daily_needs,Organic Apples,General,3,653.96,1961.88,201.15
491,2024-01-31,evening,50,female,daily_needs,Organic Butter,General,4,895.57,3582.28,201.15
492,2024-01-12,morning,41,female,weekend,Organic Cheese,General,3,648.6,1945.8,120.72
493,2024-02-09,afternoon,59,male,holiday,Organic Eggs,General,5,177.71,888.55,158.26
493,2024-02-09,morning,58,female,daily_needs,Organic Honey,General,4,50.83,203.32,158.26
494,2024-01-10,afternoon,44,female,weekend,Organic Honey,General,1,593.76,593.76,273.58
494,2024-01-10,afternoon,56,male,holiday,Organic Oil,General,1,26.23,26.23,273.58
495,2024-03-17,afternoon,43,female,holiday,Organic Butter,General,3,322.73,968.19,477.11
496,2024-02-01,morning,24,female,holiday,Organic Flour,General,3,857.13,2571.39,152.12
497,2024-03-03,evening,62,male,daily_needs,Organic Oil,General,3,197.28,591.84,385.63
497,2024-03-03,afternoon,60,female,holiday,Organic Oil,General,2,75.37,150.74,385.63
497,2024-03-03,morning,28,male,weekend,Organic Bread,General,3,824.54,2473.62,385.63
498,2024-02-21,morning,65,female,daily_needs,Organic Honey,General,5,685.18,3425.9,261.61
499,2024-01-09,afternoon,23,male,holiday,Organic Oil,General,3,20.91,62.73,158.73
500,2024-01-05,afternoon,35,male,daily_needs,Organic Cheese,General,4,909.99,3639.96,202.89
