transaction_id,date,time_of_day,customer_age,customer_gender,occasion,product_name,category,quantity,unit_price,total_item_price,total_spent
1,2024-05-16,morning,67,female,daily_needs,Gloves,General,2,387.15,774.3,195.42
2,2024-03-12,afternoon,19,male,weekend,Belt,General,2,686.36,1372.72,125.27
3,2024-03-13,evening,28,male,weekend,Socks,General,1,819.31,819.31,229.07
3,2024-03-13,evening,30,male,holiday,Scarf,General,4,138.39,553.56,229.07
4,2024-03-28,afternoon,38,male,daily_needs,Scarf,General,3,31.74,95.22,185.11
5,2024-03-29,evening,70,female,holiday,Underwear,General,3,63.06,189.18,454.18
6,2024-04-22,evening,49,male,holiday,Socks,General,5,188.03,940.15,483.61
6,2024-04-22,evening,38,female,holiday,Gloves,General,2,345.41,690.82,483.61
6,2024-04-22,evening,66,female,holiday,Hat,General,1,348.4,348.4,483.61
7,2024-05-17,afternoon,50,male,holiday,Underwear,General,1,247.95,247.95,346.54
7,2024-05-17,morning,37,male,holiday,Scarf,General,2,627.37,1254.74,346.54
7,2024-05-17,morning,26,female,weekend,Dress,General,2,168.64,337.28,346.54
7,2024-05-17,morning,59,male,daily_needs,Gloves,General,5,988.78,4943.9,346.54
8,2024-04-26,morning,35,female,holiday,Shorts,General,1,530.46,530.46,491.03
8,2024-04-26,evening,70,female,daily_needs,Shoes,General,3,355.87,1067.61,491.03
8,2024-04-26,morning,52,male,holiday,Shoes,General,2,615.9,1231.8,491.03
9,2024-04-18,morning,46,male,daily_needs,Belt,General,4,88.59,354.36,176.99
9,2024-04-18,evening,27,male,daily_needs,Jeans,General,2,600.78,1201.56,176.99
9,2024-04-18,morning,33,male,weekend,Skirt,General,4,325.23,1300.92,176.99
10,2024-03-26,afternoon,29,male,weekend,Dress,General,5,459.31,2296.55,354.24
10,2024-03-26,afternoon,73,female,daily_needs,Sweater,General,4,390.16,1560.64,354.24
11,2024-04-30,afternoon,50,female,daily_needs,Belt,General,4,39.41,157.64,252.57
11,2024-04-30,morning,66,female,holiday,Socks,General,2,561.8,1123.6,252.57
11,2024-04-30,morning,34,female,weekend,Dress,General,4,297.56,1190.24,252.57
11,2024-04-30,evening,56,female,daily_needs,Sweater,General,2,720.57,1441.14,252.57
12,2024-03-26,morning,18,male,holiday,Skirt,General,3,501.62,1504.86,470.28
12,2024-03-26,afternoon,80,female,weekend,Hat,General,3,648.23,1944.69,470.28
13,2024-05-15,afternoon,74,male,daily_needs,Scarf,General,5,179.12,895.6,405.18
14,2024-04-02,evening,63,female,holiday,Skirt,General,3,702.53,2107.59,360.36
14,2024-04-02,afternoon,65,male,daily_needs,Hat,General,1,923.04,923.04,360.36
14,2024-04-02,afternoon,58,male,holiday,Polo Shirt,General,2,276.1,552.2,360.36
15,2024-04-28,afternoon,33,male,daily_needs,Jeans,General,1,651.51,651.51,466.75
15,2024-04-28,afternoon,63,male,holiday,Gloves,General,2,878.49,1756.98,466.75
16,2024-03-22,afternoon,62,female,holiday,Socks,General,4,594.36,2377.44,393.57
16,2024-03-22,evening,73,male,daily_needs,Polo Shirt,General,5,781.16,3905.8,393.57
16,2024-03-22,afternoon,70,male,weekend,Skirt,General,2,931.42,1862.84,393.57
16,2024-03-22,afternoon,62,female,daily_needs,Jacket,General,4,21.55,86.2,393.57
17,2024-03-09,evening,44,female,holiday,Scarf,General,2,192.87,385.74,174.56
17,2024-03-09,morning,30,female,daily_needs,Socks,General,1,461.65,461.65,174.56
17,2024-03-09,morning,29,male,daily_needs,Skirt,General,2,813.0,1626.0,174.56
17,2024-03-09,morning,34,female,weekend,Polo Shirt,General,5,127.01,635.05,174.56
18,2024-05-21,morning,36,male,weekend,Jeans,General,3,82.98,248.94,111.87
18,2024-05-21,morning,48,female,holiday,Shorts,General,1,29.32,29.32,111.87
19,2024-04-04,evening,55,male,daily_needs,Shoes,General,5,795.95,3979.75,250.27
20,2024-05-06,afternoon,48,female,holiday,Scarf,General,3,383.37,1150.11,456.06
20,2024-05-06,afternoon,70,male,weekend,Polo Shirt,General,4,390.87,1563.48,456.06
20,2024-05-06,morning,80,female,weekend,Shorts,General,1,23.02,23.02,456.06
21,2024-05-29,evening,71,male,daily_needs,Underwear,General,1,871.63,871.63,211.79
21,2024-05-29,evening,66,male,weekend,Hat,General,5,692.46,3462.3,211.79
21,2024-05-29,afternoon,50,female,holiday,Shoes,General,1,986.46,986.46,211.79
21,2024-05-29,afternoon,19,female,daily_needs,Shorts,General,3,684.37,2053.11,211.79
22,2024-03-30,afternoon,65,male,weekend,Scarf,General,4,987.13,3948.52,442.84
22,2024-03-30,morning,64,female,weekend,Underwear,General,2,717.7,1435.4,442.84
22,2024-03-30,evening,74,male,daily_needs,Hat,General,1,315.32,315.32,442.84
22,2024-03-30,evening,53,female,daily_needs,Gloves,General,4,955.95,3823.8,442.84
23,2024-05-01,morning,31,male,holiday,Skirt,General,1,123.36,123.36,497.34
23,2024-05-01,morning,28,female,weekend,Shorts,General,3,235.97,707.91,497.34
24,2024-04-02,evening,25,male,holiday,Polo Shirt,General,4,108.63,434.52,376.71
24,2024-04-02,morning,77,male,holiday,Sweater,General,4,911.96,3647.84,376.71
24,2024-04-02,evening,65,female,holiday,Polo Shirt,General,5,966.92,4834.6,376.71
24,2024-04-02,afternoon,69,male,daily_needs,Dress,General,1,305.16,305.16,376.71
25,2024-03-15,afternoon,65,male,holiday,Jeans,General,5,380.38,1901.9,441.33
26,2024-04-18,afternoon,21,male,weekend,Scarf,General,3,775.86,2327.58,419.01
27,2024-03-17,morning,43,male,holiday,Belt,General,4,329.61,1318.44,426.46
27,2024-03-17,afternoon,71,male,weekend,Polo Shirt,General,4,164.48,657.92,426.46
28,2024-04-06,evening,60,male,holiday,Sweater,General,3,512.33,1536.99,375.44
28,2024-04-06,afternoon,72,female,holiday,Belt,General,2,505.13,1010.26,375.44
29,2024-04-18,afternoon,27,male,holiday,Gloves,General,2,706.4,1412.8,121.03
30,2024-03-23,evening,43,female,holiday,Gloves,General,2,991.24,1982.48,319.18
30,2024-03-23,afternoon,45,female,weekend,Shorts,General,4,403.24,1612.96,319.18
30,2024-03-23,evening,64,female,weekend,Skirt,General,2,707.09,1414.18,319.18
30,2024-03-23,evening,43,male,daily_needs,Sweater,General,5,868.54,4342.7,319.18
31,2024-03-07,afternoon,59,male,holiday,Jacket,General,4,702.04,2808.16,216.43
31,2024-03-07,morning,31,male,holiday,Shoes,General,1,374.98,374.98,216.43
31,2024-03-07,evening,24,male,weekend,Scarf,General,2,927.47,1854.94,216.43
32,2024-03-13,afternoon,29,male,daily_needs,Socks,General,3,601.52,1804.56,487.89
32,2024-03-13,evening,64,female,daily_needs,T-Shirt,General,1,256.04,256.04,487.89
32,2024-03-13,afternoon,37,male,holiday,Skirt,General,4,780.33,3121.32,487.89
33,2024-05-25,afternoon,73,female,weekend,Polo Shirt,General,4,379.98,1519.92,148.0
34,2024-03-11,afternoon,59,male,daily_needs,Underwear,General,5,987.6,4938.0,291.8
35,2024-05-28,evening,29,female,weekend,Polo Shirt,General,4,312.4,1249.6,150.09
36,2024-04-11,evening,76,male,weekend,Belt,General,1,405.92,405.92,426.99
37,2024-05-07,morning,51,male,daily_needs,Polo Shirt,General,1,197.05,197.05,339.64
37,2024-05-07,morning,18,female,weekend,Jeans,General,1,146.24,146.24,339.64
37,2024-05-07,morning,59,male,daily_needs,Socks,General,3,854.42,2563.26,339.64
37,2024-05-07,morning,23,male,holiday,Dress,General,3,966.95,2900.85,339.64
38,2024-03-22,evening,18,male,weekend,T-Shirt,General,5,906.53,4532.65,217.36
38,2024-03-22,evening,46,male,holiday,Hat,General,3,532.21,1596.63,217.36
38,2024-03-22,afternoon,56,male,holiday,Jeans,General,1,252.36,252.36,217.36
38,2024-03-22,morning,27,female,daily_needs,Jacket,General,5,561.03,2805.15,217.36
39,2024-05-15,afternoon,26,female,daily_needs,Socks,General,3,275.46,826.38,359.91
39,2024-05-15,morning,43,female,daily_needs,Dress,General,4,941.4,3765.6,359.91
39,2024-05-15,morning,52,male,daily_needs,Polo Shirt,General,3,995.45,2986.35,359.91
40,2024-05-29,evening,41,male,weekend,Belt,General,2,330.03,660.06,415.11
40,2024-05-29,afternoon,19,male,daily_needs,Dress,General,1,540.84,540.84,415.11
41,2024-05-27,morning,39,male,weekend,Gloves,General,3,782.51,2347.53,158.53
41,2024-05-27,morning,35,male,daily_needs,Scarf,General,2,391.06,782.12,158.53
41,2024-05-27,morning,68,male,daily_needs,Socks,General,3,597.05,1791.15,158.53
41,2024-05-27,afternoon,24,female,holiday,Underwear,General,3,560.51,1681.53,158.53
42,2024-05-17,morning,28,female,weekend,Jacket,General,3,809.96,2429.88,371.12
43,2024-05-08,afternoon,55,male,weekend,T-Shirt,General,5,718.96,3594.8,363.03
43,2024-05-08,morning,42,female,daily_needs,Gloves,General,3,713.35,2140.05,363.03
43,2024-05-08,morning,61,female,holiday,Hat,General,2,450.18,900.36,363.03
43,2024-05-08,afternoon,69,female,holiday,Dress,General,3,953.56,2860.68,363.03
44,2024-05-06,afternoon,58,male,weekend,Scarf,General,3,848.34,2545.02,353.87
44,2024-05-06,morning,64,male,daily_needs,Jacket,General,5,76.26,381.3,353.87
45,2024-04-06,morning,79,female,holiday,Socks,General,2,490.06,980.12,306.0
45,2024-04-06,evening,74,male,weekend,T-Shirt,General,5,206.38,1031.9,306.0
45,2024-04-06,evening,18,female,holiday,Socks,General,3,259.34,778.02,306.0
45,2024-04-06,evening,60,male,holiday,Hat,General,2,681.03,1362.06,306.0
46,2024-05-07,morning,22,female,daily_needs,Socks,General,3,953.43,2860.29,269.09
46,2024-05-07,afternoon,28,female,daily_needs,Sweater,General,2,835.09,1670.18,269.09
47,2024-03-16,afternoon,48,female,weekend,Shoes,General,1,743.27,743.27,327.54
47,2024-03-16,morning,77,female,holiday,Socks,General,1,936.71,936.71,327.54
47,2024-03-16,evening,72,female,daily_needs,Sweater,General,1,623.22,623.22,327.54
48,2024-04-12,afternoon,24,male,weekend,Gloves,General,2,414.03,828.06,103.55
48,2024-04-12,afternoon,49,male,daily_needs,Socks,General,5,900.54,4502.7,103.55
48,2024-04-12,afternoon,25,female,daily_needs,Jacket,General,3,241.57,724.71,103.55
49,2024-04-20,afternoon,41,female,daily_needs,Socks,General,3,126.52,379.56,275.43
49,2024-04-20,afternoon,28,male,weekend,Skirt,General,4,25.69,102.76,275.43
49,2024-04-20,evening,30,male,daily_needs,Dress,General,1,151.01,151.01,275.43
50,2024-04-23,morning,28,male,weekend,Polo Shirt,General,3,136.42,409.26,295.63
50,2024-04-23,afternoon,69,male,weekend,Shorts,General,4,511.82,2047.28,295.63
50,2024-04-23,evening,71,female,daily_needs,Jeans,General,1,796.86,796.86,295.63
51,2024-03-17,afternoon,50,male,holiday,Shoes,General,1,684.74,684.74,236.86
51,2024-03-17,evening,65,male,weekend,Hat,General,3,296.58,889.74,236.86
52,2024-03-11,morning,57,male,holiday,Socks,General,2,264.48,528.96,406.69
52,2024-03-11,afternoon,62,male,holiday,Belt,General,4,214.44,857.76,406.69
52,2024-03-11,evening,68,male,holiday,Skirt,General,5,618.88,3094.4,406.69
52,2024-03-11,morning,72,male,daily_needs,Jeans,General,2,413.26,826.52,406.69
53,2024-04-05,morning,45,male,holiday,Shoes,General,1,867.06,867.06,252.14
53,2024-04-05,evening,37,male,daily_needs,Sweater,General,4,489.61,1958.44,252.14
54,2024-05-05,evening,21,female,daily_needs,Dress,General,3,294.94,884.82,240.41
54,2024-05-05,afternoon,33,female,daily_needs,Jacket,General,1,20.53,20.53,240.41
54,2024-05-05,evening,65,female,daily_needs,Dress,General,4,294.56,1178.24,240.41
54,2024-05-05,evening,24,female,daily_needs,Dress,General,4,376.31,1505.24,240.41
55,2024-04-08,morning,60,male,holiday,Socks,General,2,344.59,689.18,396.52
56,2024-04-16,morning,59,female,daily_needs,Underwear,General,4,105.49,421.96,142.55
56,2024-04-16,evening,65,male,daily_needs,Underwear,General,2,209.07,418.14,142.55
56,2024-04-16,afternoon,77,male,daily_needs,Socks,General,5,356.04,1780.2,142.55
57,2024-04-30,evening,64,male,daily_needs,Jacket,General,2,429.85,859.7,384.64
57,2024-04-30,evening,80,female,weekend,Hat,General,1,912.63,912.63,384.64
58,2024-03-09,afternoon,51,male,daily_needs,Underwear,General,3,702.77,2108.31,151.57
58,2024-03-09,morning,79,male,holiday,Shoes,General,4,505.13,2020.52,151.57
58,2024-03-09,evening,73,male,daily_needs,Hat,General,5,396.47,1982.35,151.57
58,2024-03-09,afternoon,43,female,daily_needs,Jacket,General,1,176.8,176.8,151.57
59,2024-03-28,evening,47,female,weekend,Belt,General,2,310.44,620.88,207.41
60,2024-03-16,morning,20,male,weekend,T-Shirt,General,2,943.21,1886.42,211.1
60,2024-03-16,morning,35,male,holiday,Shoes,General,2,543.9,1087.8,211.1
61,2024-03-01,evening,56,female,weekend,Jeans,General,5,278.76,1393.8,153.44
61,2024-03-01,evening,36,female,daily_needs,Polo Shirt,General,1,827.45,827.45,153.44
61,2024-03-01,morning,64,female,daily_needs,Dress,General,1,546.64,546.64,153.44
62,2024-05-14,evening,65,female,holiday,Dress,General,5,559.86,2799.3,426.74
63,2024-03-29,afternoon,31,female,daily_needs,Hat,General,2,735.22,1470.44,273.56
63,2024-03-29,morning,75,female,daily_needs,Hat,General,2,470.2,940.4,273.56
63,2024-03-29,morning,30,female,holiday,Jacket,General,3,40.63,121.89,273.56
64,2024-03-21,afternoon,61,male,daily_needs,Jacket,General,1,437.87,437.87,282.01
64,2024-03-21,evening,80,female,daily_needs,Skirt,General,5,154.55,772.75,282.01
65,2024-03-02,afternoon,42,male,daily_needs,Belt,General,1,768.18,768.18,357.79
66,2024-03-06,morning,67,male,weekend,Jacket,General,5,33.23,166.15,486.54
66,2024-03-06,morning,52,female,holiday,Jeans,General,2,156.45,312.9,486.54
67,2024-05-12,morning,37,female,weekend,Jacket,General,2,74.76,149.52,376.82
67,2024-05-12,evening,52,male,daily_needs,Belt,General,1,120.76,120.76,376.82
67,2024-05-12,afternoon,24,female,daily_needs,T-Shirt,General,2,43.52,87.04,376.82
67,2024-05-12,afternoon,42,male,weekend,Polo Shirt,General,3,241.37,724.11,376.82
68,2024-05-27,evening,74,male,weekend,Jacket,General,1,240.03,240.03,482.59
68,2024-05-27,afternoon,40,male,holiday,Sweater,General,1,373.28,373.28,482.59
68,2024-05-27,morning,75,male,holiday,Jacket,General,2,440.06,880.12,482.59
68,2024-05-27,afternoon,56,male,holiday,Scarf,General,2,895.26,1790.52,482.59
69,2024-05-27,evening,70,female,weekend,Gloves,General,1,285.67,285.67,299.7
69,2024-05-27,afternoon,77,female,holiday,Shorts,General,1,793.08,793.08,299.7
69,2024-05-27,morning,67,male,weekend,Jacket,General,4,457.76,1831.04,299.7
70,2024-05-01,morning,54,female,holiday,Dress,General,2,108.64,217.28,497.91
71,2024-03-24,afternoon,38,female,weekend,Hat,General,4,609.71,2438.84,354.64
71,2024-03-24,morning,69,male,weekend,Scarf,General,5,507.16,2535.8,354.64
71,2024-03-24,evening,49,male,weekend,Jeans,General,5,720.62,3603.1,354.64
71,2024-03-24,evening,54,male,holiday,Jeans,General,2,374.48,748.96,354.64
72,2024-03-27,afternoon,53,female,daily_needs,Gloves,General,1,78.39,78.39,239.74
73,2024-03-18,afternoon,27,female,daily_needs,Shoes,General,2,74.75,149.5,155.12
73,2024-03-18,evening,63,male,weekend,Skirt,General,1,702.2,702.2,155.12
73,2024-03-18,afternoon,41,male,holiday,Jeans,General,5,92.29,461.45,155.12
74,2024-05-16,morning,27,female,daily_needs,Jeans,General,2,95.52,191.04,327.67
74,2024-05-16,afternoon,27,male,weekend,Skirt,General,2,753.14,1506.28,327.67
75,2024-05-29,afternoon,44,female,weekend,Shorts,General,1,301.03,301.03,162.35
75,2024-05-29,evening,20,male,holiday,Jacket,General,1,408.46,408.46,162.35
75,2024-05-29,afternoon,61,female,holiday,Skirt,General,3,920.77,2762.31,162.35
76,2024-05-04,evening,32,female,daily_needs,Dress,General,1,531.07,531.07,491.17
76,2024-05-04,morning,65,male,weekend,Underwear,General,1,234.53,234.53,491.17
76,2024-05-04,morning,70,male,holiday,Hat,General,4,326.93,1307.72,491.17
77,2024-05-22,afternoon,28,male,weekend,Polo Shirt,General,4,210.84,843.36,143.36
77,2024-05-22,morning,41,female,daily_needs,Shoes,General,3,179.51,538.53,143.36
77,2024-05-22,morning,22,male,holiday,T-Shirt,General,3,203.99,611.97,143.36
77,2024-05-22,morning,58,male,daily_needs,Dress,General,1,977.13,977.13,143.36
78,2024-05-12,evening,68,female,daily_needs,T-Shirt,General,3,111.35,334.05,223.44
79,2024-04-15,afternoon,50,male,weekend,Shorts,General,4,731.17,2924.68,489.54
79,2024-04-15,evening,61,male,weekend,Scarf,General,5,118.98,594.9,489.54
79,2024-04-15,morning,19,female,weekend,Underwear,General,1,304.32,304.32,489.54
80,2024-03-20,morning,74,male,holiday,Shoes,General,2,811.33,1622.66,361.69
80,2024-03-20,evening,28,female,weekend,Shorts,General,2,352.24,704.48,361.69
80,2024-03-20,afternoon,57,female,daily_needs,Gloves,General,4,254.33,1017.32,361.69
80,2024-03-20,evening,56,male,daily_needs,Underwear,General,4,115.46,461.84,361.69
81,2024-03-02,afternoon,53,male,weekend,Jeans,General,4,327.44,1309.76,473.62
81,2024-03-02,morning,22,female,holiday,Sweater,General,3,107.44,322.32,473.62
82,2024-03-23,afternoon,48,female,weekend,Polo Shirt,General,2,941.03,1882.06,488.67
82,2024-03-23,afternoon,20,female,weekend,Scarf,General,4,859.86,3439.44,488.67
82,2024-03-23,evening,26,female,weekend,Socks,General,5,953.0,4765.0,488.67
82,2024-03-23,afternoon,23,female,holiday,Hat,General,3,879.86,2639.58,488.67
83,2024-05-27,evening,80,male,holiday,Shorts,General,2,705.75,1411.5,324.32
84,2024-03-20,afternoon,42,male,holiday,Scarf,General,1,238.59,238.59,449.66
85,2024-05-25,afternoon,47,female,holiday,Socks,General,4,126.94,507.76,172.11
86,2024-03-14,afternoon,30,female,weekend,Jeans,General,3,355.58,1066.74,341.75
86,2024-03-14,morning,62,female,daily_needs,Dress,General,4,57.52,230.08,341.75
86,2024-03-14,morning,78,female,daily_needs,Polo Shirt,General,2,333.78,667.56,341.75
86,2024-03-14,morning,56,female,daily_needs,Gloves,General,3,793.77,2381.31,341.75
87,2024-04-30,morning,31,male,holiday,Scarf,General,3,267.03,801.09,170.44
87,2024-04-30,morning,22,female,weekend,Jeans,General,3,876.3,2628.9,170.44
88,2024-04-27,evening,31,female,daily_needs,Belt,General,1,110.59,110.59,460.66
88,2024-04-27,afternoon,79,female,daily_needs,Shoes,General,3,943.1,2829.3,460.66
88,2024-04-27,afternoon,48,male,holiday,Scarf,General,3,914.35,2743.05,460.66
88,2024-04-27,evening,42,male,holiday,Shorts,General,5,214.59,1072.95,460.66
89,2024-05-25,afternoon,60,female,daily_needs,Jacket,General,4,935.14,3740.56,299.78
89,2024-05-25,afternoon,25,female,weekend,Socks,General,1,988.47,988.47,299.78
90,2024-03-17,evening,80,male,daily_needs,Shoes,General,2,431.77,863.54,318.43
90,2024-03-17,morning,56,female,daily_needs,Sweater,General,2,953.33,1906.66,318.43
90,2024-03-17,evening,54,male,weekend,Belt,General,3,35.87,107.61,318.43
90,2024-03-17,afternoon,50,male,holiday,Hat,General,4,425.77,1703.08,318.43
91,2024-04-15,evening,45,female,daily_needs,Gloves,General,2,469.65,939.3,249.25
91,2024-04-15,evening,56,male,holiday,Scarf,General,4,299.33,1197.32,249.25
91,2024-04-15,evening,62,female,holiday,Dress,General,5,939.14,4695.7,249.25
92,2024-03-13,morning,23,male,holiday,Gloves,General,4,121.6,486.4,399.98
93,2024-05-19,evening,46,male,holiday,Dress,General,4,227.63,910.52,410.75
94,2024-05-10,morning,30,female,daily_needs,Sweater,General,4,424.68,1698.72,428.17
94,2024-05-10,evening,68,female,daily_needs,Sweater,General,2,517.41,1034.82,428.17
94,2024-05-10,afternoon,74,female,weekend,Belt,General,4,679.83,2719.32,428.17
94,2024-05-10,morning,75,female,daily_needs,T-Shirt,General,1,170.31,170.31,428.17
95,2024-04-17,afternoon,28,female,daily_needs,Socks,General,4,208.81,835.24,357.77
95,2024-04-17,morning,69,female,daily_needs,Polo Shirt,General,4,977.81,3911.24,357.77
95,2024-04-17,morning,43,female,holiday,Jacket,General,4,246.35,985.4,357.77
96,2024-03-17,evening,54,female,holiday,Gloves,General,3,840.59,2521.77,163.62
97,2024-04-11,morning,23,male,weekend,T-Shirt,General,5,169.99,849.95,347.24
97,2024-04-11,evening,76,male,holiday,Scarf,General,1,747.49,747.49,347.24
98,2024-03-17,evening,58,female,daily_needs,Shoes,General,2,310.98,621.96,314.17
98,2024-03-17,morning,64,female,weekend,Polo Shirt,General,1,289.47,289.47,314.17
98,2024-03-17,morning,58,male,holiday,Underwear,General,1,128.71,128.71,314.17
98,2024-03-17,evening,25,male,daily_needs,Dress,General,3,896.71,2690.13,314.17
99,2024-03-12,afternoon,72,female,daily_needs,Scarf,General,1,501.22,501.22,108.78
100,2024-03-10,evening,22,male,holiday,Scarf,General,4,891.92,3567.68,353.42
100,2024-03-10,afternoon,69,male,daily_needs,Dress,General,1,905.57,905.57,353.42
100,2024-03-10,evening,54,male,daily_needs,Sweater,General,3,494.23,1482.69,353.42
100,2024-03-10,evening,56,male,daily_needs,Socks,General,3,928.05,2784.15,353.42
101,2024-03-25,evening,19,male,daily_needs,Belt,General,3,132.49,397.47,186.78
102,2024-04-11,morning,23,male,weekend,Dress,General,4,215.25,861.0,136.79
102,2024-04-11,evening,53,female,weekend,Skirt,General,4,447.34,1789.36,136.79
103,2024-04-21,afternoon,29,male,holiday,Belt,General,3,962.63,2887.89,141.16
103,2024-04-21,evening,37,male,daily_needs,Skirt,General,4,444.8,1779.2,141.16
104,2024-04-27,evening,65,female,weekend,Underwear,General,1,615.15,615.15,271.73
104,2024-04-27,evening,40,female,holiday,Belt,General,1,460.42,460.42,271.73
104,2024-04-27,morning,79,female,holiday,Scarf,General,3,611.8,1835.4,271.73
104,2024-04-27,evening,78,female,weekend,T-Shirt,General,1,196.31,196.31,271.73
105,2024-04-11,morning,40,male,daily_needs,Shoes,General,3,384.52,1153.56,411.81
105,2024-04-11,morning,18,female,holiday,T-Shirt,General,3,229.5,688.5,411.81
105,2024-04-11,evening,68,female,daily_needs,Socks,General,1,397.88,397.88,411.81
105,2024-04-11,evening,31,male,daily_needs,Socks,General,3,721.94,2165.82,411.81
106,2024-05-25,evening,75,female,holiday,Shorts,General,4,331.43,1325.72,228.05
107,2024-03-26,afternoon,49,male,weekend,Scarf,General,1,141.61,141.61,168.46
108,2024-04-11,morning,54,male,weekend,T-Shirt,General,5,988.2,4941.0,464.66
108,2024-04-11,afternoon,26,female,daily_needs,Gloves,General,5,919.67,4598.35,464.66
108,2024-04-11,morning,39,male,daily_needs,Hat,General,1,833.25,833.25,464.66
108,2024-04-11,afternoon,64,female,weekend,Sweater,General,3,412.34,1237.02,464.66
109,2024-05-11,afternoon,57,male,weekend,Dress,General,4,503.47,2013.88,356.44
109,2024-05-11,morning,71,female,holiday,Jeans,General,1,239.53,239.53,356.44
109,2024-05-11,morning,26,male,weekend,Belt,General,4,241.81,967.24,356.44
110,2024-03-12,evening,75,female,holiday,T-Shirt,General,1,274.49,274.49,413.98
110,2024-03-12,morning,21,female,daily_needs,Dress,General,3,694.16,2082.48,413.98
111,2024-04-18,evening,28,male,holiday,Hat,General,1,143.76,143.76,444.76
111,2024-04-18,evening,74,female,holiday,Hat,General,1,531.33,531.33,444.76
111,2024-04-18,morning,54,female,holiday,Hat,General,3,335.47,1006.41,444.76
112,2024-05-01,morning,34,female,holiday,Jeans,General,3,567.34,1702.02,449.15
112,2024-05-01,evening,59,male,holiday,Jeans,General,1,972.33,972.33,449.15
113,2024-03-08,morning,60,male,weekend,Belt,General,4,204.16,816.64,141.81
113,2024-03-08,morning,70,female,weekend,Skirt,General,4,662.18,2648.72,141.81
114,2024-05-04,morning,32,female,weekend,Hat,General,5,523.19,2615.95,412.01
115,2024-03-25,afternoon,45,male,holiday,Dress,General,5,655.42,3277.1,158.92
116,2024-03-14,morning,19,female,daily_needs,Dress,General,1,486.72,486.72,312.35
117,2024-04-15,morning,77,male,weekend,Scarf,General,2,167.61,335.22,300.88
117,2024-04-15,evening,39,male,weekend,Dress,General,3,115.86,347.58,300.88
117,2024-04-15,evening,42,female,daily_needs,Dress,General,2,414.64,829.28,300.88
118,2024-05-16,evening,56,female,holiday,Scarf,General,1,687.54,687.54,358.54
118,2024-05-16,morning,32,male,daily_needs,Gloves,General,1,583.73,583.73,358.54
118,2024-05-16,morning,22,male,weekend,Shoes,General,5,705.52,3527.6,358.54
119,2024-04-21,afternoon,24,male,holiday,Belt,General,3,505.27,1515.81,168.41
119,2024-04-21,morning,40,female,holiday,Underwear,General,3,739.2,2217.6,168.41
119,2024-04-21,morning,29,female,holiday,Dress,General,2,186.83,373.66,168.41
119,2024-04-21,evening,22,male,daily_needs,Sweater,General,4,159.0,636.0,168.41
120,2024-03-02,afternoon,39,male,daily_needs,Dress,General,1,187.31,187.31,404.1
120,2024-03-02,morning,56,female,weekend,Underwear,General,1,498.54,498.54,404.1
120,2024-03-02,morning,48,male,daily_needs,Belt,General,1,575.92,575.92,404.1
120,2024-03-02,afternoon,71,male,holiday,Socks,General,2,759.89,1519.78,404.1
121,2024-03-13,afternoon,69,female,weekend,Hat,General,3,990.0,2970.0,202.94
122,2024-05-02,afternoon,47,male,weekend,Dress,General,3,893.54,2680.62,409.81
122,2024-05-02,evening,48,male,weekend,Polo Shirt,General,5,733.65,3668.25,409.81
122,2024-05-02,morning,27,female,daily_needs,Polo Shirt,General,2,370.05,740.1,409.81
123,2024-03-04,evening,65,female,weekend,Shoes,General,1,209.97,209.97,481.93
123,2024-03-04,evening,24,female,holiday,Polo Shirt,General,5,901.24,4506.2,481.93
124,2024-04-27,afternoon,76,female,weekend,Scarf,General,5,428.95,2144.75,497.58
124,2024-04-27,afternoon,30,male,holiday,Socks,General,3,837.49,2512.47,497.58
125,2024-03-16,afternoon,54,female,weekend,Jeans,General,1,508.95,508.95,374.21
125,2024-03-16,afternoon,61,male,holiday,Dress,General,5,566.98,2834.9,374.21
125,2024-03-16,morning,37,female,weekend,Jeans,General,3,35.28,105.84,374.21
125,2024-03-16,morning,31,female,holiday,Jeans,General,1,498.6,498.6,374.21
126,2024-03-01,afternoon,60,male,daily_needs,Dress,General,2,363.21,726.42,213.31
126,2024-03-01,evening,60,male,daily_needs,Skirt,General,3,159.79,479.37,213.31
126,2024-03-01,evening,30,female,holiday,Gloves,General,1,304.99,304.99,213.31
126,2024-03-01,morning,48,female,daily_needs,Shorts,General,4,434.11,1736.44,213.31
127,2024-03-13,afternoon,56,female,daily_needs,Underwear,General,4,685.34,2741.36,228.99
127,2024-03-13,evening,26,male,weekend,Jacket,General,4,563.2,2252.8,228.99
127,2024-03-13,afternoon,37,male,weekend,Underwear,General,4,554.91,2219.64,228.99
128,2024-04-18,morning,26,female,holiday,Sweater,General,5,936.18,4680.9,385.04
128,2024-04-18,afternoon,40,female,weekend,Scarf,General,4,472.06,1888.24,385.04
128,2024-04-18,evening,19,female,daily_needs,Shorts,General,2,622.9,1245.8,385.04
128,2024-04-18,afternoon,68,male,holiday,Socks,General,3,144.73,434.19,385.04
129,2024-05-09,morning,66,female,daily_needs,Scarf,General,1,473.55,473.55,405.2
129,2024-05-09,evening,47,male,daily_needs,T-Shirt,General,3,833.3,2499.9,405.2
129,2024-05-09,evening,24,female,holiday,Jeans,General,3,574.13,1722.39,405.2
130,2024-05-28,morning,25,male,holiday,Shoes,General,5,161.27,806.35,396.17
130,2024-05-28,afternoon,26,male,holiday,Polo Shirt,General,2,314.87,629.74,396.17
130,2024-05-28,afternoon,64,male,weekend,Underwear,General,2,132.41,264.82,396.17
131,2024-03-01,evening,74,male,holiday,Jeans,General,2,220.21,440.42,289.5
131,2024-03-01,evening,46,female,daily_needs,Gloves,General,1,313.93,313.93,289.5
132,2024-05-01,morning,71,female,holiday,Polo Shirt,General,4,862.13,3448.52,346.86
132,2024-05-01,afternoon,27,male,daily_needs,Jacket,General,2,187.36,374.72,346.86
133,2024-05-29,afternoon,48,female,weekend,Polo Shirt,General,1,959.91,959.91,297.19
133,2024-05-29,evening,35,female,weekend,Skirt,General,1,474.68,474.68,297.19
134,2024-04-24,morning,36,female,daily_needs,Underwear,General,4,30.8,123.2,221.1
134,2024-04-24,evening,59,female,daily_needs,Gloves,General,3,963.54,2890.62,221.1
135,2024-04-29,afternoon,18,male,weekend,Socks,General,5,226.56,1132.8,461.02
135,2024-04-29,evening,42,male,daily_needs,Polo Shirt,General,2,364.83,729.66,461.02
135,2024-04-29,evening,54,female,weekend,Skirt,General,2,292.77,585.54,461.02
135,2024-04-29,evening,37,female,daily_needs,Gloves,General,4,388.99,1555.96,461.02
136,2024-04-30,evening,63,female,daily_needs,Skirt,General,3,597.08,1791.24,332.29
136,2024-04-30,evening,57,female,daily_needs,T-Shirt,General,1,854.99,854.99,332.29
137,2024-03-21,morning,60,male,weekend,Gloves,General,4,337.19,1348.76,192.61
137,2024-03-21,evening,68,male,daily_needs,Gloves,General,2,733.6,1467.2,192.61
138,2024-04-19,morning,21,female,daily_needs,T-Shirt,General,1,452.7,452.7,249.73
138,2024-04-19,evening,71,male,daily_needs,Sweater,General,1,704.75,704.75,249.73
138,2024-04-19,afternoon,26,male,daily_needs,Dress,General,4,448.76,1795.04,249.73
138,2024-04-19,afternoon,32,male,holiday,Jacket,General,4,817.56,3270.24,249.73
139,2024-03-25,evening,19,male,daily_needs,T-Shirt,General,2,895.43,1790.86,243.82
140,2024-04-22,afternoon,29,female,daily_needs,Belt,General,2,578.96,1157.92,289.49
141,2024-04-15,evening,75,male,daily_needs,Hat,General,4,632.96,2531.84,449.59
141,2024-04-15,evening,23,male,holiday,Dress,General,1,135.57,135.57,449.59
141,2024-04-15,morning,21,female,daily_needs,Shoes,General,3,923.83,2771.49,449.59
142,2024-04-02,evening,40,male,daily_needs,Dress,General,1,543.74,543.74,196.56
142,2024-04-02,evening,77,female,weekend,Underwear,General,1,555.02,555.02,196.56
142,2024-04-02,morning,55,female,weekend,Polo Shirt,General,1,51.63,51.63,196.56
142,2024-04-02,afternoon,34,male,weekend,Gloves,General,1,156.5,156.5,196.56
143,2024-05-10,evening,76,male,daily_needs,Hat,General,1,809.55,809.55,325.54
143,2024-05-10,evening,62,male,weekend,Jeans,General,4,606.18,2424.72,325.54
143,2024-05-10,evening,77,male,holiday,Hat,General,2,285.1,570.2,325.54
144,2024-03-06,morning,49,male,holiday,Sweater,General,4,488.04,1952.16,412.62
145,2024-03-30,morning,19,male,holiday,Underwear,General,4,688.3,2753.2,395.17
146,2024-05-10,morning,42,female,holiday,Jacket,General,4,707.31,2829.24,319.82
146,2024-05-10,morning,46,male,holiday,Gloves,General,3,364.75,1094.25,319.82
146,2024-05-10,afternoon,45,male,daily_needs,Shoes,General,1,596.85,596.85,319.82
146,2024-05-10,morning,44,male,daily_needs,Belt,General,2,816.37,1632.74,319.82
147,2024-03-10,morning,46,male,weekend,T-Shirt,General,3,362.67,1088.01,362.08
148,2024-04-01,morning,56,female,weekend,Polo Shirt,General,1,663.46,663.46,130.55
148,2024-04-01,evening,31,female,holiday,Skirt,General,3,899.69,2699.07,130.55
148,2024-04-01,morning,46,female,weekend,Shorts,General,5,306.83,1534.15,130.55
149,2024-05-23,evening,75,female,weekend,Skirt,General,5,513.38,2566.9,121.6
149,2024-05-23,afternoon,63,female,weekend,Jeans,General,2,913.81,1827.62,121.6
150,2024-05-06,afternoon,65,male,daily_needs,Sweater,General,2,55.15,110.3,194.04
150,2024-05-06,afternoon,59,female,daily_needs,T-Shirt,General,4,839.6,3358.4,194.04
151,2024-04-04,evening,42,female,daily_needs,T-Shirt,General,3,857.48,2572.44,253.57
151,2024-04-04,morning,73,female,weekend,Hat,General,1,239.96,239.96,253.57
151,2024-04-04,afternoon,29,female,holiday,T-Shirt,General,3,50.68,152.04,253.57
152,2024-04-14,evening,66,female,weekend,Shorts,General,5,232.21,1161.05,110.94
153,2024-05-19,afternoon,68,male,daily_needs,Socks,General,4,953.42,3813.68,472.99
153,2024-05-19,afternoon,72,female,weekend,Underwear,General,5,773.63,3868.15,472.99
153,2024-05-19,afternoon,28,female,weekend,Skirt,General,2,149.24,298.48,472.99
153,2024-05-19,morning,35,female,daily_needs,Shoes,General,5,309.91,1549.55,472.99
154,2024-05-13,morning,57,female,weekend,Dress,General,3,786.78,2360.34,424.1
154,2024-05-13,evening,18,male,weekend,Underwear,General,3,839.28,2517.84,424.1
154,2024-05-13,morning,46,female,daily_needs,Hat,General,1,477.11,477.11,424.1
154,2024-05-13,afternoon,48,male,weekend,T-Shirt,General,5,940.06,4700.3,424.1
155,2024-04-05,morning,46,male,weekend,Shorts,General,3,274.35,823.05,297.97
155,2024-04-05,morning,58,male,daily_needs,Belt,General,5,662.86,3314.3,297.97
155,2024-04-05,morning,25,male,daily_needs,Polo Shirt,General,5,863.36,4316.8,297.97
156,2024-05-14,morning,53,male,daily_needs,Skirt,General,3,975.78,2927.34,106.45
156,2024-05-14,afternoon,52,male,holiday,Shoes,General,3,126.98,380.94,106.45
156,2024-05-14,evening,46,male,holiday,Jeans,General,2,219.96,439.92,106.45
157,2024-05-13,evening,44,male,holiday,Scarf,General,3,160.22,480.66,230.62
157,2024-05-13,afternoon,39,female,holiday,Sweater,General,4,943.63,3774.52,230.62
157,2024-05-13,afternoon,57,male,daily_needs,Sweater,General,1,305.06,305.06,230.62
158,2024-03-20,morning,56,male,weekend,Socks,General,5,787.8,3939.0,385.14
159,2024-03-28,evening,20,male,weekend,Shorts,General,1,956.08,956.08,483.45
159,2024-03-28,morning,54,female,holiday,Skirt,General,1,850.64,850.64,483.45
159,2024-03-28,evening,69,male,holiday,Hat,General,5,529.93,2649.65,483.45
159,2024-03-28,afternoon,35,male,holiday,Dress,General,2,342.11,684.22,483.45
160,2024-04-16,afternoon,38,male,holiday,Shoes,General,4,738.14,2952.56,452.09
160,2024-04-16,afternoon,23,female,holiday,Socks,General,1,916.34,916.34,452.09
161,2024-05-23,evening,32,female,weekend,Shoes,General,5,831.26,4156.3,494.7
161,2024-05-23,evening,33,female,holiday,Underwear,General,2,613.43,1226.86,494.7
161,2024-05-23,afternoon,39,female,daily_needs,Jeans,General,4,432.6,1730.4,494.7
161,2024-05-23,morning,54,female,holiday,Gloves,General,2,901.88,1803.76,494.7
162,2024-04-28,morning,25,female,weekend,Shorts,General,5,717.15,3585.75,287.94
163,2024-03-13,morning,71,female,daily_needs,Skirt,General,2,990.13,1980.26,152.95
163,2024-03-13,evening,76,female,weekend,Sweater,General,2,414.27,828.54,152.95
164,2024-05-11,evening,36,male,weekend,Gloves,General,3,599.65,1798.95,346.65
164,2024-05-11,evening,20,male,holiday,Gloves,General,3,950.92,2852.76,346.65
165,2024-04-22,evening,71,female,weekend,Shorts,General,4,706.11,2824.44,393.38
165,2024-04-22,evening,67,male,daily_needs,Gloves,General,1,601.68,601.68,393.38
165,2024-04-22,afternoon,61,female,weekend,Sweater,General,4,193.19,772.76,393.38
165,2024-04-22,evening,55,female,daily_needs,Shoes,General,3,503.43,1510.29,393.38
166,2024-03-07,afternoon,38,female,weekend,Shorts,General,2,954.44,1908.88,116.77
166,2024-03-07,evening,74,male,weekend,Socks,General,3,583.64,1750.92,116.77
166,2024-03-07,evening,38,male,weekend,Dress,General,2,136.18,272.36,116.77
166,2024-03-07,afternoon,49,female,daily_needs,Gloves,General,2,302.71,605.42,116.77
167,2024-04-03,morning,60,female,daily_needs,Jeans,General,2,561.12,1122.24,303.48
168,2024-03-22,evening,75,male,holiday,Socks,General,2,26.53,53.06,433.0
169,2024-03-04,morning,36,female,holiday,Hat,General,5,143.66,718.3,281.54
169,2024-03-04,morning,63,male,weekend,Gloves,General,4,503.39,2013.56,281.54
169,2024-03-04,morning,73,male,weekend,Skirt,General,1,969.07,969.07,281.54
170,2024-03-11,evening,22,female,daily_needs,Socks,General,3,290.59,871.77,352.25
170,2024-03-11,evening,61,male,holiday,Skirt,General,3,894.43,2683.29,352.25
171,2024-03-05,morning,77,female,daily_needs,Belt,General,5,667.91,3339.55,451.03
171,2024-03-05,morning,78,male,daily_needs,Jacket,General,5,388.68,1943.4,451.03
171,2024-03-05,morning,61,male,weekend,Hat,General,2,494.82,989.64,451.03
171,2024-03-05,morning,64,female,weekend,Jacket,General,2,642.08,1284.16,451.03
172,2024-03-12,morning,45,male,weekend,Socks,General,5,224.38,1121.9,171.25
172,2024-03-12,afternoon,62,female,holiday,Scarf,General,5,250.02,1250.1,171.25
173,2024-04-14,evening,60,male,weekend,Belt,General,2,877.54,1755.08,367.19
173,2024-04-14,afternoon,68,female,holiday,Sweater,General,5,491.34,2456.7,367.19
173,2024-04-14,morning,32,male,weekend,Scarf,General,4,338.89,1355.56,367.19
173,2024-04-14,evening,45,male,daily_needs,Hat,General,3,667.4,2002.2,367.19
174,2024-04-14,evening,26,female,weekend,Underwear,General,4,693.48,2773.92,111.59
174,2024-04-14,afternoon,50,male,weekend,T-Shirt,General,5,776.36,3881.8,111.59
174,2024-04-14,afternoon,61,female,weekend,Scarf,General,4,436.7,1746.8,111.59
174,2024-04-14,afternoon,76,male,weekend,Hat,General,2,353.04,706.08,111.59
175,2024-03-06,afternoon,44,male,holiday,Gloves,General,2,545.29,1090.58,411.82
175,2024-03-06,morning,78,female,daily_needs,Underwear,General,5,39.52,197.6,411.82
175,2024-03-06,evening,19,female,daily_needs,Shorts,General,3,913.98,2741.94,411.82
176,2024-05-10,evening,21,male,weekend,Socks,General,2,985.51,1971.02,435.26
177,2024-04-20,afternoon,69,male,weekend,Sweater,General,4,231.3,925.2,393.33
177,2024-04-20,morning,20,male,holiday,Jeans,General,5,409.98,2049.9,393.33
178,2024-05-02,morning,36,female,daily_needs,Shoes,General,2,53.1,106.2,399.97
179,2024-04-18,morning,70,female,daily_needs,Jeans,General,1,514.42,514.42,381.4
179,2024-04-18,evening,44,male,daily_needs,Skirt,General,5,612.77,3063.85,381.4
179,2024-04-18,morning,24,female,daily_needs,Belt,General,5,862.12,4310.6,381.4
179,2024-04-18,afternoon,45,male,weekend,Dress,General,4,218.61,874.44,381.4
180,2024-04-03,afternoon,36,female,daily_needs,Shoes,General,4,569.78,2279.12,293.34
180,2024-04-03,evening,52,male,weekend,T-Shirt,General,4,733.01,2932.04,293.34
180,2024-04-03,afternoon,66,male,weekend,Shoes,General,5,975.69,4878.45,293.34
180,2024-04-03,afternoon,67,male,weekend,Sweater,General,4,571.89,2287.56,293.34
181,2024-05-22,afternoon,27,male,daily_needs,Socks,General,2,223.53,447.06,476.84
181,2024-05-22,evening,33,male,daily_needs,Scarf,General,5,841.31,4206.55,476.84
181,2024-05-22,evening,64,male,daily_needs,Shorts,General,4,266.98,1067.92,476.84
182,2024-04-09,morning,20,female,holiday,Underwear,General,5,418.4,2092.0,102.23
182,2024-04-09,evening,31,female,holiday,Hat,General,3,960.29,2880.87,102.23
182,2024-04-09,morning,38,female,holiday,Hat,General,5,563.71,2818.55,102.23
183,2024-03-11,afternoon,62,male,weekend,Jacket,General,1,178.85,178.85,399.26
184,2024-03-22,afternoon,73,male,daily_needs,Gloves,General,4,505.28,2021.12,350.47
184,2024-03-22,evening,49,male,holiday,Belt,General,5,429.78,2148.9,350.47
185,2024-03-02,morning,45,female,holiday,Gloves,General,3,532.03,1596.09,346.04
185,2024-03-02,afternoon,54,male,daily_needs,Dress,General,5,691.32,3456.6,346.04
185,2024-03-02,evening,78,female,holiday,Underwear,General,3,482.67,1448.01,346.04
186,2024-03-27,evening,64,male,daily_needs,Socks,General,4,29.62,118.48,266.52
186,2024-03-27,morning,48,male,daily_needs,Dress,General,2,215.28,430.56,266.52
186,2024-03-27,morning,52,female,weekend,Jeans,General,1,632.47,632.47,266.52
187,2024-05-16,morning,40,male,weekend,Polo Shirt,General,1,929.32,929.32,209.83
187,2024-05-16,afternoon,55,female,weekend,Underwear,General,4,935.62,3742.48,209.83
188,2024-05-11,morning,55,male,daily_needs,Skirt,General,2,294.39,588.78,205.18
188,2024-05-11,morning,26,female,weekend,Underwear,General,5,612.68,3063.4,205.18
189,2024-05-18,morning,28,male,daily_needs,Shoes,General,1,930.96,930.96,345.97
189,2024-05-18,morning,28,female,daily_needs,Sweater,General,1,898.03,898.03,345.97
189,2024-05-18,morning,26,female,weekend,Polo Shirt,General,4,340.55,1362.2,345.97
189,2024-05-18,evening,66,male,daily_needs,Socks,General,4,389.76,1559.04,345.97
190,2024-04-19,afternoon,37,female,holiday,Jeans,General,5,845.35,4226.75,482.14
190,2024-04-19,evening,71,female,holiday,Jacket,General,4,569.28,2277.12,482.14
190,2024-04-19,afternoon,62,female,holiday,Jeans,General,5,901.77,4508.85,482.14
190,2024-04-19,evening,40,male,daily_needs,Belt,General,3,858.26,2574.78,482.14
191,2024-05-25,evening,45,male,holiday,Socks,General,2,394.81,789.62,171.6
191,2024-05-25,evening,18,male,weekend,Sweater,General,5,210.99,1054.95,171.6
191,2024-05-25,evening,37,female,daily_needs,Gloves,General,3,917.49,2752.47,171.6
192,2024-05-04,evening,35,male,holiday,Dress,General,4,410.33,1641.32,498.3
193,2024-04-02,evening,21,male,holiday,Gloves,General,4,997.29,3989.16,352.9
193,2024-04-02,afternoon,29,female,holiday,Belt,General,5,811.28,4056.4,352.9
193,2024-04-02,morning,41,male,holiday,Gloves,General,2,711.53,1423.06,352.9
194,2024-03-23,morning,44,male,daily_needs,Hat,General,1,327.95,327.95,443.16
194,2024-03-23,afternoon,80,male,holiday,Underwear,General,1,346.01,346.01,443.16
195,2024-05-26,evening,28,female,holiday,T-Shirt,General,4,428.05,1712.2,367.09
195,2024-05-26,morning,22,male,holiday,Jacket,General,3,102.29,306.87,367.09
195,2024-05-26,afternoon,20,female,holiday,Shoes,General,5,421.07,2105.35,367.09
196,2024-05-21,afternoon,35,female,daily_needs,Sweater,General,4,576.81,2307.24,378.52
197,2024-05-12,morning,25,male,daily_needs,Skirt,General,1,201.95,201.95,336.46
197,2024-05-12,morning,67,male,daily_needs,Shoes,General,3,471.14,1413.42,336.46
197,2024-05-12,evening,78,male,weekend,Belt,General,2,752.46,1504.92,336.46
197,2024-05-12,evening,26,female,daily_needs,Scarf,General,3,194.44,583.32,336.46
198,2024-03-18,afternoon,32,male,weekend,Gloves,General,2,193.57,387.14,217.97
198,2024-03-18,evening,46,female,daily_needs,Hat,General,3,587.12,1761.36,217.97
198,2024-03-18,afternoon,67,female,holiday,Polo Shirt,General,2,56.0,112.0,217.97
199,2024-05-14,morning,52,male,holiday,Scarf,General,3,653.09,1959.27,372.81
199,2024-05-14,afternoon,31,female,holiday,Socks,General,5,833.26,4166.3,372.81
199,2024-05-14,afternoon,23,male,weekend,Shoes,General,4,275.63,1102.52,372.81
199,2024-05-14,morning,51,male,weekend,Jacket,General,4,595.08,2380.32,372.81
200,2024-04-17,evening,55,male,weekend,Skirt,General,1,636.88,636.88,447.73
200,2024-04-17,morning,28,female,weekend,Sweater,General,3,654.92,1964.76,447.73
200,2024-04-17,morning,29,female,weekend,Jacket,General,4,555.84,2223.36,447.73
200,2024-04-17,morning,46,female,holiday,Underwear,General,4,736.34,2945.36,447.73
201,2024-04-30,afternoon,64,female,holiday,Sweater,General,4,684.98,2739.92,220.07
201,2024-04-30,morning,66,male,weekend,Scarf,General,3,954.9,2864.7,220.07
202,2024-04-21,morning,50,male,weekend,Gloves,General,5,965.93,4829.65,477.14
203,2024-03-26,morning,60,female,daily_needs,Jeans,General,3,797.01,2391.03,156.58
203,2024-03-26,afternoon,47,female,daily_needs,Hat,General,1,665.44,665.44,156.58
204,2024-03-26,afternoon,37,male,daily_needs,Shoes,General,2,447.82,895.64,389.65
204,2024-03-26,morning,61,female,daily_needs,Hat,General,2,357.82,715.64,389.65
205,2024-04-30,evening,31,female,holiday,Scarf,General,4,712.1,2848.4,405.22
205,2024-04-30,morning,42,male,weekend,Shorts,General,2,411.89,823.78,405.22
205,2024-04-30,afternoon,75,female,holiday,Skirt,General,4,605.0,2420.0,405.22
205,2024-04-30,evening,22,female,weekend,Polo Shirt,General,5,46.36,231.8,405.22
206,2024-05-17,morning,41,female,weekend,Socks,General,1,618.36,618.36,400.67
206,2024-05-17,morning,59,male,daily_needs,Hat,General,2,63.36,126.72,400.67
207,2024-04-08,morning,39,female,holiday,Jacket,General,4,167.73,670.92,224.44
207,2024-04-08,evening,70,female,daily_needs,Dress,General,4,195.93,783.72,224.44
207,2024-04-08,afternoon,61,male,weekend,Shorts,General,1,359.36,359.36,224.44
207,2024-04-08,evening,24,female,daily_needs,Jacket,General,3,146.16,438.48,224.44
208,2024-05-04,evening,47,male,weekend,Polo Shirt,General,4,434.01,1736.04,121.8
208,2024-05-04,afternoon,34,male,holiday,Shorts,General,4,512.02,2048.08,121.8
208,2024-05-04,afternoon,63,female,holiday,Sweater,General,1,789.78,789.78,121.8
208,2024-05-04,afternoon,52,female,holiday,Jeans,General,2,26.82,53.64,121.8
209,2024-05-15,morning,50,female,weekend,T-Shirt,General,4,296.08,1184.32,148.62
209,2024-05-15,afternoon,47,female,daily_needs,Gloves,General,5,692.66,3463.3,148.62
209,2024-05-15,afternoon,45,female,holiday,Dress,General,1,551.89,551.89,148.62
210,2024-03-23,afternoon,44,male,weekend,Sweater,General,3,643.26,1929.78,338.31
210,2024-03-23,afternoon,64,male,holiday,Skirt,General,4,263.65,1054.6,338.31
210,2024-03-23,morning,52,male,daily_needs,Skirt,General,2,640.26,1280.52,338.31
211,2024-04-25,afternoon,80,female,holiday,Underwear,General,2,920.4,1840.8,461.43
211,2024-04-25,evening,70,female,daily_needs,Jeans,General,3,385.34,1156.02,461.43
211,2024-04-25,morning,56,male,weekend,Socks,General,1,351.02,351.02,461.43
212,2024-05-21,afternoon,43,male,daily_needs,Skirt,General,3,727.16,2181.48,397.07
212,2024-05-21,morning,71,female,daily_needs,Shorts,General,2,579.48,1158.96,397.07
212,2024-05-21,afternoon,57,male,holiday,Shorts,General,1,386.75,386.75,397.07
213,2024-04-30,afternoon,35,male,weekend,Socks,General,1,612.53,612.53,463.9
213,2024-04-30,evening,36,female,daily_needs,Scarf,General,2,38.34,76.68,463.9
214,2024-04-23,afternoon,35,female,holiday,Shorts,General,3,115.2,345.6,189.93
214,2024-04-23,evening,38,male,daily_needs,Underwear,General,3,733.6,2200.8,189.93
215,2024-05-17,evening,44,female,holiday,Scarf,General,4,931.28,3725.12,105.03
215,2024-05-17,afternoon,38,female,weekend,Jacket,General,4,857.27,3429.08,105.03
215,2024-05-17,afternoon,31,male,holiday,Scarf,General,3,414.88,1244.64,105.03
215,2024-05-17,evening,72,male,holiday,Hat,General,5,985.25,4926.25,105.03
216,2024-03-11,evening,51,female,weekend,Dress,General,3,462.47,1387.41,286.95
216,2024-03-11,morning,57,male,holiday,Sweater,General,5,442.9,2214.5,286.95
217,2024-03-03,evening,65,female,daily_needs,Scarf,General,5,149.06,745.3,342.85
217,2024-03-03,morning,24,female,daily_needs,Shoes,General,1,579.33,579.33,342.85
217,2024-03-03,morning,73,male,holiday,Scarf,General,5,420.35,2101.75,342.85
218,2024-03-28,evening,35,female,weekend,Polo Shirt,General,1,670.95,670.95,374.74
218,2024-03-28,evening,66,female,holiday,Socks,General,5,404.33,2021.65,374.74
218,2024-03-28,afternoon,49,female,weekend,Belt,General,4,173.83,695.32,374.74
218,2024-03-28,morning,43,female,daily_needs,Socks,General,3,767.68,2303.04,374.74
219,2024-05-23,evening,76,male,weekend,Underwear,General,4,974.76,3899.04,264.12
219,2024-05-23,evening,19,male,daily_needs,Underwear,General,5,513.29,2566.45,264.12
220,2024-03-11,morning,38,male,daily_needs,Underwear,General,4,690.68,2762.72,480.74
220,2024-03-11,morning,65,female,holiday,Socks,General,2,853.3,1706.6,480.74
220,2024-03-11,morning,47,female,holiday,Belt,General,2,191.71,383.42,480.74
220,2024-03-11,evening,76,male,weekend,Jacket,General,3,83.52,250.56,480.74
221,2024-03-04,evening,47,female,daily_needs,Polo Shirt,General,5,454.78,2273.9,196.75
221,2024-03-04,morning,80,female,holiday,Polo Shirt,General,1,807.61,807.61,196.75
222,2024-04-12,morning,47,male,daily_needs,Skirt,General,1,688.38,688.38,262.54
222,2024-04-12,evening,48,female,daily_needs,Shorts,General,4,958.42,3833.68,262.54
223,2024-05-08,evening,67,male,weekend,Hat,General,1,307.1,307.1,259.36
224,2024-03-06,afternoon,63,female,weekend,Shorts,General,1,121.55,121.55,438.83
224,2024-03-06,evening,66,male,holiday,Jacket,General,3,424.64,1273.92,438.83
224,2024-03-06,afternoon,27,male,weekend,Shoes,General,3,115.18,345.54,438.83
225,2024-05-22,afternoon,75,female,daily_needs,Shorts,General,3,355.59,1066.77,375.68
226,2024-04-12,evening,34,female,holiday,T-Shirt,General,2,165.06,330.12,215.37
226,2024-04-12,morning,74,female,holiday,Sweater,General,3,320.53,961.59,215.37
226,2024-04-12,evening,28,female,weekend,Skirt,General,4,679.81,2719.24,215.37
226,2024-04-12,morning,65,male,daily_needs,Underwear,General,3,861.96,2585.88,215.37
227,2024-04-02,morning,72,male,holiday,Dress,General,2,592.55,1185.1,203.77
227,2024-04-02,evening,50,female,weekend,Underwear,General,2,972.96,1945.92,203.77
228,2024-05-22,evening,72,female,holiday,Sweater,General,4,868.1,3472.4,294.1
228,2024-05-22,morning,73,female,daily_needs,Hat,General,4,33.95,135.8,294.1
229,2024-03-09,morning,37,male,daily_needs,Jacket,General,3,616.47,1849.41,391.5
229,2024-03-09,morning,59,male,weekend,Hat,General,4,578.02,2312.08,391.5
229,2024-03-09,evening,76,male,holiday,Belt,General,5,900.17,4500.85,391.5
230,2024-03-26,evening,20,female,holiday,Jeans,General,3,517.27,1551.81,208.59
230,2024-03-26,evening,72,male,daily_needs,Hat,General,5,532.49,2662.45,208.59
230,2024-03-26,morning,34,male,holiday,Gloves,General,2,243.77,487.54,208.59
231,2024-04-28,morning,80,female,holiday,Dress,General,1,748.25,748.25,393.33
231,2024-04-28,morning,75,male,holiday,Dress,General,1,223.58,223.58,393.33
232,2024-04-01,afternoon,24,male,weekend,Shorts,General,1,212.5,212.5,146.56
232,2024-04-01,morning,48,male,daily_needs,Socks,General,5,230.69,1153.45,146.56
232,2024-04-01,afternoon,37,male,holiday,Scarf,General,1,725.58,725.58,146.56
232,2024-04-01,afternoon,67,male,holiday,Shorts,General,5,760.43,3802.15,146.56
233,2024-03-01,afternoon,56,female,weekend,Polo Shirt,General,2,342.07,684.14,293.31
233,2024-03-01,afternoon,78,female,weekend,Belt,General,5,264.04,1320.2,293.31
233,2024-03-01,afternoon,61,female,holiday,Hat,General,1,977.68,977.68,293.31
234,2024-03-24,morning,38,female,weekend,Jacket,General,2,84.25,168.5,272.81
234,2024-03-24,afternoon,24,female,weekend,Polo Shirt,General,5,826.11,4130.55,272.81
234,2024-03-24,morning,67,male,daily_needs,Shoes,General,3,511.74,1535.22,272.81
234,2024-03-24,afternoon,67,female,daily_needs,Polo Shirt,General,3,929.0,2787.0,272.81
235,2024-03-27,afternoon,28,male,weekend,Shorts,General,2,855.31,1710.62,344.05
235,2024-03-27,morning,38,female,holiday,Underwear,General,4,784.16,3136.64,344.05
236,2024-04-04,afternoon,48,female,weekend,Jacket,General,3,347.05,1041.15,241.57
236,2024-04-04,evening,38,female,weekend,Scarf,General,5,405.67,2028.35,241.57
237,2024-04-23,afternoon,21,female,weekend,Polo Shirt,General,2,975.49,1950.98,406.82
238,2024-03-03,morning,60,female,weekend,Belt,General,3,43.21,129.63,271.0
238,2024-03-03,afternoon,38,male,daily_needs,Underwear,General,5,451.3,2256.5,271.0
239,2024-04-05,morning,33,male,weekend,Skirt,General,4,942.66,3770.64,337.18
240,2024-03-06,evening,79,female,daily_needs,Dress,General,5,594.39,2971.95,123.73
240,2024-03-06,morning,58,female,weekend,Socks,General,3,449.36,1348.08,123.73
240,2024-03-06,afternoon,25,female,daily_needs,Gloves,General,1,338.05,338.05,123.73
240,2024-03-06,evening,44,male,daily_needs,Underwear,General,3,582.61,1747.83,123.73
241,2024-05-11,afternoon,33,female,holiday,Socks,General,3,565.54,1696.62,426.92
242,2024-05-28,morning,67,male,holiday,Skirt,General,3,958.06,2874.18,244.49
243,2024-04-27,morning,38,female,daily_needs,Hat,General,3,346.35,1039.05,371.07
243,2024-04-27,evening,34,female,holiday,Skirt,General,1,157.46,157.46,371.07
244,2024-05-22,afternoon,43,female,daily_needs,Belt,General,5,79.08,395.4,495.86
244,2024-05-22,afternoon,19,female,daily_needs,Socks,General,3,794.33,2382.99,495.86
244,2024-05-22,afternoon,36,female,holiday,Jeans,General,1,574.0,574.0,495.86
244,2024-05-22,evening,67,male,holiday,Jacket,General,5,849.37,4246.85,495.86
245,2024-03-12,evening,59,male,daily_needs,Shorts,General,4,821.4,3285.6,286.29
245,2024-03-12,evening,27,female,daily_needs,Jacket,General,5,353.01,1765.05,286.29
245,2024-03-12,evening,67,female,daily_needs,Scarf,General,5,307.94,1539.7,286.29
245,2024-03-12,evening,71,female,daily_needs,T-Shirt,General,2,335.94,671.88,286.29
246,2024-03-20,morning,55,female,holiday,Hat,General,2,774.53,1549.06,329.78
246,2024-03-20,afternoon,75,male,daily_needs,Shorts,General,2,222.02,444.04,329.78
246,2024-03-20,morning,24,male,holiday,Underwear,General,1,783.87,783.87,329.78
247,2024-05-09,morning,38,female,daily_needs,Polo Shirt,General,2,217.67,435.34,165.32
247,2024-05-09,afternoon,32,male,weekend,T-Shirt,General,2,880.08,1760.16,165.32
247,2024-05-09,afternoon,25,female,daily_needs,Hat,General,2,392.81,785.62,165.32
248,2024-04-27,afternoon,30,male,weekend,Underwear,General,1,110.99,110.99,170.04
248,2024-04-27,evening,64,male,daily_needs,Shorts,General,2,137.95,275.9,170.04
248,2024-04-27,afternoon,65,female,holiday,Sweater,General,4,207.16,828.64,170.04
248,2024-04-27,morning,69,female,weekend,Dress,General,5,129.75,648.75,170.04
249,2024-04-28,morning,42,female,weekend,Belt,General,1,367.59,367.59,478.29
250,2024-03-09,evening,37,male,holiday,Jeans,General,4,878.42,3513.68,106.34
250,2024-03-09,afternoon,64,female,daily_needs,Jacket,General,2,193.81,387.62,106.34
250,2024-03-09,morning,26,male,daily_needs,Skirt,General,4,767.04,3068.16,106.34
250,2024-03-09,morning,56,male,holiday,Polo Shirt,General,3,384.27,1152.81,106.34
251,2024-04-23,afternoon,29,male,holiday,Jacket,General,2,377.77,755.54,469.98
251,2024-04-23,morning,19,female,daily_needs,Dress,General,4,632.81,2531.24,469.98
252,2024-04-03,morning,68,male,weekend,T-Shirt,General,4,53.54,214.16,448.81
252,2024-04-03,afternoon,20,female,holiday,Skirt,General,5,186.35,931.75,448.81
252,2024-04-03,morning,18,female,daily_needs,Jeans,General,4,988.43,3953.72,448.81
253,2024-03-15,afternoon,80,female,holiday,Hat,General,2,859.78,1719.56,423.77
253,2024-03-15,morning,37,female,weekend,Gloves,General,3,145.63,436.89,423.77
253,2024-03-15,evening,52,female,holiday,Polo Shirt,General,1,488.23,488.23,423.77
253,2024-03-15,evening,71,male,daily_needs,Shoes,General,5,147.21,736.05,423.77
254,2024-03-19,evening,23,male,holiday,Scarf,General,3,889.18,2667.54,142.09
254,2024-03-19,morning,34,male,holiday,Polo Shirt,General,3,342.05,1026.15,142.09
255,2024-04-29,morning,38,female,weekend,Polo Shirt,General,2,587.78,1175.56,473.85
255,2024-04-29,morning,65,female,holiday,T-Shirt,General,2,979.94,1959.88,473.85
255,2024-04-29,morning,27,male,daily_needs,Jacket,General,4,336.08,1344.32,473.85
256,2024-05-13,afternoon,72,female,daily_needs,Polo Shirt,General,5,417.54,2087.7,497.08
256,2024-05-13,afternoon,57,female,holiday,Hat,General,1,750.06,750.06,497.08
256,2024-05-13,evening,67,female,weekend,Gloves,General,2,270.18,540.36,497.08
256,2024-05-13,afternoon,67,female,holiday,Jeans,General,3,768.0,2304.0,497.08
257,2024-04-03,afternoon,45,male,holiday,Jacket,General,1,242.58,242.58,282.97
258,2024-03-15,evening,63,female,daily_needs,Belt,General,3,320.89,962.67,274.47
259,2024-03-11,afternoon,70,male,daily_needs,Belt,General,2,780.39,1560.78,179.47
259,2024-03-11,evening,40,male,holiday,Belt,General,5,534.54,2672.7,179.47
260,2024-05-08,evening,32,male,weekend,Jacket,General,1,686.79,686.79,353.96
260,2024-05-08,evening,32,male,holiday,Underwear,General,4,861.13,3444.52,353.96
260,2024-05-08,afternoon,21,female,weekend,Scarf,General,5,972.57,4862.85,353.96
261,2024-04-30,afternoon,26,female,daily_needs,Jeans,General,3,714.17,2142.51,367.25
261,2024-04-30,morning,77,male,daily_needs,Shorts,General,4,157.5,630.0,367.25
261,2024-04-30,afternoon,70,male,daily_needs,Scarf,General,2,653.16,1306.32,367.25
261,2024-04-30,afternoon,55,male,daily_needs,Belt,General,3,89.12,267.36,367.25
262,2024-04-05,afternoon,25,male,daily_needs,Hat,General,2,678.79,1357.58,404.23
262,2024-04-05,morning,58,male,holiday,Dress,General,5,120.56,602.8,404.23
263,2024-05-20,morning,60,female,weekend,Belt,General,1,550.43,550.43,344.01
263,2024-05-20,morning,22,female,weekend,T-Shirt,General,4,841.22,3364.88,344.01
263,2024-05-20,afternoon,25,female,weekend,Underwear,General,2,878.72,1757.44,344.01
263,2024-05-20,evening,73,female,weekend,Shoes,General,5,120.99,604.95,344.01
264,2024-05-17,morning,73,female,holiday,Scarf,General,4,75.52,302.08,142.08
264,2024-05-17,afternoon,71,female,weekend,Polo Shirt,General,5,342.25,1711.25,142.08
264,2024-05-17,evening,71,female,weekend,Jeans,General,1,119.11,119.11,142.08
265,2024-05-02,evening,49,male,holiday,Scarf,General,3,121.89,365.67,412.37
265,2024-05-02,evening,49,female,holiday,Socks,General,4,61.26,245.04,412.37
266,2024-03-14,evening,24,male,daily_needs,Sweater,General,5,679.16,3395.8,461.52
267,2024-04-23,evening,65,male,weekend,Polo Shirt,General,4,855.19,3420.76,329.34
267,2024-04-23,evening,20,female,holiday,Skirt,General,4,675.69,2702.76,329.34
267,2024-04-23,morning,31,male,daily_needs,Polo Shirt,General,3,116.83,350.49,329.34
267,2024-04-23,afternoon,69,male,holiday,Hat,General,3,371.42,1114.26,329.34
268,2024-05-27,afternoon,80,male,weekend,Hat,General,1,338.02,338.02,379.64
268,2024-05-27,evening,34,male,daily_needs,Socks,General,5,655.32,3276.6,379.64
268,2024-05-27,evening,43,female,daily_needs,Belt,General,4,859.51,3438.04,379.64
269,2024-04-12,evening,52,male,weekend,Belt,General,3,119.27,357.81,388.78
269,2024-04-12,evening,43,female,holiday,Hat,General,2,761.43,1522.86,388.78
269,2024-04-12,morning,34,female,weekend,Sweater,General,4,897.86,3591.44,388.78
270,2024-03-21,afternoon,19,male,daily_needs,Underwear,General,3,910.65,2731.95,380.09
270,2024-03-21,evening,36,male,weekend,Underwear,General,1,214.65,214.65,380.09
271,2024-03-12,afternoon,27,female,holiday,Sweater,General,4,150.37,601.48,254.1
271,2024-03-12,evening,70,female,holiday,Underwear,General,1,337.36,337.36,254.1
271,2024-03-12,morning,46,male,daily_needs,Socks,General,2,674.17,1348.34,254.1
271,2024-03-12,afternoon,19,female,daily_needs,Belt,General,2,260.44,520.88,254.1
272,2024-03-29,evening,69,male,daily_needs,T-Shirt,General,3,258.81,776.43,108.31
272,2024-03-29,evening,48,female,weekend,Socks,General,5,998.41,4992.05,108.31
272,2024-03-29,morning,44,male,holiday,Underwear,General,4,634.71,2538.84,108.31
272,2024-03-29,afternoon,65,female,holiday,Shorts,General,3,807.36,2422.08,108.31
273,2024-04-03,afternoon,41,male,weekend,Socks,General,3,95.5,286.5,377.28
273,2024-04-03,afternoon,73,male,holiday,Underwear,General,2,114.69,229.38,377.28
273,2024-04-03,evening,63,female,holiday,Sweater,General,1,811.11,811.11,377.28
273,2024-04-03,evening,32,female,holiday,Skirt,General,5,824.66,4123.3,377.28
274,2024-03-29,afternoon,54,male,weekend,Underwear,General,4,507.19,2028.76,274.47
274,2024-03-29,morning,19,female,holiday,Polo Shirt,General,1,897.92,897.92,274.47
274,2024-03-29,afternoon,73,male,daily_needs,Polo Shirt,General,3,84.1,252.3,274.47
274,2024-03-29,evening,35,female,holiday,T-Shirt,General,5,500.99,2504.95,274.47
275,2024-03-18,morning,60,female,weekend,Socks,General,3,343.92,1031.76,327.94
275,2024-03-18,evening,78,female,daily_needs,Shorts,General,5,980.57,4902.85,327.94
275,2024-03-18,evening,38,male,holiday,T-Shirt,General,3,595.7,1787.1,327.94
275,2024-03-18,morning,57,male,holiday,Scarf,General,2,737.91,1475.82,327.94
276,2024-04-01,morning,19,female,holiday,Jeans,General,3,107.32,321.96,478.46
276,2024-04-01,evening,62,female,weekend,Scarf,General,4,155.74,622.96,478.46
277,2024-04-13,morning,37,female,daily_needs,Skirt,General,4,881.48,3525.92,299.87
277,2024-04-13,morning,34,female,daily_needs,Shoes,General,3,985.92,2957.76,299.87
278,2024-05-21,afternoon,46,male,holiday,Dress,General,1,881.72,881.72,124.36
279,2024-05-11,evening,41,male,daily_needs,T-Shirt,General,5,32.33,161.65,230.74
280,2024-04-09,evening,54,female,daily_needs,Jacket,General,2,643.75,1287.5,299.28
281,2024-05-08,afternoon,24,male,holiday,Sweater,General,5,193.39,966.95,276.28
281,2024-05-08,morning,50,male,weekend,T-Shirt,General,5,58.0,290.0,276.28
282,2024-05-08,afternoon,77,female,daily_needs,Sweater,General,2,598.3,1196.6,166.95
283,2024-03-13,morning,56,male,holiday,Gloves,General,3,939.06,2817.18,471.44
283,2024-03-13,evening,71,female,weekend,Jeans,General,5,84.15,420.75,471.44
283,2024-03-13,morning,41,male,daily_needs,Belt,General,4,204.57,818.28,471.44
283,2024-03-13,afternoon,20,female,daily_needs,Gloves,General,4,814.69,3258.76,471.44
284,2024-05-24,evening,23,female,holiday,Underwear,General,5,708.16,3540.8,308.67
285,2024-05-09,afternoon,38,male,weekend,Shorts,General,2,307.1,614.2,350.54
285,2024-05-09,afternoon,45,female,daily_needs,Hat,General,1,501.41,501.41,350.54
286,2024-04-11,evening,42,female,weekend,Shorts,General,3,775.43,2326.29,379.56
286,2024-04-11,evening,71,male,daily_needs,Jeans,General,3,894.25,2682.75,379.56
286,2024-04-11,evening,75,male,holiday,Sweater,General,1,543.61,543.61,379.56
286,2024-04-11,morning,79,female,weekend,Shoes,General,3,964.9,2894.7,379.56
287,2024-03-07,evening,50,male,holiday,Sweater,General,1,912.45,912.45,139.46
287,2024-03-07,morning,75,male,holiday,Sweater,General,1,719.75,719.75,139.46
287,2024-03-07,afternoon,31,male,daily_needs,Gloves,General,4,221.91,887.64,139.46
287,2024-03-07,evening,25,female,daily_needs,Gloves,General,2,666.4,1332.8,139.46
288,2024-04-12,afternoon,70,male,weekend,Gloves,General,4,63.86,255.44,156.67
288,2024-04-12,morning,57,female,weekend,Polo Shirt,General,5,715.97,3579.85,156.67
289,2024-05-20,morning,78,female,weekend,Skirt,General,1,427.57,427.57,265.46
289,2024-05-20,afternoon,71,male,weekend,Dress,General,5,30.22,151.1,265.46
289,2024-05-20,evening,43,male,holiday,Shorts,General,4,146.31,585.24,265.46
290,2024-05-28,morning,58,male,daily_needs,Jacket,General,4,85.17,340.68,314.78
290,2024-05-28,morning,78,female,holiday,Skirt,General,4,299.11,1196.44,314.78
291,2024-04-06,evening,34,male,daily_needs,Scarf,General,2,951.2,1902.4,321.9
291,2024-04-06,afternoon,30,male,holiday,T-Shirt,General,4,489.24,1956.96,321.9
291,2024-04-06,morning,32,male,weekend,Jacket,General,1,767.29,767.29,321.9
292,2024-03-09,afternoon,57,female,weekend,Skirt,General,2,453.18,906.36,407.65
292,2024-03-09,evening,77,male,daily_needs,Skirt,General,3,62.88,188.64,407.65
293,2024-03-02,afternoon,73,female,daily_needs,Sweater,General,4,216.64,866.56,357.65
293,2024-03-02,afternoon,42,male,weekend,Socks,General,1,240.73,240.73,357.65
294,2024-05-20,afternoon,60,female,daily_needs,Belt,General,4,88.0,352.0,198.31
294,2024-05-20,evening,36,male,daily_needs,Socks,General,3,75.58,226.74,198.31
295,2024-05-27,afternoon,51,male,holiday,Skirt,General,2,729.6,1459.2,228.66
296,2024-03-05,morning,61,male,daily_needs,Scarf,General,1,571.46,571.46,425.48
296,2024-03-05,evening,25,male,holiday,T-Shirt,General,5,554.67,2773.35,425.48
297,2024-03-03,evening,59,female,weekend,Polo Shirt,General,5,399.03,1995.15,464.1
297,2024-03-03,morning,61,female,holiday,Dress,General,3,980.53,2941.59,464.1
297,2024-03-03,evening,47,female,daily_needs,Hat,General,5,881.86,4409.3,464.1
297,2024-03-03,morning,27,female,holiday,Skirt,General,2,963.78,1927.56,464.1
298,2024-04-19,morning,41,male,weekend,Shorts,General,3,161.1,483.3,283.97
298,2024-04-19,evening,74,male,weekend,Jacket,General,3,223.94,671.82,283.97
298,2024-04-19,afternoon,44,female,weekend,Skirt,General,4,455.02,1820.08,283.97
299,2024-04-19,afternoon,39,female,holiday,Scarf,General,2,728.84,1457.68,182.37
299,2024-04-19,morning,63,male,holiday,Shoes,General,5,376.15,1880.75,182.37
299,2024-04-19,afternoon,53,female,weekend,Polo Shirt,General,3,229.24,687.72,182.37
299,2024-04-19,morning,48,male,holiday,Polo Shirt,General,4,314.31,1257.24,182.37
300,2024-05-19,morning,30,male,weekend,Socks,General,2,666.46,1332.92,474.85
300,2024-05-19,afternoon,29,female,daily_needs,Skirt,General,2,398.25,796.5,474.85
300,2024-05-19,evening,29,female,holiday,Polo Shirt,General,5,773.86,3869.3,474.85
300,2024-05-19,evening,43,male,daily_needs,Scarf,General,3,479.21,1437.63,474.85
301,2024-03-17,afternoon,57,male,holiday,Jeans,General,1,104.04,104.04,103.47
301,2024-03-17,morning,39,male,weekend,Gloves,General,3,218.95,656.85,103.47
301,2024-03-17,morning,79,male,weekend,Belt,General,1,375.68,375.68,103.47
301,2024-03-17,afternoon,55,female,weekend,Sweater,General,2,303.95,607.9,103.47
302,2024-03-13,morning,28,female,daily_needs,Socks,General,5,421.49,2107.45,324.67
302,2024-03-13,evening,48,female,holiday,Belt,General,2,976.6,1953.2,324.67
303,2024-05-24,afternoon,24,male,daily_needs,Gloves,General,4,483.36,1933.44,290.75
303,2024-05-24,morning,55,female,weekend,Underwear,General,5,198.2,991.0,290.75
304,2024-03-03,evening,54,female,weekend,Jeans,General,3,87.51,262.53,153.98
304,2024-03-03,afternoon,61,female,daily_needs,Jeans,General,2,962.34,1924.68,153.98
304,2024-03-03,afternoon,36,male,weekend,Underwear,General,4,35.64,142.56,153.98
304,2024-03-03,evening,44,male,weekend,Belt,General,3,208.18,624.54,153.98
305,2024-04-05,afternoon,38,male,daily_needs,Polo Shirt,General,2,706.5,1413.0,205.25
306,2024-04-25,morning,35,female,holiday,Jeans,General,3,560.25,1680.75,152.26
306,2024-04-25,evening,18,male,weekend,Scarf,General,2,906.44,1812.88,152.26
306,2024-04-25,afternoon,42,male,holiday,Polo Shirt,General,3,702.92,2108.76,152.26
307,2024-04-12,evening,72,female,weekend,Skirt,General,3,149.69,449.07,238.5
307,2024-04-12,afternoon,53,male,weekend,Dress,General,3,101.64,304.92,238.5
307,2024-04-12,afternoon,76,male,holiday,Gloves,General,3,864.25,2592.75,238.5
308,2024-03-15,morning,69,male,daily_needs,Jeans,General,2,385.92,771.84,161.6
309,2024-03-31,morning,18,male,holiday,Shorts,General,3,872.76,2618.28,346.98
310,2024-03-20,evening,73,female,holiday,Jeans,General,5,139.54,697.7,381.66
310,2024-03-20,morning,76,male,daily_needs,Jeans,General,1,23.76,23.76,381.66
310,2024-03-20,evening,32,male,daily_needs,Skirt,General,1,399.16,399.16,381.66
310,2024-03-20,evening,51,male,weekend,Belt,General,2,714.07,1428.14,381.66
311,2024-05-03,afternoon,36,male,weekend,Jacket,General,5,26.19,130.95,170.34
311,2024-05-03,morning,34,male,holiday,Underwear,General,2,705.97,1411.94,170.34
312,2024-05-29,morning,29,female,daily_needs,Jacket,General,4,642.59,2570.36,336.92
313,2024-05-16,evening,58,female,daily_needs,Scarf,General,3,827.98,2483.94,394.18
313,2024-05-16,evening,18,female,weekend,Shorts,General,2,83.36,166.72,394.18
313,2024-05-16,morning,49,female,holiday,T-Shirt,General,5,760.54,3802.7,394.18
313,2024-05-16,afternoon,23,female,daily_needs,Skirt,General,1,332.03,332.03,394.18
314,2024-04-16,evening,34,female,weekend,Sweater,General,4,383.03,1532.12,220.1
315,2024-05-02,evening,65,male,daily_needs,Underwear,General,2,61.85,123.7,241.16
315,2024-05-02,afternoon,74,female,weekend,Gloves,General,4,474.35,1897.4,241.16
315,2024-05-02,afternoon,46,male,daily_needs,Skirt,General,4,431.21,1724.84,241.16
316,2024-03-04,afternoon,42,male,weekend,Sweater,General,1,445.69,445.69,426.96
316,2024-03-04,morning,27,male,daily_needs,Jeans,General,1,403.47,403.47,426.96
317,2024-03-20,afternoon,30,male,weekend,Scarf,General,2,317.45,634.9,482.08
317,2024-03-20,evening,35,male,daily_needs,Hat,General,5,729.25,3646.25,482.08
317,2024-03-20,afternoon,45,male,weekend,Polo Shirt,General,1,366.3,366.3,482.08
318,2024-03-14,afternoon,63,female,holiday,Dress,General,2,250.45,500.9,477.34
319,2024-03-28,afternoon,18,female,holiday,Jacket,General,3,637.85,1913.55,373.62
319,2024-03-28,afternoon,57,male,holiday,Jacket,General,5,296.26,1481.3,373.62
319,2024-03-28,evening,41,male,weekend,Underwear,General,4,81.86,327.44,373.62
319,2024-03-28,afternoon,41,female,daily_needs,Shoes,General,3,694.52,2083.56,373.62
320,2024-04-10,afternoon,53,female,holiday,Shorts,General,3,704.36,2113.08,460.74
320,2024-04-10,afternoon,68,male,holiday,Underwear,General,5,252.28,1261.4,460.74
320,2024-04-10,morning,49,female,daily_needs,Sweater,General,5,883.11,4415.55,460.74
320,2024-04-10,afternoon,66,male,holiday,Sweater,General,1,538.65,538.65,460.74
321,2024-04-29,morning,46,female,daily_needs,Shorts,General,3,717.67,2153.01,245.51
321,2024-04-29,morning,48,male,daily_needs,Polo Shirt,General,1,340.67,340.67,245.51
321,2024-04-29,evening,48,male,weekend,Sweater,General,4,985.58,3942.32,245.51
322,2024-05-17,evening,30,male,weekend,Skirt,General,1,740.78,740.78,177.98
322,2024-05-17,evening,36,male,weekend,Scarf,General,1,312.21,312.21,177.98
323,2024-03-27,afternoon,19,male,holiday,Polo Shirt,General,4,97.14,388.56,285.98
323,2024-03-27,morning,46,female,holiday,Jacket,General,5,455.26,2276.3,285.98
324,2024-04-10,afternoon,47,female,daily_needs,Skirt,General,5,464.27,2321.35,165.16
325,2024-03-17,morning,25,male,weekend,Socks,General,4,381.45,1525.8,226.11
325,2024-03-17,evening,42,male,holiday,Scarf,General,3,407.63,1222.89,226.11
325,2024-03-17,afternoon,57,male,holiday,Dress,General,3,574.3,1722.9,226.11
326,2024-05-12,evening,21,male,weekend,Jeans,General,1,157.11,157.11,140.9
327,2024-03-21,morning,66,female,weekend,Sweater,General,1,424.39,424.39,400.34
327,2024-03-21,afternoon,43,male,holiday,Scarf,General,4,700.69,2802.76,400.34
328,2024-05-10,morning,46,male,daily_needs,Shorts,General,3,242.85,728.55,122.61
329,2024-05-27,morning,59,male,weekend,T-Shirt,General,1,234.62,234.62,193.07
330,2024-03-20,evening,38,female,weekend,Shorts,General,4,38.87,155.48,406.21
330,2024-03-20,afternoon,19,female,holiday,Jeans,General,1,216.12,216.12,406.21
331,2024-03-05,morning,55,female,daily_needs,Sweater,General,1,589.95,589.95,247.25
331,2024-03-05,morning,43,male,daily_needs,Socks,General,1,916.9,916.9,247.25
332,2024-05-19,afternoon,53,female,holiday,Scarf,General,2,838.13,1676.26,401.67
332,2024-05-19,afternoon,39,male,weekend,Gloves,General,3,404.78,1214.34,401.67
332,2024-05-19,evening,36,female,daily_needs,Hat,General,5,968.38,4841.9,401.67
333,2024-05-25,morning,29,male,daily_needs,Scarf,General,1,747.96,747.96,449.69
333,2024-05-25,morning,66,female,holiday,Polo Shirt,General,2,888.92,1777.84,449.69
333,2024-05-25,afternoon,41,female,daily_needs,Polo Shirt,General,2,575.51,1151.02,449.69
333,2024-05-25,afternoon,31,male,weekend,T-Shirt,General,2,833.0,1666.0,449.69
334,2024-04-12,afternoon,78,female,holiday,Sweater,General,4,984.54,3938.16,340.73
334,2024-04-12,morning,76,female,weekend,Socks,General,5,299.64,1498.2,340.73
335,2024-05-25,morning,57,male,daily_needs,Belt,General,1,626.89,626.89,442.87
335,2024-05-25,afternoon,77,male,weekend,Hat,General,4,734.17,2936.68,442.87
336,2024-03-21,morning,41,male,holiday,Shoes,General,4,747.01,2988.04,249.13
337,2024-04-05,evening,19,female,daily_needs,Gloves,General,1,316.01,316.01,205.09
337,2024-04-05,morning,25,male,weekend,Jacket,General,1,130.34,130.34,205.09
337,2024-04-05,evening,33,female,holiday,Skirt,General,5,287.67,1438.35,205.09
337,2024-04-05,morning,62,female,daily_needs,Skirt,General,2,231.17,462.34,205.09
338,2024-04-20,morning,20,female,weekend,Belt,General,4,424.18,1696.72,489.16
338,2024-04-20,evening,75,male,holiday,Jeans,General,3,715.7,2147.1,489.16
338,2024-04-20,evening,48,male,weekend,T-Shirt,General,3,963.93,2891.79,489.16
338,2024-04-20,morning,33,female,daily_needs,Polo Shirt,General,1,876.05,876.05,489.16
339,2024-04-25,morning,63,male,weekend,Sweater,General,1,606.09,606.09,282.5
339,2024-04-25,afternoon,52,male,weekend,Polo Shirt,General,3,731.67,2195.01,282.5
339,2024-04-25,evening,27,female,holiday,Polo Shirt,General,3,418.86,1256.58,282.5
339,2024-04-25,evening,43,female,weekend,Sweater,General,3,164.68,494.04,282.5
340,2024-05-26,evening,52,female,weekend,Scarf,General,1,610.11,610.11,453.91
340,2024-05-26,afternoon,77,female,holiday,Hat,General,4,758.63,3034.52,453.91
340,2024-05-26,evening,28,male,weekend,Socks,General,2,606.82,1213.64,453.91
340,2024-05-26,evening,58,male,holiday,Jacket,General,2,828.19,1656.38,453.91
341,2024-04-20,afternoon,74,male,holiday,Socks,General,1,529.18,529.18,330.19
342,2024-04-02,evening,32,female,weekend,Jeans,General,3,737.22,2211.66,418.77
342,2024-04-02,evening,77,female,holiday,Polo Shirt,General,4,234.69,938.76,418.77
343,2024-04-14,evening,66,male,daily_needs,Polo Shirt,General,4,172.59,690.36,377.58
343,2024-04-14,morning,63,male,holiday,Shorts,General,1,505.3,505.3,377.58
343,2024-04-14,morning,62,female,daily_needs,Shorts,General,4,316.8,1267.2,377.58
343,2024-04-14,morning,52,male,daily_needs,T-Shirt,General,1,50.48,50.48,377.58
344,2024-03-16,morning,70,male,daily_needs,Dress,General,4,951.99,3807.96,268.77
344,2024-03-16,afternoon,60,female,daily_needs,Skirt,General,5,314.21,1571.05,268.77
345,2024-04-19,morning,37,female,holiday,Underwear,General,4,642.52,2570.08,337.33
345,2024-04-19,evening,49,male,weekend,Sweater,General,3,50.42,151.26,337.33
345,2024-04-19,evening,48,female,holiday,Shorts,General,1,434.25,434.25,337.33
346,2024-05-15,evening,49,male,weekend,T-Shirt,General,4,763.87,3055.48,134.73
346,2024-05-15,afternoon,52,male,daily_needs,Shoes,General,1,465.59,465.59,134.73
346,2024-05-15,evening,39,male,holiday,Hat,General,1,336.42,336.42,134.73
347,2024-05-10,morning,57,female,daily_needs,T-Shirt,General,2,601.56,1203.12,370.1
347,2024-05-10,morning,77,female,daily_needs,Socks,General,2,473.92,947.84,370.1
347,2024-05-10,evening,54,female,holiday,Polo Shirt,General,1,268.14,268.14,370.1
347,2024-05-10,morning,62,female,daily_needs,Gloves,General,4,307.52,1230.08,370.1
348,2024-03-21,afternoon,56,female,weekend,Jeans,General,2,969.19,1938.38,130.73
349,2024-05-01,morning,18,female,holiday,Shorts,General,2,777.01,1554.02,117.55
349,2024-05-01,morning,32,female,holiday,Underwear,General,4,244.16,976.64,117.55
349,2024-05-01,afternoon,69,male,daily_needs,Jacket,General,2,149.36,298.72,117.55
349,2024-05-01,evening,54,male,weekend,Hat,General,3,798.45,2395.35,117.55
350,2024-04-25,evening,51,female,holiday,Socks,General,1,430.25,430.25,113.41
351,2024-04-25,morning,22,male,weekend,Gloves,General,3,485.13,1455.39,302.85
351,2024-04-25,morning,76,male,daily_needs,T-Shirt,General,2,104.65,209.3,302.85
351,2024-04-25,morning,60,male,weekend,Polo Shirt,General,5,385.85,1929.25,302.85
351,2024-04-25,afternoon,48,male,holiday,Jacket,General,5,424.99,2124.95,302.85
352,2024-05-11,morning,30,male,weekend,Jacket,General,4,30.97,123.88,124.0
353,2024-03-02,evening,60,female,holiday,Socks,General,1,317.28,317.28,424.58
354,2024-04-10,afternoon,69,male,daily_needs,Polo Shirt,General,4,488.71,1954.84,185.65
354,2024-04-10,morning,42,male,daily_needs,Polo Shirt,General,2,860.69,1721.38,185.65
355,2024-03-19,afternoon,50,male,holiday,Jacket,General,2,634.4,1268.8,265.4
356,2024-05-20,morning,70,female,weekend,T-Shirt,General,4,62.05,248.2,228.2
356,2024-05-20,afternoon,19,male,holiday,Skirt,General,3,402.96,1208.88,228.2
356,2024-05-20,evening,71,male,holiday,Gloves,General,2,489.78,979.56,228.2
357,2024-05-05,evening,73,male,daily_needs,Underwear,General,5,301.88,1509.4,409.24
357,2024-05-05,afternoon,56,male,weekend,Jeans,General,5,103.15,515.75,409.24
357,2024-05-05,morning,67,male,weekend,Dress,General,4,295.22,1180.88,409.24
357,2024-05-05,evening,69,female,weekend,Belt,General,5,613.19,3065.95,409.24
358,2024-04-09,evening,49,female,holiday,Underwear,General,5,924.98,4624.9,342.08
358,2024-04-09,evening,68,male,weekend,Sweater,General,1,697.6,697.6,342.08
358,2024-04-09,afternoon,52,male,weekend,Polo Shirt,General,3,935.48,2806.44,342.08
358,2024-04-09,afternoon,56,male,weekend,Gloves,General,3,909.07,2727.21,342.08
359,2024-05-12,afternoon,80,female,daily_needs,Belt,General,3,527.32,1581.96,264.62
359,2024-05-12,afternoon,56,female,holiday,Polo Shirt,General,2,772.95,1545.9,264.62
360,2024-03-18,morning,61,female,holiday,Socks,General,5,334.72,1673.6,419.21
360,2024-03-18,evening,51,male,daily_needs,Skirt,General,3,645.82,1937.46,419.21
360,2024-03-18,morning,56,female,daily_needs,Gloves,General,4,387.5,1550.0,419.21
361,2024-04-20,evening,35,female,holiday,Sweater,General,2,269.63,539.26,128.82
361,2024-04-20,morning,79,female,holiday,Scarf,General,1,85.22,85.22,128.82
361,2024-04-20,afternoon,77,female,weekend,Gloves,General,5,591.91,2959.55,128.82
361,2024-04-20,afternoon,50,female,daily_needs,Dress,General,1,981.95,981.95,128.82
362,2024-05-20,evening,24,female,weekend,Scarf,General,3,137.06,411.18,172.44
362,2024-05-20,afternoon,66,male,daily_needs,Belt,General,1,291.81,291.81,172.44
362,2024-05-20,evening,52,female,daily_needs,Shorts,General,1,927.23,927.23,172.44
362,2024-05-20,evening,45,male,daily_needs,Gloves,General,5,78.68,393.4,172.44
363,2024-03-15,evening,64,female,weekend,Scarf,General,2,245.88,491.76,347.32
363,2024-03-15,evening,66,female,holiday,Sweater,General,2,168.67,337.34,347.32
363,2024-03-15,evening,55,female,daily_needs,Jacket,General,4,219.08,876.32,347.32
364,2024-05-18,morning,23,female,weekend,Jeans,General,1,261.27,261.27,262.56
365,2024-03-31,evening,28,male,daily_needs,Dress,General,1,23.1,23.1,368.46
365,2024-03-31,afternoon,55,female,weekend,Shoes,General,2,118.36,236.72,368.46
365,2024-03-31,morning,44,female,weekend,Jacket,General,4,853.57,3414.28,368.46
365,2024-03-31,afternoon,19,female,daily_needs,Gloves,General,4,447.92,1791.68,368.46
366,2024-05-07,afternoon,19,female,holiday,Underwear,General,4,841.45,3365.8,342.62
366,2024-05-07,afternoon,27,male,holiday,Belt,General,4,185.01,740.04,342.62
366,2024-05-07,afternoon,31,male,weekend,Sweater,General,4,288.66,1154.64,342.62
367,2024-04-07,afternoon,56,female,daily_needs,Polo Shirt,General,5,259.19,1295.95,379.03
367,2024-04-07,afternoon,63,male,weekend,Underwear,General,3,372.33,1116.99,379.03
368,2024-03-03,afternoon,64,female,weekend,Jeans,General,4,269.83,1079.32,191.42
368,2024-03-03,afternoon,76,female,weekend,Jacket,General,2,234.75,469.5,191.42
368,2024-03-03,evening,59,male,daily_needs,Scarf,General,3,67.02,201.06,191.42
368,2024-03-03,morning,23,male,daily_needs,Underwear,General,5,69.06,345.3,191.42
369,2024-03-11,afternoon,27,female,daily_needs,Belt,General,4,292.94,1171.76,466.39
369,2024-03-11,morning,44,female,daily_needs,Socks,General,1,247.18,247.18,466.39
369,2024-03-11,morning,57,male,holiday,Polo Shirt,General,2,302.48,604.96,466.39
370,2024-04-30,morning,33,male,daily_needs,Underwear,General,1,86.03,86.03,140.6
370,2024-04-30,morning,52,male,weekend,Socks,General,3,728.74,2186.22,140.6
370,2024-04-30,morning,52,male,daily_needs,Shorts,General,1,338.97,338.97,140.6
370,2024-04-30,morning,67,female,holiday,Belt,General,1,510.89,510.89,140.6
371,2024-03-08,morning,28,male,weekend,Jacket,General,2,257.09,514.18,343.59
371,2024-03-08,afternoon,54,female,weekend,Shoes,General,4,191.64,766.56,343.59
371,2024-03-08,morning,63,male,daily_needs,Polo Shirt,General,5,759.42,3797.1,343.59
371,2024-03-08,morning,80,female,daily_needs,T-Shirt,General,3,471.56,1414.68,343.59
372,2024-05-02,evening,52,female,holiday,Hat,General,5,366.86,1834.3,342.21
372,2024-05-02,evening,71,female,weekend,Socks,General,4,183.56,734.24,342.21
372,2024-05-02,afternoon,26,male,daily_needs,Jeans,General,5,994.82,4974.1,342.21
372,2024-05-02,afternoon,25,female,weekend,Scarf,General,3,386.15,1158.45,342.21
373,2024-04-10,morning,66,male,daily_needs,Scarf,General,2,460.94,921.88,336.17
373,2024-04-10,evening,26,female,weekend,Shoes,General,2,36.05,72.1,336.17
373,2024-04-10,morning,75,female,weekend,Hat,General,4,477.02,1908.08,336.17
373,2024-04-10,afternoon,41,male,weekend,Jacket,General,4,960.43,3841.72,336.17
374,2024-04-01,evening,77,male,weekend,Sweater,General,1,363.54,363.54,463.76
374,2024-04-01,evening,73,female,daily_needs,Underwear,General,3,367.68,1103.04,463.76
375,2024-05-05,morning,77,female,daily_needs,Sweater,General,3,209.61,628.83,468.79
375,2024-05-05,morning,18,male,daily_needs,Skirt,General,5,284.22,1421.1,468.79
375,2024-05-05,morning,50,male,holiday,Socks,General,3,43.66,130.98,468.79
375,2024-05-05,afternoon,39,female,weekend,Underwear,General,3,299.23,897.69,468.79
376,2024-03-07,afternoon,66,female,weekend,Shorts,General,5,55.43,277.15,411.72
377,2024-05-12,morning,77,female,weekend,Polo Shirt,General,4,736.82,2947.28,354.08
378,2024-03-19,morning,23,female,weekend,Scarf,General,2,61.05,122.1,221.16
378,2024-03-19,morning,30,female,holiday,Shoes,General,4,803.48,3213.92,221.16
379,2024-03-20,evening,54,female,daily_needs,T-Shirt,General,1,180.12,180.12,114.98
379,2024-03-20,evening,48,male,daily_needs,Hat,General,2,926.33,1852.66,114.98
379,2024-03-20,afternoon,25,male,holiday,Hat,General,3,624.46,1873.38,114.98
379,2024-03-20,afternoon,72,female,weekend,Underwear,General,5,556.97,2784.85,114.98
380,2024-04-12,evening,27,female,holiday,Shorts,General,2,241.67,483.34,108.89
380,2024-04-12,afternoon,35,female,holiday,Dress,General,4,973.31,3893.24,108.89
380,2024-04-12,afternoon,21,female,weekend,Jeans,General,2,563.91,1127.82,108.89
381,2024-03-29,afternoon,75,male,daily_needs,Skirt,General,5,515.73,2578.65,265.06
381,2024-03-29,afternoon,44,female,weekend,Jeans,General,2,179.2,358.4,265.06
382,2024-05-01,afternoon,77,male,weekend,Scarf,General,4,170.97,683.88,289.27
383,2024-03-04,afternoon,25,female,daily_needs,Hat,General,4,929.28,3717.12,258.54
383,2024-03-04,morning,43,female,daily_needs,Dress,General,2,618.36,1236.72,258.54
383,2024-03-04,morning,39,male,holiday,Sweater,General,5,389.31,1946.55,258.54
384,2024-03-11,morning,23,male,daily_needs,Socks,General,4,502.8,2011.2,136.93
385,2024-05-29,morning,18,female,daily_needs,T-Shirt,General,2,305.59,611.18,437.43
385,2024-05-29,evening,61,female,holiday,Underwear,General,1,59.62,59.62,437.43
386,2024-04-09,morning,20,male,daily_needs,Underwear,General,1,825.0,825.0,176.9
386,2024-04-09,morning,75,female,weekend,Jeans,General,3,601.5,1804.5,176.9
386,2024-04-09,evening,71,male,holiday,Dress,General,2,83.64,167.28,176.9
387,2024-05-17,morning,59,male,weekend,Underwear,General,2,695.25,1390.5,112.81
387,2024-05-17,afternoon,60,male,holiday,Hat,General,4,371.58,1486.32,112.81
387,2024-05-17,evening,37,female,holiday,Skirt,General,4,429.61,1718.44,112.81
388,2024-03-31,evening,38,male,daily_needs,Hat,General,2,709.17,1418.34,114.72
388,2024-03-31,morning,55,male,daily_needs,Jeans,General,4,143.59,574.36,114.72
388,2024-03-31,evening,22,female,weekend,Skirt,General,3,587.68,1763.04,114.72
389,2024-05-01,afternoon,25,female,holiday,Shoes,General,4,663.06,2652.24,245.68
389,2024-05-01,afternoon,30,female,daily_needs,T-Shirt,General,1,844.3,844.3,245.68
389,2024-05-01,afternoon,42,male,weekend,Hat,General,4,788.05,3152.2,245.68
389,2024-05-01,afternoon,46,male,weekend,Skirt,General,4,665.24,2660.96,245.68
390,2024-05-12,morning,73,male,weekend,Scarf,General,1,497.16,497.16,495.35
390,2024-05-12,morning,20,male,daily_needs,Socks,General,5,505.45,2527.25,495.35
391,2024-04-05,evening,29,female,daily_needs,Shorts,General,1,638.91,638.91,384.55
391,2024-04-05,evening,41,female,daily_needs,Jeans,General,4,776.14,3104.56,384.55
392,2024-05-04,morning,27,female,holiday,Polo Shirt,General,5,287.98,1439.9,256.28
392,2024-05-04,evening,55,male,weekend,Shorts,General,1,465.85,465.85,256.28
393,2024-05-15,evening,66,female,daily_needs,Dress,General,3,37.56,112.68,335.73
393,2024-05-15,morning,48,female,weekend,Gloves,General,5,580.46,2902.3,335.73
393,2024-05-15,afternoon,71,male,weekend,Dress,General,3,893.68,2681.04,335.73
394,2024-03-05,evening,75,female,weekend,Dress,General,1,540.13,540.13,116.22
394,2024-03-05,afternoon,33,female,daily_needs,Scarf,General,1,959.46,959.46,116.22
395,2024-04-05,morning,50,female,holiday,Polo Shirt,General,1,506.7,506.7,332.07
395,2024-04-05,evening,60,female,daily_needs,Belt,General,2,927.12,1854.24,332.07
395,2024-04-05,afternoon,53,female,daily_needs,Socks,General,2,33.93,67.86,332.07
395,2024-04-05,afternoon,23,female,holiday,Shoes,General,4,40.28,161.12,332.07
396,2024-03-17,morning,60,female,holiday,Dress,General,4,178.62,714.48,270.58
396,2024-03-17,evening,28,female,daily_needs,Shorts,General,3,323.3,969.9,270.58
396,2024-03-17,evening,62,male,daily_needs,Jacket,General,1,855.97,855.97,270.58
397,2024-03-01,morning,67,female,daily_needs,Jeans,General,4,350.78,1403.12,300.19
397,2024-03-01,evening,47,male,weekend,Polo Shirt,General,5,292.73,1463.65,300.19
398,2024-03-11,morning,40,male,weekend,Shorts,General,2,554.4,1108.8,200.11
398,2024-03-11,morning,76,male,daily_needs,Jacket,General,2,355.26,710.52,200.11
398,2024-03-11,evening,70,male,weekend,Gloves,General,3,49.19,147.57,200.11
399,2024-04-19,morning,69,female,daily_needs,Jacket,General,2,628.65,1257.3,293.37
399,2024-04-19,evening,65,male,holiday,Shoes,General,4,566.31,2265.24,293.37
399,2024-04-19,afternoon,42,female,holiday,Sweater,General,2,901.97,1803.94,293.37
399,2024-04-19,morning,46,male,daily_needs,Underwear,General,3,36.78,110.34,293.37
400,2024-05-25,evening,39,female,holiday,Belt,General,1,970.19,970.19,444.8
400,2024-05-25,morning,26,male,holiday,Socks,General,5,770.8,3854.0,444.8
400,2024-05-25,evening,26,female,weekend,Socks,General,5,731.39,3656.95,444.8
401,2024-04-13,evening,69,male,holiday,Sweater,General,2,325.82,651.64,428.87
402,2024-04-07,morning,21,female,holiday,Jacket,General,3,819.38,2458.14,499.71
403,2024-04-05,afternoon,80,male,holiday,Sweater,General,1,508.32,508.32,395.45
403,2024-04-05,afternoon,19,male,weekend,Sweater,General,2,717.56,1435.12,395.45
403,2024-04-05,morning,77,male,weekend,Jeans,General,1,975.15,975.15,395.45
404,2024-04-12,morning,29,male,holiday,Shorts,General,1,246.89,246.89,210.61
404,2024-04-12,evening,66,male,holiday,Socks,General,5,872.89,4364.45,210.61
404,2024-04-12,evening,37,female,daily_needs,Gloves,General,4,757.26,3029.04,210.61
405,2024-03-06,afternoon,23,female,weekend,Skirt,General,1,154.15,154.15,137.73
405,2024-03-06,evening,18,male,weekend,T-Shirt,General,4,813.31,3253.24,137.73
405,2024-03-06,afternoon,52,male,weekend,Jacket,General,5,940.86,4704.3,137.73
406,2024-04-01,afternoon,28,male,holiday,Gloves,General,5,706.68,3533.4,141.55
407,2024-03-03,morning,64,male,daily_needs,Skirt,General,5,253.81,1269.05,263.16
407,2024-03-03,evening,51,female,holiday,Shorts,General,2,502.8,1005.6,263.16
407,2024-03-03,morning,21,female,daily_needs,Underwear,General,4,208.62,834.48,263.16
407,2024-03-03,evening,36,female,daily_needs,Scarf,General,5,423.31,2116.55,263.16
408,2024-05-14,afternoon,33,male,holiday,Scarf,General,3,655.37,1966.11,299.07
408,2024-05-14,morning,43,male,holiday,Dress,General,2,585.08,1170.16,299.07
408,2024-05-14,evening,55,male,holiday,Shoes,General,2,716.85,1433.7,299.07
409,2024-03-30,evening,20,male,holiday,Scarf,General,2,965.92,1931.84,210.62
409,2024-03-30,morning,54,male,holiday,Shoes,General,1,833.37,833.37,210.62
410,2024-03-02,morning,39,male,weekend,Jacket,General,2,729.83,1459.66,414.24
410,2024-03-02,afternoon,38,female,weekend,Polo Shirt,General,5,686.71,3433.55,414.24
410,2024-03-02,afternoon,60,male,holiday,Jacket,General,2,401.43,802.86,414.24
410,2024-03-02,morning,73,male,weekend,Hat,General,3,448.7,1346.1,414.24
411,2024-04-02,afternoon,47,male,daily_needs,Shorts,General,1,753.36,753.36,309.71
412,2024-03-27,morning,74,female,daily_needs,Dress,General,3,193.52,580.56,407.62
412,2024-03-27,afternoon,68,male,holiday,Hat,General,3,317.13,951.39,407.62
412,2024-03-27,morning,46,male,holiday,Belt,General,3,842.68,2528.04,407.62
412,2024-03-27,afternoon,35,male,weekend,Shoes,General,4,906.71,3626.84,407.62
413,2024-03-03,evening,49,female,daily_needs,Socks,General,5,649.05,3245.25,157.88
413,2024-03-03,afternoon,64,female,holiday,Dress,General,1,286.38,286.38,157.88
414,2024-05-24,evening,43,male,daily_needs,Underwear,General,1,256.4,256.4,213.13
414,2024-05-24,morning,66,male,holiday,Hat,General,5,23.3,116.5,213.13
414,2024-05-24,morning,38,female,holiday,Sweater,General,1,491.4,491.4,213.13
415,2024-03-24,evening,37,female,weekend,Skirt,General,3,594.47,1783.41,351.54
416,2024-05-25,morning,42,female,holiday,Shoes,General,2,338.22,676.44,443.12
416,2024-05-25,afternoon,48,male,holiday,Sweater,General,4,243.03,972.12,443.12
416,2024-05-25,evening,19,male,daily_needs,Underwear,General,2,246.68,493.36,443.12
417,2024-03-06,afternoon,44,male,daily_needs,Polo Shirt,General,5,452.46,2262.3,154.29
417,2024-03-06,evening,31,male,weekend,Jeans,General,1,271.33,271.33,154.29
418,2024-05-15,morning,35,female,daily_needs,Jeans,General,3,925.1,2775.3,344.71
418,2024-05-15,morning,69,female,holiday,Socks,General,2,63.29,126.58,344.71
418,2024-05-15,evening,35,male,holiday,Shorts,General,1,927.7,927.7,344.71
418,2024-05-15,afternoon,70,male,weekend,Gloves,General,3,118.09,354.27,344.71
419,2024-05-04,evening,35,male,weekend,Skirt,General,3,935.96,2807.88,401.33
419,2024-05-04,evening,62,male,daily_needs,Skirt,General,1,981.09,981.09,401.33
420,2024-05-13,evening,35,male,daily_needs,Belt,General,2,249.54,499.08,118.08
421,2024-03-23,morning,30,male,weekend,Hat,General,1,668.43,668.43,190.25
421,2024-03-23,morning,20,male,holiday,Gloves,General,2,379.31,758.62,190.25
422,2024-04-08,morning,62,male,daily_needs,Hat,General,4,27.47,109.88,249.81
422,2024-04-08,evening,29,female,daily_needs,Jeans,General,2,227.55,455.1,249.81
422,2024-04-08,morning,44,male,weekend,Shoes,General,2,280.82,561.64,249.81
422,2024-04-08,evening,63,female,weekend,Jacket,General,5,542.19,2710.95,249.81
423,2024-05-12,afternoon,45,male,holiday,Belt,General,4,293.59,1174.36,204.09
423,2024-05-12,morning,77,male,daily_needs,Scarf,General,3,388.02,1164.06,204.09
424,2024-05-08,morning,73,male,holiday,Jacket,General,1,245.14,245.14,380.11
424,2024-05-08,morning,53,female,weekend,Gloves,General,5,718.2,3591.0,380.11
424,2024-05-08,morning,21,male,holiday,Gloves,General,2,802.96,1605.92,380.11
424,2024-05-08,morning,76,male,holiday,Belt,General,5,552.8,2764.0,380.11
425,2024-03-10,evening,53,male,weekend,Socks,General,5,111.67,558.35,204.46
425,2024-03-10,evening,26,male,daily_needs,Scarf,General,4,853.24,3412.96,204.46
426,2024-03-27,morning,62,male,holiday,Jacket,General,5,453.5,2267.5,268.85
426,2024-03-27,evening,52,male,holiday,Shorts,General,3,471.68,1415.04,268.85
427,2024-05-27,afternoon,19,male,daily_needs,Shorts,General,1,779.8,779.8,376.35
427,2024-05-27,evening,19,male,weekend,Jacket,General,5,99.44,497.2,376.35
427,2024-05-27,evening,30,female,daily_needs,Hat,General,5,654.6,3273.0,376.35
428,2024-03-08,evening,27,female,weekend,Scarf,General,1,798.8,798.8,301.61
429,2024-04-07,afternoon,28,male,holiday,Belt,General,2,608.34,1216.68,330.55
429,2024-04-07,afternoon,36,female,holiday,Gloves,General,1,167.57,167.57,330.55
429,2024-04-07,afternoon,50,male,weekend,Scarf,General,4,59.58,238.32,330.55
430,2024-04-25,morning,20,male,daily_needs,Polo Shirt,General,3,888.08,2664.24,251.16
430,2024-04-25,evening,39,male,weekend,Skirt,General,5,289.58,1447.9,251.16
430,2024-04-25,morning,43,female,holiday,Jeans,General,2,424.71,849.42,251.16
430,2024-04-25,afternoon,50,male,weekend,Sweater,General,1,378.89,378.89,251.16
431,2024-03-22,evening,20,male,holiday,Hat,General,1,418.6,418.6,196.16
431,2024-03-22,evening,72,female,holiday,Sweater,General,1,776.92,776.92,196.16
431,2024-03-22,evening,78,male,daily_needs,Jeans,General,1,282.45,282.45,196.16
431,2024-03-22,morning,77,male,weekend,Dress,General,5,141.78,708.9,196.16
432,2024-05-11,afternoon,58,female,holiday,Jacket,General,5,949.48,4747.4,299.38
433,2024-04-01,afternoon,63,male,holiday,Polo Shirt,General,1,411.71,411.71,196.89
433,2024-04-01,evening,22,male,holiday,Scarf,General,5,684.34,3421.7,196.89
434,2024-03-22,afternoon,37,male,daily_needs,Shoes,General,4,761.35,3045.4,152.2
434,2024-03-22,evening,64,female,daily_needs,Jeans,General,3,961.56,2884.68,152.2
434,2024-03-22,afternoon,23,female,daily_needs,Belt,General,4,305.79,1223.16,152.2
435,2024-05-20,morning,40,female,weekend,Belt,General,1,202.86,202.86,415.46
435,2024-05-20,evening,61,female,weekend,Socks,General,2,307.96,615.92,415.46
435,2024-05-20,evening,19,male,weekend,Scarf,General,3,422.97,1268.91,415.46
435,2024-05-20,afternoon,73,female,holiday,Underwear,General,5,515.11,2575.55,415.46
436,2024-03-03,evening,24,female,daily_needs,Socks,General,5,528.37,2641.85,432.17
436,2024-03-03,afternoon,39,male,weekend,Underwear,General,1,680.2,680.2,432.17
437,2024-04-13,afternoon,61,male,weekend,Shoes,General,2,918.16,1836.32,183.57
438,2024-04-15,evening,34,female,holiday,Jeans,General,4,733.88,2935.52,422.68
438,2024-04-15,morning,23,male,holiday,Underwear,General,4,535.69,2142.76,422.68
439,2024-03-16,evening,80,male,daily_needs,Underwear,General,1,638.26,638.26,179.2
440,2024-03-28,afternoon,59,female,daily_needs,T-Shirt,General,4,857.72,3430.88,389.34
440,2024-03-28,morning,76,female,weekend,Scarf,General,1,472.48,472.48,389.34
441,2024-05-04,evening,64,male,daily_needs,Gloves,General,2,224.53,449.06,110.63
441,2024-05-04,morning,55,male,weekend,Shorts,General,4,129.77,519.08,110.63
441,2024-05-04,morning,71,male,daily_needs,Skirt,General,4,347.17,1388.68,110.63
441,2024-05-04,evening,62,female,weekend,Skirt,General,3,826.58,2479.74,110.63
442,2024-05-16,evening,76,female,daily_needs,Gloves,General,5,686.52,3432.6,256.7
443,2024-05-18,morning,74,male,daily_needs,Dress,General,5,89.49,447.45,149.27
443,2024-05-18,evening,58,female,daily_needs,Socks,General,3,241.33,723.99,149.27
443,2024-05-18,afternoon,51,female,weekend,Belt,General,1,594.83,594.83,149.27
444,2024-04-22,morning,70,male,daily_needs,Underwear,General,5,515.74,2578.7,129.4
444,2024-04-22,afternoon,35,female,weekend,Scarf,General,1,110.38,110.38,129.4
445,2024-03-05,morning,51,female,holiday,T-Shirt,General,3,637.87,1913.61,411.21
445,2024-03-05,afternoon,33,female,weekend,Scarf,General,4,966.96,3867.84,411.21
445,2024-03-05,evening,20,male,daily_needs,Skirt,General,2,437.99,875.98,411.21
446,2024-03-03,morning,73,male,holiday,Gloves,General,2,374.1,748.2,259.13
447,2024-05-17,morning,42,male,holiday,Hat,General,1,333.97,333.97,398.06
448,2024-03-13,morning,34,female,weekend,T-Shirt,General,4,518.89,2075.56,173.36
448,2024-03-13,evening,24,female,holiday,Belt,General,4,435.98,1743.92,173.36
449,2024-05-11,evening,31,female,weekend,Skirt,General,1,133.51,133.51,221.6
449,2024-05-11,evening,18,female,daily_needs,Sweater,General,3,252.68,758.04,221.6
450,2024-05-25,afternoon,20,male,daily_needs,Polo Shirt,General,3,622.22,1866.66,149.65
450,2024-05-25,morning,60,female,weekend,Skirt,General,1,613.57,613.57,149.65
451,2024-03-07,evening,55,male,weekend,Dress,General,5,198.14,990.7,106.31
451,2024-03-07,afternoon,34,male,weekend,Shorts,General,5,712.04,3560.2,106.31
451,2024-03-07,evening,78,female,holiday,Underwear,General,4,872.19,3488.76,106.31
452,2024-05-24,evening,59,female,daily_needs,Gloves,General,5,309.64,1548.2,314.11
452,2024-05-24,afternoon,55,female,holiday,Underwear,General,2,163.99,327.98,314.11
452,2024-05-24,evening,24,female,daily_needs,Shorts,General,5,889.59,4447.95,314.11
453,2024-05-12,morning,74,male,daily_needs,Jacket,General,2,308.54,617.08,156.52
453,2024-05-12,afternoon,43,male,weekend,Underwear,General,1,990.22,990.22,156.52
454,2024-04-30,afternoon,58,male,weekend,Shorts,General,4,972.9,3891.6,112.21
454,2024-04-30,afternoon,29,male,weekend,Socks,General,2,529.59,1059.18,112.21
455,2024-03-29,evening,60,female,holiday,Shoes,General,5,155.75,778.75,458.83
455,2024-03-29,morning,71,female,daily_needs,Gloves,General,3,960.82,2882.46,458.83
455,2024-03-29,evening,25,male,holiday,Underwear,General,5,445.47,2227.35,458.83
456,2024-03-04,afternoon,55,female,holiday,Polo Shirt,General,2,445.46,890.92,206.42
456,2024-03-04,evening,42,female,weekend,Scarf,General,1,924.99,924.99,206.42
457,2024-03-28,evening,48,female,daily_needs,Polo Shirt,General,2,771.16,1542.32,422.89
458,2024-04-10,morning,34,male,weekend,Scarf,General,5,165.97,829.85,335.04
458,2024-04-10,afternoon,72,female,holiday,Gloves,General,1,857.54,857.54,335.04
458,2024-04-10,morning,48,male,daily_needs,T-Shirt,General,5,445.56,2227.8,335.04
459,2024-04-20,morning,21,male,weekend,Socks,General,2,93.56,187.12,367.33
459,2024-04-20,evening,39,male,daily_needs,Jeans,General,4,537.26,2149.04,367.33
459,2024-04-20,evening,59,female,daily_needs,Dress,General,5,91.7,458.5,367.33
459,2024-04-20,evening,38,male,weekend,Scarf,General,2,865.64,1731.28,367.33
460,2024-05-06,evening,78,female,holiday,Scarf,General,2,69.29,138.58,247.34
460,2024-05-06,evening,35,female,daily_needs,Gloves,General,4,451.84,1807.36,247.34
461,2024-05-16,afternoon,28,male,holiday,Hat,General,2,731.5,1463.0,405.19
461,2024-05-16,afternoon,60,male,holiday,Jacket,General,3,39.07,117.21,405.19
461,2024-05-16,morning,65,female,holiday,Polo Shirt,General,4,924.37,3697.48,405.19
462,2024-03-07,evening,62,male,weekend,T-Shirt,General,4,937.84,3751.36,369.85
462,2024-03-07,afternoon,22,male,daily_needs,Shoes,General,4,247.47,989.88,369.85
463,2024-03-17,afternoon,63,male,daily_needs,Sweater,General,4,126.54,506.16,317.87
463,2024-03-17,morning,47,male,daily_needs,Belt,General,2,684.47,1368.94,317.87
463,2024-03-17,morning,56,male,daily_needs,Scarf,General,1,234.49,234.49,317.87
464,2024-04-24,evening,80,female,daily_needs,Hat,General,4,555.19,2220.76,490.57
464,2024-04-24,afternoon,25,male,daily_needs,Hat,General,1,893.57,893.57,490.57
465,2024-05-09,afternoon,34,male,holiday,Jacket,General,5,336.56,1682.8,156.34
465,2024-05-09,afternoon,36,male,daily_needs,Scarf,General,3,299.07,897.21,156.34
465,2024-05-09,morning,33,female,daily_needs,Polo Shirt,General,3,835.36,2506.08,156.34
466,2024-04-20,evening,24,male,weekend,Skirt,General,4,673.93,2695.72,168.13
466,2024-04-20,morning,22,male,daily_needs,Polo Shirt,General,1,880.62,880.62,168.13
466,2024-04-20,evening,52,male,daily_needs,Polo Shirt,General,2,275.88,551.76,168.13
466,2024-04-20,afternoon,28,female,holiday,Belt,General,4,788.71,3154.84,168.13
467,2024-05-27,morning,66,female,daily_needs,Belt,General,5,258.17,1290.85,145.99
467,2024-05-27,evening,29,female,weekend,T-Shirt,General,3,244.33,732.99,145.99
467,2024-05-27,afternoon,79,male,weekend,Shorts,General,5,553.71,2768.55,145.99
467,2024-05-27,evening,45,female,holiday,Gloves,General,1,464.5,464.5,145.99
468,2024-05-29,afternoon,73,female,daily_needs,Gloves,General,4,527.91,2111.64,423.04
469,2024-03-02,morning,42,male,daily_needs,Polo Shirt,General,2,196.84,393.68,351.67
469,2024-03-02,afternoon,61,male,daily_needs,Scarf,General,3,34.54,103.62,351.67
469,2024-03-02,afternoon,52,female,daily_needs,Polo Shirt,General,3,416.84,1250.52,351.67
470,2024-03-20,evening,59,male,daily_needs,Underwear,General,2,340.84,681.68,259.17
471,2024-04-28,evening,55,female,daily_needs,Scarf,General,5,616.78,3083.9,215.52
472,2024-05-09,morning,26,male,weekend,Shorts,General,1,952.37,952.37,376.72
473,2024-03-30,evening,56,female,holiday,Dress,General,2,312.17,624.34,342.24
473,2024-03-30,evening,57,male,holiday,Jeans,General,3,359.84,1079.52,342.24
473,2024-03-30,evening,52,female,daily_needs,Skirt,General,4,109.83,439.32,342.24
473,2024-03-30,morning,33,female,weekend,Scarf,General,4,212.07,848.28,342.24
474,2024-05-24,morning,77,female,weekend,Scarf,General,1,964.25,964.25,125.39
474,2024-05-24,evening,60,female,weekend,Underwear,General,5,502.62,2513.1,125.39
475,2024-05-09,evening,54,female,holiday,Hat,General,2,840.3,1680.6,151.8
475,2024-05-09,evening,54,male,weekend,Skirt,General,1,794.72,794.72,151.8
476,2024-05-08,evening,51,male,weekend,Polo Shirt,General,2,688.69,1377.38,416.96
476,2024-05-08,afternoon,21,female,daily_needs,Polo Shirt,General,3,760.46,2281.38,416.96
476,2024-05-08,afternoon,42,female,holiday,Hat,General,5,57.55,287.75,416.96
477,2024-05-26,morning,35,male,holiday,Sweater,General,3,282.96,848.88,173.02
478,2024-05-07,afternoon,55,female,daily_needs,Jacket,General,3,829.94,2489.82,344.55
478,2024-05-07,morning,58,male,holiday,Jacket,General,5,744.57,3722.85,344.55
478,2024-05-07,afternoon,68,female,daily_needs,Belt,General,2,555.26,1110.52,344.55
478,2024-05-07,evening,77,male,weekend,Scarf,General,2,275.51,551.02,344.55
479,2024-05-27,morning,52,female,holiday,Gloves,General,4,194.34,777.36,478.01
479,2024-05-27,afternoon,28,male,weekend,Underwear,General,2,870.97,1741.94,478.01
479,2024-05-27,morning,39,female,daily_needs,Shoes,General,5,124.09,620.45,478.01
480,2024-04-20,afternoon,19,female,holiday,Dress,General,4,950.59,3802.36,323.47
480,2024-04-20,morning,57,female,weekend,Shorts,General,3,828.36,2485.08,323.47
480,2024-04-20,morning,18,male,weekend,Polo Shirt,General,5,137.58,687.9,323.47
481,2024-05-26,morning,76,female,holiday,Hat,General,2,65.95,131.9,308.62
482,2024-04-12,afternoon,68,male,daily_needs,Belt,General,3,225.98,677.94,223.03
482,2024-04-12,afternoon,36,female,daily_needs,Sweater,General,3,218.25,654.75,223.03
483,2024-03-28,afternoon,57,male,weekend,Hat,General,5,115.43,577.15,419.52
483,2024-03-28,afternoon,72,female,daily_needs,T-Shirt,General,5,280.44,1402.2,419.52
484,2024-03-20,afternoon,78,male,daily_needs,Shorts,General,3,193.78,581.34,253.17
485,2024-05-07,evening,55,female,holiday,T-Shirt,General,5,737.85,3689.25,152.65
486,2024-05-01,afternoon,41,male,daily_needs,Belt,General,5,536.25,2681.25,442.58
487,2024-04-14,morning,74,male,weekend,Socks,General,4,427.76,1711.04,482.22
487,2024-04-14,evening,50,female,weekend,Socks,General,4,293.95,1175.8,482.22
487,2024-04-14,morning,26,female,holiday,Sweater,General,5,350.54,1752.7,482.22
487,2024-04-14,evening,75,female,holiday,Polo Shirt,General,3,738.23,2214.69,482.22
488,2024-04-24,afternoon,68,female,daily_needs,Socks,General,2,318.45,636.9,345.75
488,2024-04-24,morning,79,male,holiday,Scarf,General,3,44.89,134.67,345.75
488,2024-04-24,morning,74,male,daily_needs,Jacket,General,3,385.05,1155.15,345.75
489,2024-03-30,morning,79,male,daily_needs,Polo Shirt,General,1,803.33,803.33,447.39
489,2024-03-30,morning,31,male,weekend,Sweater,General,4,53.11,212.44,447.39
490,2024-03-27,evening,65,male,holiday,Jeans,General,3,317.2,951.6,440.45
490,2024-03-27,evening,57,female,weekend,Underwear,General,5,995.2,4976.0,440.45
490,2024-03-27,afternoon,27,female,holiday,Gloves,General,2,434.61,869.22,440.45
490,2024-03-27,evening,68,female,holiday,Dress,General,4,166.71,666.84,440.45
491,2024-03-01,afternoon,72,male,weekend,Dress,General,2,950.71,1901.42,127.84
491,2024-03-01,morning,69,male,holiday,Socks,General,1,742.31,742.31,127.84
492,2024-03-25,morning,30,male,holiday,T-Shirt,General,3,631.59,1894.77,123.59
493,2024-03-02,evening,33,female,weekend,Hat,General,2,219.88,439.76,321.1
494,2024-04-14,evening,28,female,weekend,Socks,General,1,671.85,671.85,170.78
495,2024-03-24,afternoon,47,female,weekend,Skirt,General,3,570.8,1712.4,206.25
495,2024-03-24,morning,42,male,holiday,T-Shirt,General,3,159.6,478.8,206.25
495,2024-03-24,morning,50,female,weekend,Gloves,General,5,256.27,1281.35,206.25
496,2024-03-14,morning,53,male,holiday,Hat,General,1,652.51,652.51,170.22
496,2024-03-14,afternoon,61,male,daily_needs,Hat,General,2,927.28,1854.56,170.22
496,2024-03-14,evening,55,male,daily_needs,Sweater,General,2,189.09,378.18,170.22
496,2024-03-14,evening,79,male,holiday,Scarf,General,2,956.24,1912.48,170.22
497,2024-04-24,evening,72,male,holiday,Dress,General,2,562.07,1124.14,157.55
497,2024-04-24,morning,38,female,holiday,Shoes,General,5,858.59,4292.95,157.55
497,2024-04-24,evening,31,female,holiday,Dress,General,3,429.52,1288.56,157.55
498,2024-05-02,evening,65,female,daily_needs,Jacket,General,4,304.05,1216.2,476.76
498,2024-05-02,evening,39,female,weekend,Underwear,General,4,618.99,2475.96,476.76
498,2024-05-02,evening,25,male,weekend,Underwear,General,5,450.02,2250.1,476.76
498,2024-05-02,morning,54,male,weekend,Jeans,General,2,74.33,148.66,476.76
499,2024-04-01,evening,76,female,holiday,Jeans,General,2,500.52,1001.04,458.15
499,2024-04-01,afternoon,26,male,daily_needs,Jacket,General,1,816.07,816.07,458.15
499,2024-04-01,morning,26,female,weekend,Skirt,General,1,557.02,557.02,458.15
499,2024-04-01,morning,20,male,weekend,Shorts,General,5,499.17,2495.85,458.15
500,2024-05-27,evening,50,female,weekend,Polo Shirt,General,2,699.45,1398.9,388.82
500,2024-05-27,afternoon,60,female,daily_needs,Shoes,General,5,406.46,2032.3,388.82
500,2024-05-27,morning,69,male,daily_needs,T-Shirt,General,3,978.43,2935.29,388.82
500,2024-05-27,morning,77,female,holiday,Jeans,General,5,858.08,4290.4,388.82
